-0.134696761909612,-0.330592927505802,-0.934111930452774
-0.0670969909765317,-0.308330702342558,-0.948909991408479
-0.0886797108436907,-0.338563650932684,-0.936755337936118
-0.121726587792274,-0.265066708343142,-0.956515696657709
-0.0953668786257409,-0.26278901029979,-0.960128686440958
-0.147280021871212,-0.302823808580465,-0.941597757067442
-0.112104264064704,-0.403673145195448,-0.908009155144664
-0.0746615454371334,-0.371878062961452,-0.925274207962687
-0.157439781829616,-0.363406321559139,-0.918231213011352
-0.144145965462422,-0.394610945344204,-0.907471290154934
-0.0483259567400726,-0.380736081452552,-0.923420076771841
-0.0953545081892747,-0.440663156656616,-0.892593692635909
-0.0594642697763104,-0.447328151980188,-0.892390903733313
-0.0357982871370255,-0.426892388999745,-0.903593587212827
-0.0295567598110555,-0.305934095802425,-0.951593782543278
-0.0783662240023911,-0.240423093024637,-0.967499597558611
-0.0297247312702665,-0.240292091862318,-0.970245407584773
-0.0130008586674662,-0.260777344357779,-0.965311428681756
-0.0056743915845277,-0.331488679755726,-0.943442132021859
-0.0112939406249112,-0.360771626394128,-0.932585803287878
0.0418771584175209,-0.318578079028077,-0.946971124779238
0.030767551119945,-0.258956892115977,-0.965398718573686
0.0500522251796959,-0.279527019412742,-0.958832321197398
0.0670069329034705,-0.342418557623505,-0.937155057788149
0.051826564016004,-0.388993012142907,-0.919781737025847
0.0300180065778362,-0.393687398186558,-0.918754130216671
0.105892370422748,-0.335648155206386,-0.936016624741677
0.0969968907461055,-0.270445429825358,-0.957836558433727
0.12170208756484,-0.301049823377997,-0.945810554882127
0.132469127722473,-0.36867169260438,-0.920072341325761
0.0788649577287089,-0.406858352468732,-0.910080545594113
0.126486326948034,-0.389771882194523,-0.912183692545385
0.187316971685072,-0.334818272219734,-0.923476624883665
0.158126845037524,-0.294881143613599,-0.942359279690933
0.182989432592626,-0.348895108715407,-0.91912298996048
-0.229979767342637,-0.236694838144083,-0.943972912857659
-0.199673748988395,-0.251753859031308,-0.946969053574489
-0.158150995268545,-0.226242799728044,-0.961146429149474
-0.173549437066037,-0.181738612962499,-0.9679109821944
-0.222922038592975,-0.181077571980383,-0.957870908648572
-0.238243626909743,-0.201469909967022,-0.950078864944785
-0.155203637232687,-0.203229315051863,-0.966752127741799
-0.190275848959528,-0.292086815867086,-0.937272848907594
-0.254217412387376,-0.304099883181366,-0.918094095552382
-0.214851123095112,-0.315885699866711,-0.924151080464924
-0.265715772469776,-0.265580980178341,-0.926748008483591
-0.102191490010974,-0.186518248667316,-0.977122224843655
-0.0931252287183116,-0.191560571029518,-0.977052833475758
-0.0400973162910189,-0.171347345255384,-0.984394378539511
-0.0163079613406844,-0.193288438630788,-0.981006437230961
0.0215285422701114,-0.187613834547838,-0.982006909830058
0.0457920199849569,-0.210275859014611,-0.976569072836819
0.0840634320619375,-0.204999387667255,-0.975145420153332
0.108767367699022,-0.236397767901396,-0.965549457591409
0.176408770749647,-0.263817810641178,-0.948303805956242
0.219584470529805,-0.261630560727879,-0.939857494514653
0.233847419536033,-0.310010285394921,-0.921525369876325
0.156268194670597,-0.226676686161903,-0.961352136984701
0.167515599715972,-0.201831421572692,-0.964988394291737
0.198045512062777,-0.1904761050105,-0.961507581130706
0.241277461864535,-0.234706919962351,-0.941646349813981
0.241347267564546,-0.22822211908349,-0.94322116218847
-0.235305117437039,-0.134671082649893,-0.962546207309471
-0.199309882411937,-0.110547098933257,-0.973681112937075
-0.164057772229856,-0.132492998697535,-0.977512482102971
-0.288521527511923,-0.189800634753953,-0.938472720546092
-0.264092699190374,-0.123319611819285,-0.956581057503797
-0.29494412736919,-0.146628072567073,-0.944197103398275
-0.299094479359985,-0.251856704358493,-0.92038616508836
-0.307621889974829,-0.209491440154424,-0.928160605342814
-0.132649123050035,-0.121141382935745,-0.983732166544569
-0.11204550205682,-0.132178802847651,-0.984872869738322
-0.0673965187827938,-0.114444571590032,-0.991140832217871
-0.0393817133956363,-0.136241826476353,-0.98989254233397
0.00596314938448742,-0.114677533997676,-0.99338487206401
0.0355509474847206,-0.138114620506132,-0.989777996186713
0.0673809328366022,-0.131285565915154,-0.989052025968506
0.100864966371787,-0.167614595405379,-0.980679155466205
0.132952599235794,-0.160005961840263,-0.978121515217827
0.150208629441587,-0.126917555247723,-0.980474018937382
0.19049143861555,-0.122541496088355,-0.974010571580517
0.212940472927303,-0.154630435056395,-0.964751669365628
0.27496795819443,-0.18903264469028,-0.942687265856384
0.307314199332131,-0.191553804701731,-0.932129348745732
0.296451434458144,-0.264632287966401,-0.917652602662564
0.322522550093338,-0.233407976175033,-0.917333048210499
0.255655368485008,-0.148573109734072,-0.955283394406467
0.270064362489983,-0.122949526056579,-0.954960027517038
0.331642928740557,-0.162068610634186,-0.929379757291652
0.312594751594406,-0.118279587595672,-0.942493745567486
-0.337122946051024,-0.0911847264894659,-0.937034398995533
-0.332365373223109,-0.130669314851948,-0.934055024523923
-0.27221205555802,-0.0812645949382443,-0.958799594502626
-0.30198664399629,-0.0655062947920598,-0.951058879455144
-0.359368545668032,-0.153021033831582,-0.920564398393484
-0.396482873872217,-0.138854481923684,-0.90748044804047
-0.403862650413988,-0.096348642958025,-0.909731772887336
-0.372246751952501,-0.0716209863791621,-0.925366300429667
-0.351709171930444,-0.197197356051684,-0.915103196992682
-0.233288035363148,-0.0550252795760146,-0.970849582151625
-0.201303977079577,-0.0738375999557398,-0.976741888957733
-0.164961160221754,-0.0517121879439589,-0.984943483270153
-0.13335074058083,-0.0682782010066251,-0.988714148403796
-0.0989266774484106,-0.0518285603186019,-0.993744088195909
-0.065283689180433,-0.0711798539680838,-0.995324805435931
-0.0366068117476635,-0.0570092290218158,-0.997702304868546
0.00621688575128542,-0.0792329897298319,-0.996836738724064
0.0361010272164715,-0.0561506610324882,-0.997769421810235
0.0633076708015474,-0.0590098085799064,-0.99624795172138
0.0856896783182414,-0.0928251503968102,-0.991988291505261
0.127005875361684,-0.0904146712687918,-0.987772592676558
0.146658068432843,-0.0541656894171366,-0.987703138120718
0.186873075433647,-0.0528007858383839,-0.980964082264391
0.207576988315394,-0.0858335671494267,-0.974445684824103
0.250437571941773,-0.082783168949304,-0.964586942425938
0.328227509288427,-0.0924632381952175,-0.940062365871951
0.387270603729424,-0.128614016494917,-0.912951211318597
0.369279600265649,-0.0896501778658165,-0.924984011989542
0.364423347561012,-0.162495817438675,-0.916946417773341
0.266898838776399,-0.0534610220179124,-0.962240577498481
0.309597458845019,-0.0509485778070145,-0.949501793519185
0.385674791077313,-0.0604461745023242,-0.920652603056933
0.422945851190405,-0.129004171249732,-0.896925153377356
0.442735225632956,-0.0958763792804923,-0.891511772148747
0.430676455305711,-0.0603526200852183,-0.900486175404241
-0.307307435730951,-0.0274864819922698,-0.951213242786367
-0.262859018243943,-0.00121013579871659,-0.964833494494868
-0.238181165897536,-0.015942320241743,-0.971089890091026
-0.332080522281366,-0.0102417782420479,-0.943195437170778
-0.375024251432591,-0.0343144130402054,-0.926379690998853
-0.19604654541825,0.00858723505464305,-0.980556990400704
-0.167949170972721,-0.00906178777924168,-0.985754005810689
-0.124880771186408,0.0130652299070461,-0.992085728531241
-0.0982356203086341,-0.00572412979511135,-0.99514672146406
-0.0533077978323398,0.0113844299794193,-0.998513231481842
-0.0295297184750233,-0.00789240675926619,-0.999532743656921
0.0142239934599828,0.00125496295958506,-0.999898046341736
0.0239680445095469,0.014804134188295,-0.999603106464422
0.0718263211928231,0.0163531646151564,-0.997283085984604
0.0938311645206518,-0.0158876675462632,-0.995461347609558
0.124108892822002,-0.01778691327367,-0.992109171633189
0.15079419154221,0.0199940223859964,-0.988362965142846
0.183384631699576,0.0206793442543264,-0.982823708290364
0.205995304972157,-0.0156819610840345,-0.978427314840498
0.247092506345025,-0.0139863513719586,-0.968890951182554
0.264771361251832,0.0167988020377362,-0.964164885541342
0.30909400606734,0.0162072266601088,-0.950893380572833
0.325755235050932,-0.0229143678917953,-0.94517641664455
0.370397554747867,-0.0223353196890239,-0.92860475172766
-0.335026335667405,0.0273699411518193,-0.941811149185768
-0.292406122240027,0.0524452362945724,-0.954855044950047
-0.270295508655998,0.0417688966005754,-0.961870935872982
-0.361395167119391,0.046700775093602,-0.931242487641325
-0.401787295361696,-0.0134440409071242,-0.915634330423461
-0.388867166594151,0.0402475636405568,-0.920414287354361
-0.231286315530235,0.0665715667650808,-0.970605412485883
-0.198965282648132,0.0477624024204485,-0.978841953134302
-0.16013635143912,0.0725487801546782,-0.984425224913419
-0.126047254769061,0.0517199730324069,-0.99067509000414
-0.087960319824987,0.074975900680451,-0.993298342117534
-0.0517379564727008,0.0535333915919151,-0.997224829135685
-0.0145897522428448,0.0745195253507017,-0.997112821836626
0.0110498830605087,0.0623246784634695,-0.99799475676918
0.0581841220898522,0.0903205402750291,-0.994211651481243
0.0908332318179699,0.059286686236561,-0.994099800237678
0.121638620428258,0.0638134030845928,-0.990521022294365
0.140544695554311,0.0936571944314385,-0.985634576545881
0.189331125022783,0.0892340694701685,-0.97785019606451
0.205099065372423,0.0571945168462,-0.977068657068728
0.247721508284331,0.0538686928136223,-0.967332527245873
0.269151456128233,0.0879186481838167,-0.959076537595192
0.309213297890527,0.0841530758477518,-0.947262052566779
0.326384681260145,0.0458530542093836,-0.944124217070182
0.369363300936384,0.045033463068811,-0.928193266041835
0.385677421128104,0.00550737955271695,-0.922617253037487
-0.347456809981439,0.10233577450325,-0.932095035098
-0.302823920850503,0.0977875223675534,-0.948016494281584
-0.414369118556407,0.0614652795059003,-0.908030975794355
-0.408917165753834,0.106280219182698,-0.906361553996157
-0.358973553351122,0.11796707220203,-0.925862710055087
-0.279004008001483,0.125037202947309,-0.952114731215845
-0.233212919233412,0.104111820241494,-0.966836316647566
-0.201551669708048,0.130236417712373,-0.970780819721602
-0.161667308738534,0.109141299956858,-0.980791444665463
-0.127759318344637,0.133576304269454,-0.982769010253085
-0.0889999554235094,0.11572193646538,-0.989286329307808
-0.0575695927611351,0.13701577742457,-0.988894543784148
-0.0192770113187638,0.12013852088252,-0.992569963596913
0.0145190688909727,0.143555706789673,-0.9895357273422
0.0588392057210868,0.118296154788332,-0.991233558568517
0.0894658686998067,0.141671686948752,-0.985862562153003
0.127526891437605,0.130514999631543,-0.983210418390407
0.157918983863132,0.162993144593423,-0.973906992146161
0.198093064961198,0.15195721920582,-0.968332660373238
0.210488416475878,0.128959215899489,-0.969053222049267
0.252375888801515,0.122679780984256,-0.959820859373925
0.276617479110435,0.159197893688688,-0.947701852322593
0.330409118606694,0.116586515758023,-0.936609523059077
0.309211408764329,0.157609504245072,-0.937841963691965
0.367138061308607,0.114457590628014,-0.923097559246143
0.385458395929342,0.0730478244829068,-0.919829245211248
-0.280859530559353,0.146989203174715,-0.948426116386533
-0.353084503770826,0.152948703204808,-0.923004890228041
-0.31654508434699,0.173376117027104,-0.932598483603936
-0.239356532684184,0.18483828550583,-0.953175355573501
-0.203258005388485,0.161834620510008,-0.965658189448977
-0.241793633270265,0.204534378107041,-0.948525975966041
-0.311806533962234,0.20982815421503,-0.926687018942842
-0.275996414269017,0.228269789969211,-0.933658868269379
-0.16456810419471,0.189521887585479,-0.967986979875141
-0.13139172230034,0.176323028409283,-0.975523656793381
-0.0994997096859614,0.198034381849697,-0.975131884094566
-0.0594356855134814,0.179514466201162,-0.981958225034066
-0.026375077194279,0.20170665113405,-0.979090793640346
0.0143106104533832,0.180203477719077,-0.983525247793061
0.0485529534893195,0.202779186929396,-0.978020046857792
0.0814033157216016,0.18836592467122,-0.978719458584678
0.121520131757212,0.213272980810273,-0.969405742315369
0.145656237922174,0.201273184313656,-0.968645118518955
0.1932124721032,0.230948401601309,-0.953588892773805
0.224716212240098,0.200191921686221,-0.953638201021772
0.250022327604304,0.200267587414337,-0.947302343040788
0.331064903727993,0.18921701385021,-0.924441967453439
0.371431620490922,0.181741651308838,-0.910499051882551
0.386749424354827,0.144043700670631,-0.910865684422418
0.273950784544127,0.234098374764743,-0.932817730631319
0.316878842564989,0.224265377193515,-0.921570854425705
-0.219789381954271,0.281294688886202,-0.934112373103244
-0.20017386758029,0.242687221439667,-0.949227757331107
-0.270630425233187,0.266246311286901,-0.925133544232519
-0.17369256557338,0.236131325604348,-0.956071592367889
-0.291773634002596,0.288046989575389,-0.912083920644079
-0.284525234959029,0.322628331404783,-0.902749328687912
-0.245512813657363,0.339565924187264,-0.90797491235215
-0.21077099136633,0.303811827012922,-0.929125375267259
-0.143153329371365,0.258127217934304,-0.955446211804406
-0.0998050539678828,0.238482445283456,-0.966004696931693
-0.0684808459679331,0.260127277580188,-0.9631428622973
-0.0268856469000293,0.239493158267127,-0.970525728218476
0.0060336564658376,0.261660762415345,-0.965141046895153
0.0436276291964816,0.244713927206322,-0.968613299414144
0.0791890103000052,0.268880327035099,-0.959912741024518
0.113235944915523,0.253107957345612,-0.960788209080139
0.151027298448575,0.280355813420043,-0.947940595715212
0.192357526757948,0.254310200915305,-0.947800033556648
0.226599310110858,0.280452520259296,-0.932737442444278
0.260951604969933,0.267769642984526,-0.927471658952205
0.294015495998412,0.301584838332187,-0.906973799732361
0.34118400155491,0.258144347561553,-0.903855615076324
0.329115763085461,0.28825499759319,-0.899217365741579
-0.141737870263308,0.296565719139089,-0.944435890023636
-0.178182324509432,0.317825744034214,-0.931256063422684
-0.105445809758104,0.317373894615872,-0.942419753730158
-0.068548939392653,0.297390704444019,-0.952291873229228
-0.104220563238365,0.356533984955076,-0.928451178991298
-0.168964883364436,0.362266070987786,-0.916631966495122
-0.140531837949555,0.375310214872529,-0.916183958130056
-0.0329355535869632,0.318971596566867,-0.947191833734595
0.00299854906799423,0.301711780161782,-0.953394467371767
0.0385800622799069,0.32377100003361,-0.945348569751769
0.0733280559689033,0.307882955938849,-0.948594266085442
0.148088912407724,0.311560038199562,-0.938616011273505
0.109245737584705,0.331771066198294,-0.937012982008905
0.182096678899772,0.335617601001981,-0.924230288094557
0.215713087098549,0.322114002296264,-0.921797392911857
0.105266487914126,0.367937717600554,-0.923872719853292
0.138872118862436,0.389806663765252,-0.910365475777098
0.173005125795225,0.375716845785183,-0.910442792404779
0.250701473071052,0.347766758735657,-0.903441781698467
0.280593992964056,0.33586124156902,-0.89914639382261
-0.133721921807568,0.41849911192838,-0.898318952790849
-0.105144576699096,0.432457385973591,-0.895502779061939
-0.0694231893546194,0.375449311542735,-0.924239273804094
-0.0698734640404387,0.416632296221067,-0.906385805696752
-0.034963026708171,0.359154128190099,-0.932623128046594
0.00043368069658252,0.379210017228596,-0.925310528825076
0.0339716863699303,0.364881393257493,-0.930434034942646
0.0680350070077259,0.385006465658376,-0.920402770108122
-0.124690398447442,-0.468423602064192,-0.87466086774488
-0.105724000976547,-0.504933450166291,-0.856659002474542
-0.0457764631062657,-0.487143831503263,-0.872121208808616
-0.0773477861394585,-0.511519673160482,-0.855783234206606
-0.14414355753163,-0.535360967659637,-0.832232701309353
-0.1578682571992,-0.462043454402523,-0.87269322193579
-0.160222148056749,-0.53020174994088,-0.832595320447881
-0.184258027578292,-0.485731748902104,-0.854466879042986
-0.0599202467065695,-0.551025005148111,-0.832334672914776
-0.128568521515876,-0.561601259326665,-0.817358037091412
-0.0817216560166703,-0.570288454968946,-0.817369346787011
-0.0083895016066096,-0.495602605796507,-0.868508879281326
0.00565841548838963,-0.432005248369738,-0.901853340469037
0.0210393726230454,-0.45806268684276,-0.888670872551824
0.00255697620231888,-0.515516363443399,-0.856875919194135
-0.0224792432789926,-0.554608440625398,-0.831807766980249
0.0688989133819796,-0.510616107104986,-0.857043832542847
0.0507779829181743,-0.524627899539269,-0.849815958590903
0.060993149675764,-0.463541077279094,-0.883973701739801
0.0533753381252685,-0.567126620141025,-0.821899306489202
-0.00484173956897808,-0.574978565263727,-0.818154146261701
0.112763058218011,-0.514506538176737,-0.850039713704431
0.0792863461124394,-0.449817530984119,-0.889594213189075
0.127232114944501,-0.458092389021231,-0.879751869590267
0.137495468724992,-0.480302241939688,-0.866259056211134
0.127512663141828,-0.541565538059564,-0.830931578846739
0.0618023978968481,-0.573381001843241,-0.816954521585774
0.112533664069026,-0.566305590923104,-0.816476669685321
0.183038887215578,-0.484777403688347,-0.855270503782323
0.194904087389148,-0.507607830005223,-0.839253649164776
0.17616447033924,-0.538169397036377,-0.824220710418997
-0.292023452864708,-0.395510547867253,-0.870800614091836
-0.260862323918129,-0.437486575077763,-0.860555834671267
-0.21145010240025,-0.415086000529673,-0.88486861530919
-0.238355362431896,-0.440941683816489,-0.865307548027312
-0.269308353046629,-0.367996432172847,-0.889972829297258
-0.224865622791584,-0.377455452761758,-0.898311100269261
-0.293571657997422,-0.469783444217358,-0.832537805243655
-0.310299610407222,-0.395072726969855,-0.864656979492867
-0.316074483819366,-0.463368946209462,-0.82788051092356
-0.336208371120829,-0.434058771526647,-0.835797172793171
-0.214372406973129,-0.481967620363304,-0.849559700109346
-0.27141121622999,-0.502263824830093,-0.821015835396372
-0.237754774610447,-0.506224001909254,-0.828981258558307
-0.174366157081405,-0.424303574567429,-0.888573530932564
-0.203889868464566,-0.353436259728269,-0.912968636836334
0.151440026689557,-0.421180634201286,-0.894244257286603
0.185990649164022,-0.418784420040611,-0.888834679766038
0.20646213408128,-0.448301803714532,-0.869711952301968
0.207335275864037,-0.384285518247186,-0.899631437783205
0.246169986249664,-0.445733930538144,-0.860651846588884
0.245463969108277,-0.379978421436449,-0.891831732510273
0.265515539075469,-0.414572755718842,-0.870419972613881
0.262477303598158,-0.474040435083302,-0.840470898367025
0.243111113348927,-0.506885668095178,-0.82702110374884
0.305758866834206,-0.408786131129048,-0.859886861365381
0.326068509053956,-0.437012233770485,-0.838271814472049
0.307949756977304,-0.469670174315559,-0.827391608934978
-0.346938578119372,-0.339703603168894,-0.874205402068975
-0.345920363596902,-0.361720014209191,-0.865735371444121
-0.318828334343141,-0.318378852689692,-0.892739267300354
-0.282167018738935,-0.330854847041293,-0.900509213570447
-0.38474392428571,-0.386308500454013,-0.838294611221022
-0.387598559216396,-0.312588163227492,-0.867211621868294
-0.409191190102164,-0.373503255398158,-0.832500983873144
-0.421652792419233,-0.340352326025854,-0.840457742431976
-0.369806349394059,-0.425169777651975,-0.826119800101177
0.263750363193115,-0.351177494919944,-0.898393072645405
0.249553493492895,-0.315255962453845,-0.915607302298748
0.310524280461186,-0.349039607427334,-0.884164025331858
0.324522314628427,-0.370548227266159,-0.87027540386829
0.366494883972552,-0.367071617447359,-0.854950248661596
0.361829533017064,-0.429454917281614,-0.82743450680963
0.381859656286688,-0.393803194068205,-0.836123344514607
0.296234217945173,-0.278983281922237,-0.913462433013153
0.326814206103871,-0.307484141581179,-0.893669948786901
0.362467758357355,-0.297170525729601,-0.883349762432179
0.385278661545421,-0.331332019308586,-0.861266187620682
-0.434783160535379,-0.223951112407021,-0.872243946706726
-0.42855292543503,-0.262614762132254,-0.86450903801597
-0.392207336430897,-0.282671162865454,-0.875368733125689
-0.372405577698643,-0.217470722220078,-0.902230885458937
-0.414766484171134,-0.203778985269685,-0.886816152745751
-0.364129310059814,-0.259894716969884,-0.894351486635153
-0.458854926422471,-0.28532470427434,-0.841452297892512
-0.483950199662529,-0.273131597912526,-0.831379176109403
-0.497499307919684,-0.237228357041057,-0.834396275899549
-0.478453000399496,-0.207499371911381,-0.853244828326021
-0.446450403523198,-0.32706498831441,-0.832892868628894
-0.328389974611114,-0.274228588247661,-0.903857680148046
0.375382779206949,-0.269432043619025,-0.886845050133417
0.359678676829763,-0.234837371153048,-0.903040784540719
0.424096757910728,-0.259991600439946,-0.867494269508614
0.438920267401763,-0.293116657488084,-0.849371311010078
0.42422578597516,-0.323564936844761,-0.845776692844159
0.382535871914765,-0.199624045716159,-0.902117812189918
0.41838656639653,-0.198729560339994,-0.886261385205287
0.435055262310927,-0.234613588506225,-0.869300513530162
0.482174053220111,-0.222544654952298,-0.847338219929593
0.484317041465094,-0.285071463260575,-0.827146458724798
0.497157799161614,-0.257933161914389,-0.828435034699539
-0.421850528310393,-0.162064194757051,-0.892063522705637
-0.462883766199219,-0.144883892421167,-0.874498300001846
-0.485606626550272,-0.182288278220896,-0.854960342866104
0.438967812981738,-0.164564520542015,-0.883303898861998
0.474497126839198,-0.164115108662147,-0.864822934322488
0.490334085704645,-0.201812357187911,-0.847846835744788
-0.512566452374346,-0.0723510900796479,-0.855593917500974
-0.506322799171088,-0.104998589358304,-0.855927870367778
-0.468842664246162,-0.125724075731124,-0.874288289389784
-0.444838025992848,-0.0652448608403886,-0.893231346720828
-0.492213200344576,-0.0478259089586333,-0.869159851718216
-0.439423276296038,-0.0798502973414835,-0.894724043637888
-0.538273357988431,-0.141040614943989,-0.830884671308889
-0.561117184621338,-0.127206881246385,-0.81790336500481
-0.568520806714361,-0.0725820509900428,-0.819460760626725
-0.552926917960283,-0.0570178027613723,-0.83127660472505
-0.531318318894557,-0.162545501460378,-0.831432380871743
0.487298839874323,-0.100222143307715,-0.867464905715468
0.494380572134038,-0.13128663470422,-0.859273919914053
0.539711576347048,-0.14153009185834,-0.829867849392634
0.535898994249764,-0.186436755321523,-0.823440103606373
0.444790824407981,-0.0342455999360753,-0.894979531278502
0.489863553079566,-0.0326801200285748,-0.871186380242013
0.502025266431998,-0.0751044823331062,-0.861585717498472
0.545288886894811,-0.0742225986957601,-0.834955708808477
0.554621616468831,-0.125649720799415,-0.822561250125806
-0.495282939877585,-0.0091924720395461,-0.868683088314731
-0.456931989676953,0.0115248099054468,-0.889426970339052
-0.426395792768834,-0.0189892969540786,-0.904337345524461
-0.515582550311395,0.00687764704713829,-0.856812308376515
-0.555072678622933,-0.0107955260503325,-0.831731794548975
0.430203349911037,0.006284119590286,-0.902710134852987
0.443610332444253,0.0310554176445416,-0.89568154719388
0.488311516331327,0.0322467235735832,-0.872073398193621
0.501678373355138,-0.0111530898224743,-0.86498232253333
0.545871639343931,-0.00967681954845354,-0.837812934086957
0.557791047421582,-0.0547632243974692,-0.828172769819152
-0.515819087357027,0.05449542496824,-0.854962524193719
-0.474630308896082,0.0693407670409044,-0.877449672575806
-0.452459574769525,0.0468062003626249,-0.890555732566466
-0.53213667781212,0.0690937501276299,-0.84383446825807
-0.572604751339341,0.0047201305788237,-0.819817979255719
-0.568735209667957,0.0572530570090126,-0.820525653923793
0.427795297579485,0.073176418119325,-0.900908649753184
0.441420194682486,0.0972947400237058,-0.892010058962451
0.4849943239517,0.0971102447870104,-0.869108799916351
0.499497294403442,0.0531444489227853,-0.864683826859468
0.543350174822479,0.0545394949840234,-0.837732672758601
0.557433129768592,0.0121115772908267,-0.830133492597378
-0.527693309891117,0.117212053183889,-0.8413091615361
-0.491746324150828,0.133367035377793,-0.860464285463776
-0.469488868379966,0.111210594279483,-0.875906619559016
-0.586266032016888,0.0733631610987081,-0.806789926992634
-0.579084363943497,0.124364050862838,-0.805726307308593
-0.553165410798482,0.13828777784958,-0.821513553627432
-0.427451832708475,0.126528912578215,-0.89513985778533
0.425696799229814,0.13875689726182,-0.894163720236828
0.445915501102588,0.168199437888689,-0.87912929365956
0.496409681448368,0.117890785299547,-0.860046039991922
0.481746917609152,0.160601544667283,-0.861467962970512
0.539991141668218,0.117970609055442,-0.833362167559185
0.553856344834103,0.0770241785734874,-0.829041871802678
-0.485855297924783,0.171593044541347,-0.857030020794751
-0.545926164555135,0.17769281037121,-0.818773404548842
-0.513820124359846,0.196536034803448,-0.835082311408026
-0.421624667398372,0.16414906673842,-0.891789057866331
-0.385835464891005,0.18289413931089,-0.90425700320101
-0.451155264717003,0.190036272721658,-0.871977718848475
-0.378565037217618,0.216405353901785,-0.899920682837697
-0.342837280349047,0.233717388933935,-0.909856461928349
0.381366238922695,0.245637704182489,-0.891191287038823
0.393990101643361,0.214253398086007,-0.893793757650865
0.431932362384054,0.203855680031056,-0.878565476242042
0.503389074965537,0.188773363754946,-0.843186845451223
0.535405140593337,0.178614460960034,-0.825492707273774
0.549136802385354,0.137628231591525,-0.824322292634973
0.456168085524834,0.237766584337182,-0.857541677775044
0.490987667332689,0.224642106193316,-0.841704838201751
-0.444142064778929,0.227351363000358,-0.866630938771395
-0.408968054104747,0.244636874103586,-0.87914613719825
-0.507347507606827,0.232721861084316,-0.829722267929813
-0.47134272988028,0.250938836444899,-0.845497327821139
-0.400329973403788,0.277857758018185,-0.873230198002583
-0.33569734559221,0.272025267098571,-0.901836762514312
-0.360211746354404,0.295335320311714,-0.884886742111491
0.359092788532199,0.322870165716129,-0.875675296736529
0.406505415369859,0.281068872166118,-0.86934092068316
0.395808702300023,0.307765073810685,-0.86522605747046
0.44503934746389,0.265849811915811,-0.855139670880285
0.470545935815557,0.302991894847869,-0.828723376009124
0.516284041934071,0.25564998944061,-0.817370094231025
0.509664987794643,0.282133413781693,-0.812799075444956
-0.463264525110139,0.290423934543853,-0.837281265775453
-0.427959942887291,0.307302095954001,-0.849950415675047
-0.352848603777855,0.329636939357658,-0.875692497982559
-0.313026425342147,0.347770677165295,-0.883781654675808
-0.418863989082544,0.334805823546147,-0.844072283142531
-0.380233090735463,0.35434672288276,-0.854319142178147
-0.305054845032794,0.382425309201422,-0.872176830926054
-0.234449687799408,0.372119700739738,-0.898087007038922
-0.269487546925162,0.398034750488016,-0.876894976297733
-0.207825372654908,0.383309177859893,-0.899934824667443
0.208211303357773,0.399431017228586,-0.892806202728114
0.237478564792224,0.387546860748466,-0.89073641555077
0.274246077267429,0.413056241054669,-0.868431707636942
0.315450791491975,0.3663991869314,-0.875352748303846
0.300372667882318,0.402648785250677,-0.864667691153898
0.346576439695589,0.353676014299742,-0.868791141965074
0.423032611627055,0.342948179810699,-0.838707312156346
0.462968405732733,0.323356015316684,-0.825288520853046
0.377594915783561,0.384525321344365,-0.842355243836838
0.413162867595595,0.368953806694354,-0.832568035277557
-0.372662389480713,0.387113541885811,-0.84336578609471
-0.333039780874557,0.40433929629322,-0.851818195290598
-0.258549533314315,0.436784610915804,-0.861609739087297
-0.233673693285668,0.448344658163318,-0.862776722311545
-0.193949284899151,0.429428050019714,-0.882029038492143
-0.324053909248539,0.442047453637951,-0.836410851575315
-0.295808880683439,0.456530680945629,-0.83909286939178
-0.174204151270828,0.437409444088974,-0.882227800458467
-0.158556014495966,0.484541383040593,-0.860278814331879
-0.139904772928005,0.490751957743171,-0.859993703746259
-0.101635517330993,0.473788995708975,-0.874753799169768
-0.0359561516295116,0.434432243763728,-0.899986544754091
-0.00399244141498806,0.422570620016144,-0.906321207691136
0.0282349983640697,0.440231183876065,-0.897440410061002
0.0646463100026113,0.425611125407558,-0.90259405301185
0.0955056190651134,0.443204455527047,-0.89131839840091
0.131365654130422,0.428986571891786,-0.893707774415899
0.16534181293903,0.450939509057424,-0.877106404072552
0.196468529803293,0.43813569763185,-0.877175710594853
0.234114929282484,0.46245817835987,-0.855174036763938
0.258036539655459,0.452622593912629,-0.853551364407813
0.335356556713859,0.429687875348957,-0.838393886933298
0.363646316534387,0.418886317670861,-0.832043033345703
0.298266656716149,0.477174692058081,-0.82664461212219
0.316240174146352,0.47007442320928,-0.824028026768718
-0.285580908779171,0.496154221040487,-0.819923492458028
-0.258995248271566,0.509176843313205,-0.820768178967941
-0.221959797534892,0.491637210443725,-0.842037232897324
-0.195941774617676,0.502503984357204,-0.842078717617783
-0.0704868300473641,0.489076429549656,-0.869388206067252
-0.0408183474448958,0.480781803739177,-0.875889673249532
-0.185191794445458,0.543327488685632,-0.818840179344318
-0.140662619395778,0.554585526444034,-0.820151767274516
-0.122221295381662,0.537830527949532,-0.834146436880693
-0.0129823116671051,0.495339955873384,-0.86860220336995
0.0252989474110542,0.482808171544441,-0.875360630111845
0.053103882096345,0.498370880942515,-0.865336028797414
0.0909594384024359,0.485289042540201,-0.869609639870631
0.156019994239359,0.486971903069138,-0.859369610248566
0.118781795210104,0.50083340973665,-0.85735452458025
0.188989505146222,0.510294148092976,-0.838977263915209
0.219402138765359,0.498930038555965,-0.838410113328632
0.1145183455131,0.542016512236679,-0.832528467383385
0.139532410451422,0.554823083413676,-0.820184157701767
0.177030603605619,0.542795459742518,-0.820995282733061
0.255718811856929,0.524321085964113,-0.812216281587542
0.276890510215995,0.517538186655412,-0.809620819091107
-0.0777682250763418,0.538657641701873,-0.838927915976487
-0.0640994524616583,0.549241316264734,-0.833201798306927
-0.0136197317077889,0.540094353320804,-0.841494261667416
0.00542457128832007,0.552036453117798,-0.833802331764225
0.0493752569731009,0.539637503498502,-0.840448361778845
0.075725566470608,0.555170459776235,-0.828282197789225
-0.185280465409351,-0.594284565682165,-0.782621878131231
-0.150407713181409,-0.596020115499893,-0.788756959864718
-0.210594841040464,-0.551130461144928,-0.807406358487051
-0.210989394204063,-0.552345159077982,-0.806472752655985
-0.185683575345625,-0.649871581791199,-0.737013254308951
-0.200931989184389,-0.611430683024437,-0.765361911502444
-0.230433444810462,-0.662082250441858,-0.713125179167465
-0.250505103742376,-0.606327276022761,-0.754728048604158
-0.26049938876532,-0.638931354015446,-0.723814059899974
-0.124777619327533,-0.620636859443976,-0.774106216493881
-0.128646850190401,-0.647510404720593,-0.75111934052763
-0.167201117745281,-0.658023736136586,-0.734199256949758
-0.0716808002705576,-0.608836242239303,-0.790050816725416
-0.0592914772665892,-0.615661538510719,-0.785776934455422
-0.0562362637052577,-0.656899894672836,-0.751877656951774
-0.095108193180756,-0.668032679194414,-0.738028977153489
-0.0125509679273119,-0.606528362936523,-0.794962777844114
0.0113627552144775,-0.624957614318732,-0.780575984833619
0.00474218038535377,-0.658408439320037,-0.752645892008549
-0.02743979548791,-0.669454240810986,-0.742346332303035
0.0583477803370138,-0.615563784171483,-0.785924146560104
0.0756767172037662,-0.626600692727232,-0.775657531612382
0.0714305321847012,-0.663369330258736,-0.744875030286212
0.043846203427595,-0.675735436421016,-0.735839065563854
0.133683616306564,-0.598898410025581,-0.789588111106057
0.121926974437606,-0.616703853991091,-0.777695421985386
0.143856782351364,-0.650563973941078,-0.745702180485953
0.112650550390588,-0.67550663314872,-0.728697908648555
0.177621643167531,-0.590514970406972,-0.787237334990992
0.193536849179063,-0.567186743186192,-0.800526505722128
0.20004579164174,-0.623622949777838,-0.755695770635788
0.171488106085156,-0.650235685636832,-0.740125247911274
0.236328642827635,-0.561357714290864,-0.793111775971953
0.25589088186455,-0.587892375901658,-0.767399772566611
0.228973795575273,-0.621315111060687,-0.749358748335868
-0.349039448686779,-0.497118904296766,-0.79438294181787
-0.329695058648344,-0.526959573525551,-0.783335672730812
-0.28988547106928,-0.530897974215524,-0.796312598567168
-0.343151962517133,-0.554015741229997,-0.758494092982943
-0.374039828522449,-0.48748655881301,-0.788955677877754
-0.378070576129361,-0.553472325463696,-0.742112541607418
-0.405923342319221,-0.504481717114193,-0.762052778525155
-0.407953312800393,-0.520616910527468,-0.7500214177262
-0.264315248714381,-0.565415333597077,-0.781308485702262
-0.268969267550374,-0.583874222562796,-0.765993750196506
-0.31579419232991,-0.586052568521321,-0.746201323384154
0.255557853268738,-0.530081385632065,-0.808519578142091
0.302676861863927,-0.527420176634204,-0.793860614069845
0.31419347375804,-0.550212866986705,-0.773659008898704
0.287885911169013,-0.584664595517818,-0.758478089926383
0.321606279099046,-0.495580012643203,-0.806827027505047
0.354895228476085,-0.550312018485336,-0.755781753627
0.369182782802099,-0.490179369961642,-0.789574732464575
0.379191558864263,-0.514652268892904,-0.768990769651676
0.363525381402566,-0.56826620800468,-0.738188874148141
0.336543945538468,-0.606983037330947,-0.719937334157563
0.308760584865899,-0.611643934962291,-0.728394534615076
0.423172664300208,-0.513779283887605,-0.746294676141404
0.425917525421114,-0.549511139250956,-0.718771013173369
0.404233268201923,-0.569381509360241,-0.715821319658367
-0.44332249882306,-0.402052570888433,-0.801136001112969
-0.429544998145,-0.43403873260521,-0.791897388028951
-0.389737256895147,-0.44488019880784,-0.8063414160866
-0.447340927424518,-0.460840681080208,-0.766493288498016
-0.473674122695041,-0.385764329010302,-0.791718831374065
-0.467590099289477,-0.461758642829828,-0.753749596894361
-0.496625462841623,-0.39933350200358,-0.770646419465439
-0.498042948011212,-0.431472009968088,-0.752186896024119
0.386127130798649,-0.460893946373321,-0.799051067865897
0.415165136045873,-0.451061392461174,-0.790051599607898
0.448172598043134,-0.480207188493912,-0.754017492159194
0.447657487414997,-0.486308583092873,-0.750404381631327
0.422474662181338,-0.389573582280348,-0.818381074930268
0.435420643942441,-0.412961156591569,-0.799919962230787
0.475872761801783,-0.409179505147229,-0.778535321705196
0.485196267316434,-0.438074786540159,-0.756752973948562
-0.516690442080593,-0.302480129200604,-0.800959898185513
-0.51301061968281,-0.323194255742508,-0.795214170615505
-0.479937283507342,-0.34800041365957,-0.805329693971582
-0.5449271630744,-0.351577911752122,-0.76121439746743
-0.550065546899349,-0.272552382463444,-0.789394130284626
-0.578017018712419,-0.320873259703965,-0.750291061712559
-0.570338806433195,-0.275210086815102,-0.773933494553365
-0.542303303306253,-0.366009021053041,-0.756270139388645
0.440737511673916,-0.35358966292112,-0.825060480255123
0.482053468235613,-0.346709156225408,-0.804622405076743
0.494456342738924,-0.37975851455399,-0.781854459441778
0.497277642671791,-0.318817074275075,-0.806889471519779
0.538204463156669,-0.311719916046345,-0.783049583218267
0.551479719866747,-0.343448007570756,-0.760206277711104
0.532839099434562,-0.374346956239807,-0.758911622303781
-0.536177057783974,-0.227885357315605,-0.812762220226346
-0.549083754118258,-0.204850635181035,-0.810273563822322
-0.586622251407159,-0.197362999494242,-0.785443938537075
-0.595491386367895,-0.250181077032046,-0.763413018920117
0.538754231726923,-0.249218836100055,-0.804757012724504
0.555115798082863,-0.276328695878438,-0.784531008025143
0.586942510277365,-0.269004131267418,-0.763632939958961
0.58595352100895,-0.337448053594947,-0.736740987282638
0.604578262030185,-0.30663461440686,-0.7351600766691
-0.594412649341109,-0.14215666779525,-0.791495473205397
-0.597137149662042,-0.18228342895492,-0.781152978629621
-0.638949484759439,-0.184573709895102,-0.746777143156649
-0.618726274043799,-0.114612091858661,-0.777201303529311
-0.655365761960693,-0.157455185772482,-0.738717525528557
-0.646548582116433,-0.118813025484211,-0.753563796860305
-0.622940839223001,-0.252004866093887,-0.740566174148634
-0.644560610578862,-0.22377988675102,-0.731070572226721
0.552924638005831,-0.205812424209065,-0.807412899777622
0.584279017419071,-0.197239809404033,-0.787219465835332
0.604841272981546,-0.235903206898932,-0.760602860547383
0.583318720676191,-0.128148793859374,-0.802070543494199
0.599580632135592,-0.165875601973133,-0.78293572548322
0.635658915089507,-0.158644337942053,-0.755493029554978
0.633461525619293,-0.228276952858027,-0.739334922990881
0.648571201707872,-0.19824477956551,-0.734883938925208
-0.606496893259103,-0.0648276266087279,-0.792438576354871
-0.615134587429878,-0.0493647364894208,-0.786875188412243
-0.666146112744312,-0.0884989326487246,-0.740552020722163
-0.656774452225093,-0.0491789726779166,-0.752481725725465
0.59655874298497,-0.0549863009988356,-0.800683566005109
0.610342762252244,-0.0873005390032299,-0.787312090886484
0.633945605777814,-0.0917793959805391,-0.767912437318506
0.644862906730068,-0.13929725901183,-0.751497242280661
-0.607239311263999,-0.00570016784392621,-0.794498538036525
-0.626497398548381,0.0193358216603854,-0.779183634076608
-0.669794576264931,-0.0214953348509721,-0.742235256630758
-0.661010093724201,0.0097380535761834,-0.750313818550125
0.596485174220575,0.0132303877205473,-0.802515042709988
0.612036285604643,-0.0162661497119168,-0.790662378943644
0.646469855149295,-0.0146190348178382,-0.762799456085441
0.656634373523083,-0.0668512163362563,-0.751240450443339
0.658472354217419,-0.032174563015986,-0.751916854596371
-0.618544764973005,0.0633624801148833,-0.783190634416794
-0.635815540385342,0.083763429882593,-0.767282403303242
-0.678668199698351,0.0466369711182331,-0.732962800995464
-0.668134744997365,0.0748946876974381,-0.740261270283681
0.597154294968269,0.0773193576008197,-0.798391172885289
0.609443846899685,0.0557654364478055,-0.790865610311828
0.645846501873763,0.0540753300750696,-0.761549837301996
0.656549338903676,0.0374362766841088,-0.753353496556017
-0.627086496088023,0.13214519344805,-0.767658891873613
-0.608976023717553,0.143733901338647,-0.78005690058042
-0.684662467867931,0.115115292313264,-0.719712285964764
-0.657766651676035,0.149862167988185,-0.738162829292277
0.592919527857891,0.13898299175675,-0.793177257293172
0.604562961974647,0.121184074842274,-0.78728523739053
0.646060318499236,0.122264844343742,-0.753430403354063
0.655868494261279,0.108280067520561,-0.747068902587429
-0.600338355861477,0.189735887846276,-0.776913219957496
-0.576573746897572,0.205935006623126,-0.790666483060733
-0.659717193959289,0.180714731686417,-0.729462411468876
-0.633079578324925,0.210197404328876,-0.745001542764401
-0.568989883324354,0.234946292741461,-0.788067733257479
-0.530744722071837,0.255410428824269,-0.808130900807964
0.555098125603454,0.232158031354425,-0.798729440692635
0.559241385793692,0.207573249619691,-0.802597295321802
0.596436930835712,0.181386975145854,-0.781896254488224
0.617228005006396,0.194563945058712,-0.762347992139426
0.647852981110474,0.170549808940508,-0.742427961176456
-0.630845383644367,0.245852015273163,-0.735928589280724
-0.591184791777195,0.26871202016756,-0.760456699746161
-0.523984804881199,0.293870294134455,-0.799424902338513
-0.48852073099482,0.310669342611186,-0.81537234129557
-0.543295294216537,0.311103267288749,-0.779772390101388
-0.584305429097774,0.289678679351187,-0.758072178790528
0.533934585101339,0.310313404819664,-0.786523648482287
0.577955253071753,0.258886019318838,-0.773915857472899
0.572620400033126,0.288252730818244,-0.767473934828883
0.616201669552766,0.234050243664908,-0.752007969293399
0.636583279557124,0.251233859574255,-0.729138722049323
0.673620041853558,0.184685266430202,-0.715630764833944
0.664172360577185,0.23405444669614,-0.709995486906145
-0.538365885586925,0.350058964867868,-0.766564344560744
-0.509135156878642,0.37085285628602,-0.776691412991454
-0.478566242112981,0.354261989178231,-0.803413215558061
-0.602030856070122,0.326419469149853,-0.728703765942927
-0.566722969852557,0.364075002359376,-0.739103827684932
-0.448739425028304,0.370440920505363,-0.813268991687502
0.439358314097884,0.399665682106983,-0.80450706297647
0.48784222835652,0.361047728732132,-0.794766945594439
0.479680655087365,0.380078053855876,-0.790852161982305
0.52576910891898,0.341209868378031,-0.779193602276089
0.593159901420564,0.311245409867613,-0.742487458603234
0.629403843721705,0.290225455215843,-0.720846715087958
0.54899694743145,0.365160900921132,-0.751837660768212
0.585491873279567,0.345282972798436,-0.733470473174659
-0.567623963598831,0.392284420048776,-0.7238203988113
-0.503040081609255,0.410094832015972,-0.76077125671804
-0.540562262905568,0.420456644863396,-0.728703403115854
-0.440922570783079,0.387742604972938,-0.809470789382076
-0.395283539168279,0.407742342856005,-0.823102123375281
-0.479717470166163,0.429307707067618,-0.765222870456523
-0.457588186752575,0.427882604180762,-0.779441805642974
-0.388127008668142,0.443090718356272,-0.808101503803107
-0.358761673482228,0.460496198182975,-0.811931840180725
0.355502782048168,0.493056380924071,-0.794048598755813
0.392011653410571,0.443605323255848,-0.805941176990843
0.375425698798429,0.484287802825174,-0.790266327712675
0.428212605885864,0.430006397754815,-0.794813476263686
0.502279363430641,0.419592762206227,-0.756080256967379
0.538506608724648,0.401381863489331,-0.740880038887343
0.447982317805609,0.452058557689169,-0.771333198658986
0.493535493086313,0.436004020606862,-0.752544491095843
-0.421159872585701,0.459398791060736,-0.782033958658785
-0.350807793621646,0.496033281080258,-0.794282617205656
-0.321997389520187,0.512726369108444,-0.795882749884087
-0.420276943794299,0.486478733062865,-0.765967187804069
-0.386225011981631,0.512472070901556,-0.766943685459147
-0.314032892494774,0.548907987869896,-0.77465047814094
-0.281319976679788,0.565635976170971,-0.775187082698104
-0.248886781668272,0.547081365247471,-0.799222966205159
-0.211560919118621,0.561956737059119,-0.799654052184789
0.206848880973745,0.567264183322522,-0.797135425608059
0.233381029803399,0.562051618483726,-0.793493083200936
0.260926369851959,0.586015244146407,-0.767139858920071
0.313070000207217,0.541745263999282,-0.780063615293395
0.293318562186122,0.577900547215717,-0.761574145178814
0.335552284707178,0.533139048715562,-0.776638538164608
0.410754489893405,0.502644265579463,-0.760676995387984
0.435267170278257,0.489993384483127,-0.755280725055744
0.371963146159049,0.555146992589476,-0.743945720142486
0.395137194891864,0.544320880299923,-0.739987416435243
-0.382596337626663,0.540364493594516,-0.749417277954683
-0.346918095940829,0.563524267446223,-0.749725439549698
-0.34237786306159,0.595312995359872,-0.726897404343307
-0.272777719437461,0.596179262894961,-0.755091121833993
-0.309162637857804,0.614902436979683,-0.725474642113183
-0.203227744677172,0.592726770714715,-0.779341683134898
-0.167505529953666,0.608841068505847,-0.775405990907731
-0.131548840046755,0.587684600155619,-0.798324315940761
-0.238774272072607,0.613410155426543,-0.752804641468012
-0.0964158877814588,0.601722625736103,-0.79286433786655
-0.0652179813556066,0.58805462304365,-0.806187555860849
-0.0259966463018283,0.60494272076621,-0.795844506780711
0.00448361840750327,0.590766901508995,-0.806829824217869
0.0437787540873681,0.605665424451155,-0.794514200197177
0.0708099582498934,0.591522633115326,-0.803173035108226
0.119199470957503,0.608585855297901,-0.784483742887495
0.134641029387443,0.599137930469036,-0.789243646460819
0.182512128289822,0.603466536588071,-0.776219983152661
0.19441576756002,0.624108422235346,-0.756763626649006
0.240942243771235,0.619943872908265,-0.746737189116749
0.318968549795134,0.600830525663339,-0.73298140745363
0.353936398738602,0.590105625364439,-0.725606213149525
0.257869746314704,0.641613455964531,-0.722381732230849
0.300652298053628,0.63285827767175,-0.713511454748569
-0.230679137845168,0.640061533521675,-0.732876775910448
-0.194579853412776,0.656688736949115,-0.728627877184258
-0.159898351953274,0.638194805116079,-0.753086919130506
-0.12416909738936,0.652864135995946,-0.747228516040293
-0.0929528286059191,0.640022514919023,-0.762712889658283
-0.0569646283585473,0.653230789376226,-0.755012958118525
-0.0266730658247,0.640486173895696,-0.767506357372995
0.0102541165797844,0.654456282537583,-0.756030308479928
0.0428904430742842,0.640909039438077,-0.766417649235358
0.0733937134391332,0.652835133562431,-0.753936105524956
0.113099671084654,0.636567484089554,-0.762882889177912
0.145066945223916,0.657869198373821,-0.73902888930974
0.175543794398473,0.651806805403472,-0.737788766977315
0.202058394262228,0.67799088909663,-0.70675367675742
0.24096495018671,0.668567488422486,-0.703529250426708
-0.230300665074665,-0.687656411062109,-0.688542129423717
-0.199413897798117,-0.707075843175396,-0.678437800658811
-0.159077433682215,-0.696763755204554,-0.699438803274689
-0.197998514652975,-0.733166357023401,-0.650587181801371
-0.235159345052108,-0.743460908275049,-0.626071849152718
-0.268692611830665,-0.695531936456808,-0.66636296844607
-0.2709300790166,-0.719784646683039,-0.639145487884747
-0.13233286982627,-0.708372397875065,-0.693322837855695
-0.129268145678249,-0.744366726888202,-0.655139620550193
-0.162297901852337,-0.751442098858289,-0.639526514788697
-0.0978237142472655,-0.699121929278796,-0.708278934412399
-0.0632457684910646,-0.715646208198153,-0.69559361516591
-0.0629283702514062,-0.743373837570179,-0.66590942164358
-0.100213265101369,-0.755815655031815,-0.647070318517665
-0.0279968161088385,-0.703029170591616,-0.710609712560301
0.00894048369940331,-0.717703973115942,-0.696290941148031
0.00793499227301369,-0.744278332390325,-0.667822431363236
-0.0273128957803082,-0.758145804471758,-0.651512812526327
0.0397382513012143,-0.704006320287889,-0.709081076026027
0.0829700581975056,-0.720174579572626,-0.688813867732128
0.0844928578892652,-0.737277128722631,-0.670286052688117
0.0464137214921051,-0.759125392686635,-0.649287613185109
0.116333488874942,-0.696263251210994,-0.708296551155856
0.159174711430767,-0.70690931271088,-0.689160819289346
0.162705881267017,-0.728145981474486,-0.665830478322884
0.122139282806305,-0.750656619968915,-0.649304731610979
0.19104391504097,-0.681239156759301,-0.706693309593133
0.222765272500831,-0.68037558650848,-0.698186719045036
0.237247696446674,-0.69593170146328,-0.677785067281045
0.194473029714472,-0.737497365681908,-0.64674405782034
0.226660460280284,-0.724244124706577,-0.651226138582853
0.249766027183088,-0.64518862520015,-0.722044714389294
-0.388948278079565,-0.583582816430085,-0.712846640832704
-0.35629622246926,-0.614343940216806,-0.704013156818127
-0.324882966136247,-0.613736561080621,-0.719568267718531
-0.367981203622921,-0.644126500153198,-0.670589953384793
-0.394570554083541,-0.642468424476465,-0.65692343648323
-0.427711414293169,-0.612268862693849,-0.66497352267509
-0.419661592853982,-0.583801433327332,-0.695025203807899
-0.294429145093287,-0.640680827270887,-0.709111807888662
-0.302630371522749,-0.670030354776296,-0.677845249234922
-0.33593702259731,-0.672006531925636,-0.659964800499037
0.283898198047047,-0.640798212974502,-0.713287784414064
0.303568615302891,-0.670471595990911,-0.67698887344807
0.294086903605937,-0.683858977793,-0.667719845159169
0.358064604480792,-0.626103593981058,-0.692664441574718
0.404244900601106,-0.606432852103987,-0.684708154053262
0.347246599470868,-0.654968714660423,-0.671145127354726
0.417783661595208,-0.612160773299704,-0.671353855829554
0.369185152220874,-0.66935877709007,-0.644717884746604
0.416393516052229,-0.643652705332914,-0.642127428714335
-0.47785913868499,-0.495639828643644,-0.725252924046045
-0.447200890881962,-0.528877036371783,-0.72131854516086
-0.450080237116551,-0.552990392908781,-0.70116289513044
-0.486573905878511,-0.557039422972007,-0.673017767501827
-0.509582695118765,-0.495950036422131,-0.703106704710162
-0.516679723241239,-0.520429286030863,-0.679849558235323
0.490608243690144,-0.503510268482405,-0.711182789974595
0.463847086421032,-0.55045290716231,-0.694152344529125
0.488819258967275,-0.526310272436864,-0.695739339975912
0.46442616811836,-0.586502986979545,-0.663568067820453
0.516424800752085,-0.441194918206416,-0.733929471623128
0.521962547040488,-0.469906601515793,-0.711858753783982
0.527830421979979,-0.534285232733102,-0.660253236050966
0.479335045995547,-0.591644482454983,-0.64822428222107
0.525273451480845,-0.563354444601234,-0.637745694550293
0.551212739773859,-0.473171256532593,-0.687221563618578
0.555290069591599,-0.505535352721898,-0.660368795266178
-0.562411185053226,-0.395296729583559,-0.726246620995629
-0.533346171199511,-0.438408899801708,-0.723422074754066
-0.538058976940524,-0.458322452213824,-0.707412939611952
-0.587257652532763,-0.39133584106242,-0.708508792494262
-0.571978505137889,-0.460690731753948,-0.678678597965368
-0.598719260160313,-0.426265494210813,-0.678109855376177
0.54348839677082,-0.407323300964378,-0.733967363761473
0.574421885185661,-0.405906623376698,-0.710830015488006
0.582931823333142,-0.438557412221827,-0.684001378310594
-0.603335383633633,-0.324951969538064,-0.728280600008671
-0.609332109289044,-0.360289376150477,-0.706332744549241
-0.644291350567033,-0.359266825158504,-0.675141469563999
-0.630130609951463,-0.292346809918682,-0.719353012875158
-0.664384364742075,-0.329158029123483,-0.671005519910092
-0.659296038969864,-0.295055034907832,-0.691571586586802
-0.627063070509444,-0.423038759408714,-0.654087237026687
-0.648629308762662,-0.393568794807777,-0.651447329849179
0.597499580553383,-0.373053141336991,-0.709806737765383
0.63027346493747,-0.36827654213965,-0.683467444656568
0.605519186633172,-0.43946727265373,-0.663487023901292
0.639057217706966,-0.399859278939,-0.657052836188244
0.63225984010197,-0.299151204867561,-0.714671988551754
0.648758591296957,-0.335822660911601,-0.682887568078845
-0.675881545663704,-0.227488434970079,-0.701022929857581
-0.681460635158279,-0.262513452521523,-0.683153050183416
0.65054195586172,-0.266204394880239,-0.71128783471254
0.67693955383934,-0.258977193979683,-0.688972897468547
0.692777883986708,-0.286521719441052,-0.661788567253502
0.677231723368785,-0.325349273166674,-0.659928059194987
0.682858060620691,-0.192148771683189,-0.704828857656943
0.695235287830467,-0.215198888173984,-0.685811441348108
0.720316483423177,-0.210793417596084,-0.660840600150318
0.73356087803264,-0.237771229681025,-0.63667360598344
0.723237329273647,-0.273573122368563,-0.634102130782288
-0.688792455559248,-0.159074921069785,-0.707290691760681
-0.696440705888726,-0.195159431849775,-0.690567259100289
-0.725280989062193,-0.197671184849767,-0.65946462345228
-0.705968225557915,-0.127263343372262,-0.69671579997609
-0.744467292766341,-0.162692936215634,-0.647533364782611
-0.73708371660193,-0.129931571382234,-0.66319332134637
-0.712031230836068,-0.264909045675132,-0.650257428895329
-0.73154529187647,-0.230968817858588,-0.641478675491537
0.686960003411258,-0.12772653841068,-0.715382334908285
0.696112992851912,-0.145268054521656,-0.703081711836005
0.732136883928352,-0.142516949932377,-0.666081453107392
0.738875881605228,-0.167179244031003,-0.652773721857215
-0.697594760363786,-0.0927052394023324,-0.710469766352058
-0.714718947843628,-0.0591826203151823,-0.696903324031337
-0.753511918271673,-0.0945945203953722,-0.650593318236295
-0.745155818625505,-0.0631151415214766,-0.663897043885026
0.691880745223636,-0.0916055844488376,-0.716176969251716
0.710295625600863,-0.0716032563469825,-0.700252167388854
0.733533223121542,-0.0764995666840849,-0.675334603640351
0.743554318976817,-0.110662031764402,-0.659454994261698
-0.705269813190884,-0.0255673886116036,-0.70847780433919
-0.719929744204406,0.00873114978433604,-0.693992024761973
-0.759960356708958,-0.0276343600837827,-0.649381704680347
-0.750587102816022,0.00430672672587803,-0.660757484400411
0.701399869640079,-0.0173084354956196,-0.712557815850458
0.705203502741223,-0.00789940211465894,-0.708960943330267
0.739995486997939,-0.00100223534516729,-0.67261108729116
0.754304342234609,-0.0377903609099841,-0.6554363797565
-0.709342643872269,0.03975356479125,-0.703741904159961
-0.724903188031103,0.0769560387260538,-0.684538630090324
-0.764249712421823,0.0394936094645955,-0.643710052643749
-0.74635823782807,0.0781496242854015,-0.66094025225449
0.692249745696028,0.037132851803845,-0.72070204724331
0.702880284863969,0.0613417764628181,-0.70865823329016
0.736867866972194,0.0619518263378332,-0.67319218491992
0.748595750692544,0.029385734714823,-0.662375181177811
-0.70212504948292,0.117122727699562,-0.702355096475295
-0.714522826236716,0.149475401449603,-0.683457559141879
-0.758112763214316,0.112123660610411,-0.642412113041835
-0.737634738198583,0.15237808817225,-0.657781051146715
0.688341270345261,0.105256212479435,-0.717709847552586
0.701896962960185,0.131392756250419,-0.700054709999287
0.730216173604352,0.126238298926354,-0.671452330170057
0.745394719040445,0.092736371230612,-0.660141407788963
-0.688982568362315,0.194437175460177,-0.698210000853566
-0.746694425252312,0.184327416642142,-0.63911723398071
-0.731202984401471,0.217159100053266,-0.646671571098064
-0.693127471442171,0.217071008951035,-0.68735324644986
0.687455522732456,0.175251153727457,-0.70476374579134
0.720833366543221,0.200666477369612,-0.663424617072684
0.744531377654313,0.169071368330588,-0.645823427957668
-0.642683355621499,0.257108062358302,-0.721701841952374
-0.681588280136801,0.243054455793914,-0.690189791216069
-0.638038473487521,0.308486905089654,-0.705508848801998
-0.618731051845976,0.326987536727395,-0.714318581801232
-0.69133039258333,0.282669225822304,-0.664951424589495
-0.670659397665197,0.312667345208057,-0.672647830267742
0.717754190153775,0.226848409473415,-0.658307467401123
0.688694342599904,0.253920710857646,-0.679135019762958
0.683815692068624,0.286743634817815,-0.670950212141092
0.704642722648476,0.307356475588748,-0.639539389195229
0.733216255669518,0.284787006045348,-0.617487071613406
0.740806873391486,0.249822093070771,-0.623533558158397
-0.623844816142808,0.375406636979303,-0.68548340773766
-0.599101813454756,0.400331957847099,-0.693405610477397
-0.673026930878249,0.346769214265529,-0.653288498559612
-0.649492373755393,0.375857393133866,-0.660977213268505
0.644293297524847,0.338958525770843,-0.685560547706631
0.605175421918167,0.365936836128414,-0.70700278689019
0.649946953163565,0.312653846565281,-0.692687902522725
0.599230316178832,0.396981897749291,-0.695218239858239
0.656112506839377,0.388254651750486,-0.647128042788332
0.616326539125724,0.413205955662898,-0.670374846913291
0.663413868105417,0.365461151930892,-0.652931991891003
-0.653255220991181,0.414244557283013,-0.633765779297971
-0.597084278298682,0.436611194855816,-0.672949499691559
-0.628356626087935,0.442606599376848,-0.639740063337797
-0.538732993525552,0.453161705104488,-0.710219142739613
-0.5102046026331,0.478707436405215,-0.71451413826624
-0.483438126981097,0.475218770729477,-0.735156240079191
-0.571211722325679,0.461551138446508,-0.678739799095695
0.504005334236643,0.471579319996083,-0.723596274184052
0.560843428643809,0.420645086907256,-0.713100525457557
0.551964070595693,0.457712105863079,-0.697018861235347
0.532388254103165,0.473957701390555,-0.701374966894004
0.609286408593504,0.448464651568235,-0.65394917890996
0.645128820700866,0.455978239469689,-0.613100848010531
0.66929783338395,0.415316473416147,-0.616078434240905
-0.452297261950865,0.498777826833451,-0.739356386522123
-0.567727455448706,0.494406846092615,-0.658215319531908
-0.538448974774134,0.519993703426233,-0.663083139554728
-0.511846915813478,0.516991827111613,-0.686099253367927
-0.448524868223304,0.531413517672936,-0.718627244000493
-0.414490983573734,0.555213724756399,-0.72106514572416
0.429592452564151,0.559166471556871,-0.70907205683665
0.467903073920941,0.506463332794183,-0.724266253494075
0.467273893823705,0.525419445222247,-0.711048180317747
0.589552823621318,0.467305203557363,-0.658827226887553
0.52772530204999,0.518237218613533,-0.673005342341319
0.55519359818209,0.52415133126828,-0.645775077304253
0.581809207426003,0.503370589185169,-0.638839648188575
-0.480244680950156,0.542893682370003,-0.688935044878559
-0.409382225471563,0.58322902803051,-0.701605369371227
-0.476396692121731,0.569451227495098,-0.66990409107558
-0.440318763572683,0.59780100800703,-0.669890544247046
-0.373435078593818,0.605708463273851,-0.702611912505088
-0.437229440934513,0.616229622497455,-0.655050737223261
-0.394096907515755,0.646566417867326,-0.653176465262438
-0.369159380686963,0.641788385718981,-0.672182281533098
-0.301517419606677,0.640228759727242,-0.706536892803092
-0.265825771861107,0.659840121259899,-0.702814110124554
0.320944528823537,0.654934751624214,-0.684145511227814
0.379513558686414,0.613185582596798,-0.692800765060633
0.349087682065338,0.64958647369921,-0.675407435121405
0.396951602334023,0.60935932132537,-0.686375001670614
0.428891578109373,0.576991745042289,-0.695077362874023
0.499230267471115,0.538262216619076,-0.679001418408708
0.470126434690692,0.588290137464603,-0.657948211918611
0.489401318882088,0.574979239387758,-0.655656330213891
-0.338400757728224,0.65873459778935,-0.671977422867961
-0.259089083870223,0.681487063540157,-0.684432778910173
-0.217120898685912,0.700807512262096,-0.67950522154788
-0.187091066109046,0.684314862055412,-0.704776633091835
-0.326409717544546,0.684728920984203,-0.651615685093829
-0.288238567744457,0.699740004577282,-0.653668458822061
-0.147817509531531,0.698855183069922,-0.69982241816921
-0.120646146251558,0.688127377527033,-0.715489496563308
-0.0816602339175175,0.701444436974028,-0.708030584109701
-0.0550806223554261,0.689481001119975,-0.722206393031476
-0.0115488370012212,0.701512128027867,-0.712563932986882
0.00926411811250607,0.690943560171792,-0.722849343067231
0.0573984058001262,0.700417629555797,-0.711421511636415
0.0752687235301417,0.689357928413953,-0.720500010958338
0.122358094853256,0.693383449284536,-0.71010413946277
0.135227559468255,0.709845033840139,-0.69125504344833
0.186076828691673,0.70222648363067,-0.687206940820416
0.20490712439966,0.725733199737516,-0.656752916376478
0.265008539911936,0.692736608037138,-0.670735764410207
0.239680792556287,0.721632487055399,-0.649461062193747
0.29492373040106,0.686985980860531,-0.664131203413466
0.371929131429646,0.673082848770652,-0.639240330302127
0.407186480763373,0.661112533460438,-0.630182027659517
0.422925125784408,0.638163895379753,-0.643335978019248
0.455293060796963,0.622861996830747,-0.636200567190998
-0.273690225919929,0.728656363085974,-0.627816505652901
-0.211677708351689,0.723136962713632,-0.657468996184824
-0.239321884179117,0.738104386146715,-0.630814513865953
-0.168226191667145,0.741246154938019,-0.649810808025514
-0.144355986367044,0.734843683834112,-0.662696091379079
-0.114459153049321,0.744950840583603,-0.657227013593488
-0.0785324343519282,0.733171647171443,-0.675493887861817
-0.0447371890481889,0.746241492068604,-0.664170324112189
-0.0113236934439438,0.734253022958722,-0.67878146132814
0.0220302364580551,0.74566217128649,-0.665959904944674
0.0579131311227116,0.734836823569297,-0.675766906536677
0.0788336496093662,0.742367404634048,-0.66533893034015
0.124915137557293,0.728895034916575,-0.67313314914882
0.151600941064313,0.754588218080402,-0.63844637660704
0.179236860377641,0.751866610395487,-0.634484631850424
0.259359201251413,0.743505544863444,-0.616386493592732
0.294922878621614,0.737088930759678,-0.60804638294878
0.317971099757242,0.70936695189404,-0.629041260395316
-0.234772811696961,-0.762676338425448,-0.602666184295962
-0.180548478718691,-0.786405159470073,-0.590736127210124
-0.165714910598503,-0.783406115300042,-0.599010372961794
-0.194325189079115,-0.811431989091642,-0.551194927378825
-0.256745573488333,-0.772823200970852,-0.580367134265297
-0.237129646557994,-0.806585212474842,-0.541470059874223
-0.126140905622959,-0.796906220690859,-0.590786719005118
-0.118108915444241,-0.822560723348037,-0.556277035745444
-0.135815592063015,-0.832688974003746,-0.536826971681902
-0.169449368012318,-0.831108474860774,-0.529665568726932
-0.0936679264675674,-0.784686936741517,-0.612774616689106
-0.0583578381764546,-0.794941837463371,-0.603872368778147
-0.0529954379005369,-0.826634295519333,-0.560238542973425
-0.0645667637776167,-0.83081387459119,-0.552792401179738
-0.0266400021977379,-0.783673059653664,-0.620602002781146
0.0107089516870856,-0.795990496933387,-0.605214381145643
0.0151024128169552,-0.814477757318593,-0.579998189618193
-0.0188819206216832,-0.831239465872913,-0.555593757568379
0.0482473695739543,-0.776599722656987,-0.628144141179622
0.0867647516091141,-0.78969845997497,-0.607328757915652
0.0849358232743098,-0.811939919324889,-0.577528764072758
0.0529846319506183,-0.824380493786903,-0.563550734398172
0.123103884499548,-0.773204110174527,-0.622093913834832
0.155947271751966,-0.782108548523261,-0.603313075243655
0.151110229522891,-0.812515605903363,-0.563013400104322
0.122650270861605,-0.822232281205342,-0.555779620714393
0.188912054839696,-0.769403906157978,-0.610188384619938
0.220455012456977,-0.777179728175014,-0.589399064807881
0.1812212595362,-0.817984174080166,-0.545949398796722
0.21808409380992,-0.802593153982254,-0.555232885560576
0.260909920695538,-0.737275551683119,-0.623177963484751
0.259111060731683,-0.758147553772539,-0.598392634409229
-0.382038986168936,-0.69677671680012,-0.607081889016841
-0.341709934483593,-0.696272762030058,-0.631219899504327
-0.408974484202698,-0.673292937980355,-0.615967930120489
-0.458686414585089,-0.612403552555312,-0.643870066001448
-0.46488374463291,-0.631788527360549,-0.620263138249946
-0.429898287890572,-0.66913457495819,-0.606173558202828
-0.308952807557271,-0.72508838974358,-0.615463231851864
-0.312507212184437,-0.742106197251277,-0.592973552811557
-0.357887622946589,-0.741703559512472,-0.567267378885979
-0.382016666906742,-0.724026579714705,-0.574324627777783
-0.288782645043559,-0.76518137628569,-0.575414672481667
0.302422602173937,-0.711383999860614,-0.634407892791899
0.327599464633412,-0.714698152843706,-0.617968559955679
0.328482696740733,-0.744799441427365,-0.580838109968192
0.286947687851888,-0.765495934715586,-0.575914054673409
0.364207343431343,-0.692622283905965,-0.622597287841482
0.395093633468721,-0.702200334034042,-0.592296979289076
0.350613363916401,-0.748562738380091,-0.562782458639326
0.390526597623213,-0.727956320046245,-0.563532228584636
0.437616796903634,-0.651857323066878,-0.619333165131569
0.433686501454918,-0.676794872363976,-0.594865295001837
-0.490264767969611,-0.57682909230994,-0.653382472639566
-0.496869588621293,-0.63233010404952,-0.594372990146784
-0.525163958137784,-0.578720722480917,-0.623927193223873
-0.526400505847932,-0.603935472664837,-0.59846842214117
-0.452948028421836,-0.689301884596229,-0.56542107799485
-0.497568053081739,-0.657465389297799,-0.565831507100782
0.478160555678261,-0.625711743359436,-0.61631752953778
0.501559794559008,-0.630402058860605,-0.5924787056648
0.493812940349575,-0.664732058115621,-0.560606877282716
0.462798901816396,-0.685698447365674,-0.561813862198008
0.52956849220071,-0.61167501461724,-0.587716673713845
0.539985994646803,-0.571044431871981,-0.618323040500117
0.558317967024817,-0.615275744885252,-0.556522061964459
0.556322719622989,-0.63762701136247,-0.532857228544613
0.524410353976701,-0.667802133508809,-0.528236775625396
0.578136515244381,-0.552592074535548,-0.600333381465318
0.59106177732426,-0.583050256304127,-0.557403241836624
-0.549618254499556,-0.520319505201135,-0.653595736543705
-0.576225891117589,-0.488225856462616,-0.655438201119743
-0.553463270551922,-0.54784526933777,-0.627330829000294
-0.557524917600983,-0.604337809671178,-0.569158833767745
-0.586204686678834,-0.57528353389063,-0.570449753221157
-0.584990106007897,-0.546951742255055,-0.598857551941218
0.592510040283007,-0.529100622131471,-0.607440848004083
0.587452955208133,-0.504993691386612,-0.632360970551594
0.634967932144486,-0.517173569311885,-0.573887815128846
0.605843643628772,-0.579350280391218,-0.545258408541519
0.637313412614976,-0.545643831129726,-0.544154779131019
0.613046003756894,-0.469551422350653,-0.635370804370315
0.647625198609993,-0.463770401180878,-0.604564816304996
0.649964541828123,-0.493779429295551,-0.577691933101647
-0.632909262532899,-0.456924071073812,-0.625017006707334
-0.608601598723799,-0.487711888028927,-0.625892329643123
-0.610992169547457,-0.517073968809047,-0.599435634185816
-0.641497905473562,-0.515105416435664,-0.568460066523299
-0.665364513276892,-0.485256341456869,-0.567288592823529
-0.662869740434728,-0.45325125460011,-0.595958897424497
0.656492335467712,-0.401118818513339,-0.638843883047034
0.662531709353404,-0.441494123078035,-0.60509063237569
-0.700952518931581,-0.360938454312841,-0.615133317583862
-0.680869982333216,-0.391193170855777,-0.61918007900236
-0.697232400139379,-0.328503512402342,-0.637143957465819
-0.683738838437228,-0.424382963529959,-0.593633136775601
-0.714454705299332,-0.420218530307547,-0.559437986609606
-0.733591977667661,-0.390619096470336,-0.556111078629395
-0.731140919732243,-0.358889277188991,-0.580199484842802
0.690420478244316,-0.367119711812429,-0.623331918338576
0.694122406274664,-0.353675547760053,-0.626983007763445
0.710440084219089,-0.399517884788577,-0.579362016763988
0.697209115392191,-0.427170357656462,-0.575695175378158
0.728580041483241,-0.325121282437996,-0.602882471845178
0.737428197845102,-0.380009768242434,-0.558383585954365
0.747610866320359,-0.350767340778511,-0.563950587554349
-0.716490618576165,-0.296413311172508,-0.631490571942364
-0.750955413409278,-0.325735722078812,-0.574423368634229
-0.747468816920948,-0.296079724181119,-0.59466559061344
0.735853913357588,-0.295824240606897,-0.609103469753437
-0.771289391350302,-0.165470509067206,-0.614599207141956
-0.760938531975491,-0.231670002777549,-0.606054090298907
-0.77750436903612,-0.19731349723236,-0.597121712835566
-0.789665961597846,-0.127471182086385,-0.600148953869995
-0.806249464122123,-0.196243009978486,-0.558077488022383
-0.819537313831802,-0.161351575539058,-0.549840213433337
-0.81143596631122,-0.130444277844813,-0.569698133184691
-0.765512688036081,-0.261319947155569,-0.587964462934951
0.768092384030423,-0.21964301789414,-0.601490676806229
0.769052371520404,-0.172548326173661,-0.615455542662109
0.776105892938446,-0.228528472642228,-0.587736658834573
0.769829987626669,-0.274431497941514,-0.576237054594982
0.786632115891328,-0.146495757110974,-0.599790719665463
0.801822556005911,-0.148770610940206,-0.57874683066141
0.812117020834602,-0.193821286128833,-0.550362838056945
0.806529597580196,-0.20968498279787,-0.552758732374428
-0.782114483036093,-0.0977394500613711,-0.615421754024738
-0.796817309120536,-0.0589633648150305,-0.601336426217136
-0.830808685098065,-0.0856531133378976,-0.549927697921417
-0.828481497688657,-0.0677467238243376,-0.555903579228114
0.7783528077334,-0.104382492751776,-0.619089009675069
0.786662556586599,-0.0803898501575288,-0.612127024445323
0.81414281787393,-0.0695314646068624,-0.576486641244983
0.82562182930566,-0.114339213836702,-0.552517093991833
0.826027171942965,-0.0846752754527166,-0.557233531779014
-0.790712652705943,-0.0318048320891854,-0.611360739258344
-0.801742157444312,0.000357677064214225,-0.597669963310569
-0.838764324180287,-0.0354282907725902,-0.543340818175221
-0.825319798904539,0.00527701858752929,-0.564640932461506
0.772778435008144,-0.0398317544755454,-0.633424756164269
0.792164115100201,-0.00216518665130971,-0.610304290263701
0.816094047640912,-0.0137113583088811,-0.57775644008388
-0.786146918060511,0.040560671056145,-0.616707268635156
-0.798538746614396,0.0750800609981002,-0.597242709956372
-0.833690104077045,0.0351200535915207,-0.551114681531652
-0.817152033192302,0.0752857038213535,-0.571484573238692
0.783919519268603,0.030564194394273,-0.620109681694063
0.790754527971015,0.0561517644479047,-0.609552504582439
0.817863432038711,0.064011194840592,-0.571840863762761
0.828711440039226,-0.000280176295336883,-0.559676040803388
0.830886595693263,0.0429356761570678,-0.554782833918097
-0.780974751993627,0.113818515598946,-0.614104048395176
-0.789897079454147,0.147307388363709,-0.59528408109345
-0.829364006854827,0.112515114290165,-0.54726199684427
-0.814389167434174,0.146675312328949,-0.561477191628545
0.774430785165728,0.0965128728681765,-0.625253727984348
0.781296045588312,0.12481300225435,-0.611553925354356
0.802296246977217,0.133134860134882,-0.581889887438455
0.819620889243518,0.110252093705086,-0.562197539793007
-0.773881756060191,0.182144958830102,-0.60657253614879
-0.820510547856327,0.181737843747387,-0.541972136743726
-0.807492993626596,0.212408447565081,-0.550306929492035
-0.782026138414383,0.217688105724861,-0.583992300859019
0.755836397831955,0.168835397209942,-0.632618327557284
0.772723944206832,0.203508920401279,-0.601233586359364
0.80254798378444,0.177102935581217,-0.569694026589752
-0.735708579968371,0.248995228610887,-0.629868447765035
-0.766328461476338,0.249467513318248,-0.592036019960035
-0.717534914403275,0.280239960087627,-0.637659165528396
-0.724173106198832,0.315785570189869,-0.613068337070341
-0.769271620085058,0.278215486692034,-0.57516720829375
-0.747333984524464,0.315667634363948,-0.584675859079077
0.767489919475159,0.226725867460801,-0.599628722234151
0.786075382197995,0.255226624051622,-0.562978564314387
0.813656768294731,0.229127283523039,-0.534287704662504
0.817078363623572,0.190083897567614,-0.544289499791913
-0.700401572945487,0.349479735498219,-0.622335561487194
-0.752319487983971,0.346051156309603,-0.560592530467828
-0.725668477406882,0.384681216104374,-0.570460886366837
-0.703019457981006,0.383287965475849,-0.599044219754667
0.696669826877607,0.341616244131085,-0.630832381908298
0.714853527862186,0.361872228095668,-0.59835852482944
0.742658239072033,0.343120034662986,-0.575089020718792
0.753241132301967,0.307692407903567,-0.58133740523637
0.778680592604314,0.286510184104953,-0.558183168060038
-0.678003958801696,0.413573295013626,-0.607674058604447
-0.62642626208752,0.47230803193226,-0.620092945564883
-0.598992001975261,0.502940571140773,-0.623104616794212
-0.680437722919595,0.453602248901587,-0.575542791649257
-0.660176551235603,0.477206757848509,-0.580035026065133
0.699898505859912,0.405928863813234,-0.587676644948869
0.705741567910424,0.416324428854939,-0.573238876265336
0.747821913926619,0.398679225694932,-0.530864634394134
0.758505192380026,0.366533269918175,-0.538816513458552
-0.59714932213646,0.523386767985913,-0.607847824845352
-0.559173445110571,0.560153752766987,-0.611189685403997
-0.538415976075515,0.559414182343324,-0.630209496357997
-0.65388009823079,0.50847817445086,-0.560259549891667
-0.621429027412742,0.53519928723093,-0.572178020231779
0.646259747201249,0.474684368462679,-0.597514091452716
0.609082678525022,0.512135737858275,-0.605586721064081
0.606568271116991,0.539623321762092,-0.58385066848004
0.661063670839987,0.479502230768587,-0.577124279322496
0.638794443296507,0.542122521120884,-0.545934823314141
0.656550305063205,0.524389639355801,-0.542178202307788
0.695104611915034,0.455766131032756,-0.555973751446849
-0.566638907299718,0.58953456294514,-0.57564689509044
-0.611889340367643,0.566515015533678,-0.551953052640646
-0.509478090828889,0.581574326926812,-0.634195062441341
-0.499826943565391,0.611150689324541,-0.613732728004803
-0.555346293194432,0.607775985659769,-0.567625621242118
-0.521676436701886,0.624669407995617,-0.581069553585823
-0.463001675895379,0.631810022890626,-0.621647442762388
0.547713314359889,0.563559606507249,-0.618393640965283
0.523260668857445,0.581794067243916,-0.622666793515313
0.512592566798082,0.620171186270399,-0.593832097636462
0.578153446192878,0.568027610568539,-0.58573306743524
0.536525462790284,0.626778604478685,-0.56505664206823
0.575292224830035,0.593434844258911,-0.562915572416957
-0.450808104825896,0.660629401344152,-0.600283971719178
-0.503098729576293,0.659773470605132,-0.558203041719032
-0.462706864641622,0.67414579718902,-0.575699402071863
-0.39959636953782,0.676884613996425,-0.61818278913854
-0.388142938031092,0.690908021470533,-0.609910784889286
-0.352288736429798,0.703437826772437,-0.617306949620987
-0.444651766050516,0.703881477075632,-0.553927498124063
-0.406061866522383,0.717510274808749,-0.565944136907727
0.351451163319112,0.700460503659377,-0.621157920834062
0.372065740623282,0.720938594094868,-0.584649149660686
0.408541961755871,0.709306896883209,-0.574436412075851
0.426585488659359,0.683887396587203,-0.591880773175168
0.481448415198837,0.637650199330798,-0.601339876272912
0.465851712517291,0.668379804327779,-0.579871209072727
-0.385948672606771,0.740745666972287,-0.549854052431055
-0.354500967603325,0.750153789169607,-0.558209957419954
-0.332805246294593,0.731513941287411,-0.595086566594267
-0.295423369552627,0.742059496889994,-0.60172480071669
-0.218968779791924,0.771044837562514,-0.597948603096146
-0.173546731133713,0.771691357715451,-0.611861079445397
-0.277582429973098,0.773270178300524,-0.570088787752667
-0.228456147334057,0.780486402317342,-0.58193536113817
-0.146690806798171,0.789182548264838,-0.596383025173519
-0.103850900448041,0.779202759195414,-0.618108445613215
-0.0807907081924731,0.786347304289584,-0.612479206590936
-0.043995953444024,0.772822126317681,-0.633095819883822
-0.00229645383275843,0.787908574297036,-0.615787954452672
0.0182907296353679,0.781978993740026,-0.623036357332975
0.0545760157543515,0.789378995912534,-0.611475477281388
0.0836634501738679,0.775255164860833,-0.626082946950009
0.121887310871728,0.779484621783762,-0.614448702375621
0.201268670622769,0.774040113569144,-0.60029394867149
0.234728460705373,0.769677624362979,-0.593716181596768
0.253952280781669,0.788998920392138,-0.559454147098606
0.3135485255067,0.756471435993126,-0.573967149477278
0.289181430103167,0.783148570270718,-0.550501968540002
0.350346281197646,0.748005457114611,-0.563689027192957
0.367066218254787,0.765171771646346,-0.528937190308756
0.400753948779328,0.75657901579326,-0.516705395171249
0.426791995230556,0.728216336485454,-0.536236477762214
-0.210656099078664,0.808474465101892,-0.549538940566699
-0.147777922340291,0.803248222945687,-0.577021644311011
-0.190446452249275,0.815192375415535,-0.54698403988603
-0.110905216082191,0.827034835111846,-0.55110200013907
-0.0844739669646158,0.8270519393768,-0.555742061102392
-0.0681291538287785,0.813975573927022,-0.576890096507775
-0.0146376278722154,0.815812898199867,-0.578130655631586
-9.93785653619416e-05,0.828016174070286,-0.560704205086699
0.0410950626914419,0.829348260519789,-0.55721868112545
0.0615138995904065,0.816655839688774,-0.573837328569172
0.1088473020517,0.81840605814144,-0.564237351505071
0.132633479298187,0.799017133800486,-0.586498064841235
0.174968442443603,0.798781008979124,-0.575617011426132
0.188175382328562,0.817061070856516,-0.544978194037434
0.227436251608624,0.814175309824952,-0.534220288201096
-0.105470876819902,-0.863467493829524,-0.493254276456476
-0.0700037241355559,-0.862411920359397,-0.501343353630194
-0.123075821884899,-0.873783573985663,-0.470483376858523
-0.183527727953314,-0.847579781597556,-0.497921767850466
-0.149295545325165,-0.872102689454928,-0.465991136387317
-0.0511827939859177,-0.869286224476158,-0.491652094001218
-0.0470278237559082,-0.894357628326222,-0.444873933207464
-0.0646503340848257,-0.900933601683655,-0.429114180213189
-0.0945575728942095,-0.89800082140759,-0.429713148692998
0.00188097378949038,-0.857683274628383,-0.514174933617283
-0.00261918509642819,-0.862472583788632,-0.506097008568902
0.0218768020248557,-0.886392007298449,-0.462418225128067
0.0051055692620187,-0.897887925944768,-0.440194508831168
0.0521826278526227,-0.848549870770098,-0.526535934354384
0.0726950154699659,-0.856035892193038,-0.5117792356115
0.0663041639324715,-0.882337584024061,-0.465922896694076
0.113114579906724,-0.847857521202219,-0.518018064890941
0.141292948884845,-0.858033175673016,-0.493776641853282
0.079902037416737,-0.887154426238154,-0.454502682525314
0.133782896515058,-0.875865414603027,-0.463639851719316
0.181329066915658,-0.845450329657411,-0.502328089572614
-0.353408655276531,-0.770941366038652,-0.529860106543313
-0.312008826564703,-0.789592920438479,-0.528387653280384
-0.377438370835225,-0.774373389486016,-0.507824900804588
-0.41843238564539,-0.723844152076115,-0.54860184300485
-0.414154665782356,-0.75325808481097,-0.51095809072527
-0.305558619094421,-0.797513742025482,-0.520197810046932
-0.315328446101258,-0.819519085720695,-0.47849392808988
-0.340076811969707,-0.817867745190506,-0.464155268565937
-0.373203870524607,-0.798529591674258,-0.472302193776395
-0.249016241171908,-0.813746554663056,-0.525173739258372
-0.240931126008028,-0.837686327466637,-0.490136521079548
-0.280394789573322,-0.840119401174602,-0.464303945438934
-0.220490463552056,-0.847390970732735,-0.483024324649631
0.245846316628645,-0.82964951391984,-0.501239735708075
0.24895309041654,-0.808749711484295,-0.532866083501402
0.202975585044347,-0.848472067807228,-0.488769947957965
0.284394515383551,-0.791252351256632,-0.541331207534359
0.314611423728046,-0.79466772032357,-0.519155917172819
0.308996013056415,-0.823102575136571,-0.476469951538169
0.27653818154162,-0.835940717606247,-0.474056695762866
0.346802276242151,-0.778058032345558,-0.523788010072607
0.377209302541098,-0.77970002889016,-0.499780959046203
0.328076630074671,-0.824579578580441,-0.46090589428532
0.371835702947597,-0.804293513584135,-0.463519313534994
0.409880249643188,-0.732737473383689,-0.543225529639142
0.405741413349312,-0.762274361551408,-0.504293271038485
-0.448056800395343,-0.702633172472174,-0.552767336735064
-0.481847034340102,-0.712337623986265,-0.510292607188514
-0.520004218760037,-0.661378390414404,-0.540531439570924
-0.517838451876495,-0.683673285962237,-0.514231636346649
-0.441727126631687,-0.754400400756894,-0.485548330174816
-0.476104834751273,-0.730898582948398,-0.488990232796613
0.454335308270122,-0.709983073808096,-0.538055259769014
0.473038147890036,-0.720617298431266,-0.506898036928915
0.438661247136575,-0.760145044131526,-0.479328511714946
0.49283923249415,-0.714493537477215,-0.496596894692136
0.522555101560819,-0.686528321278929,-0.505583850527978
0.506760974206435,-0.736768466144824,-0.447622097662691
0.443167621821299,-0.766834175491115,-0.46429280230057
0.490264976084143,-0.754339583177577,-0.436591395330569
0.556178674564627,-0.685932252928586,-0.469214477986186
0.542036853395126,-0.719271753139,-0.434562072318627
-0.556800463779658,-0.630738185913627,-0.540502159445403
-0.581619032131189,-0.632207375633972,-0.511891722590612
-0.614973433952255,-0.573951227561999,-0.540728826597072
-0.614239005666844,-0.601031677690094,-0.511342709276701
-0.545042702293293,-0.685958784382516,-0.482067421431158
-0.579381767277306,-0.655891481008554,-0.483862721117293
0.617299772243876,-0.609990867107971,-0.496842161287187
0.588436388452075,-0.638138312731994,-0.496509929980301
0.581513459574327,-0.666008164571283,-0.46719933760472
0.661308855106584,-0.544118401687879,-0.516338806504264
0.663881750861275,-0.563490721967976,-0.49166983548859
0.629487716373806,-0.605718562993196,-0.486672618276341
-0.641953943545511,-0.543997766189316,-0.54033467846086
-0.669853621557901,-0.541436748392364,-0.508077133097002
-0.69449125919217,-0.481155909893604,-0.534949419366105
-0.694622320892298,-0.510930313804689,-0.50640897084633
-0.639309302820997,-0.600137100596893,-0.480748453781899
-0.668478767398646,-0.568704485238103,-0.479282115259114
0.693396808659262,-0.502033135939336,-0.516878705461995
0.691700297132171,-0.48202173098623,-0.537778532301453
0.71636302056452,-0.503321210900108,-0.483209873063172
0.689596664343566,-0.560897757247714,-0.458094036678837
0.708821641489554,-0.539679784615766,-0.454221983872572
0.705299365743036,-0.45536991069983,-0.543314871057015
0.741598434326902,-0.434312413716221,-0.511277311735889
0.750422691473821,-0.452541225813161,-0.48173874980191
0.741425161724565,-0.476910840720851,-0.472064380741266
-0.715662130611891,-0.451715408028366,-0.532710901857485
-0.744331589101888,-0.446478195499487,-0.49661625668979
-0.762677888153423,-0.385807704298019,-0.519109674564178
-0.763388351624126,-0.416669013380555,-0.493583992743966
-0.721464131006538,-0.506690446390756,-0.471968536247192
-0.743739659370513,-0.476010945261196,-0.46932387438844
0.751901794123813,-0.403523441075758,-0.521356427500199
-0.777767442023581,-0.324504198901965,-0.538307375969426
-0.780423845263105,-0.355049450926269,-0.514663491168456
-0.806515291082894,-0.349203248965638,-0.477064121645421
-0.823125358640881,-0.317237231816401,-0.470983208524241
-0.798298396408951,-0.286428025552506,-0.529791144196456
-0.819811613970761,-0.287002803450092,-0.495518222077094
-0.790951217362115,-0.410221487954493,-0.453998350849196
-0.807394510250916,-0.381412516214403,-0.450153970649689
0.770281495254964,-0.330772013614649,-0.545212154190538
0.815340067900057,-0.312753913764057,-0.487242817393951
0.780737805779656,-0.288804913562173,-0.554112083001909
0.808146678841745,-0.27129950208775,-0.522776745508058
0.791110006163407,-0.347316270104741,-0.503504088035703
0.786289115068494,-0.373575554702244,-0.492128776291039
0.816294502549321,-0.251634952842866,-0.519945319832312
0.841326159158035,-0.235770684269544,-0.486397448960683
0.850871233000111,-0.258744967408044,-0.457240841016942
0.831337195665531,-0.3095214385579,-0.46160041830139
-0.794709754139793,-0.260568800199211,-0.54821556621261
-0.810637787187893,-0.222524267313366,-0.541617326569013
-0.844060027504193,-0.155465434346156,-0.513218441497557
-0.839332352944117,-0.221196784309594,-0.496581497754786
-0.852264567081538,-0.1765691957231,-0.492410831338036
0.840722378981063,-0.173559474782981,-0.512896666194543
0.8457903039552,-0.137668878798777,-0.515447418798133
0.851517850566347,-0.195249683264131,-0.486615773842284
0.866079624936022,-0.113387531029776,-0.486877141666818
0.881052367232018,-0.136605225121213,-0.452863929524576
0.872776528307659,-0.180643891553956,-0.453463246668871
-0.854701263445356,-0.105940379712066,-0.508195224506661
-0.883356965056223,-0.122455217628863,-0.452421476017802
-0.866644448052629,-0.0947487789606858,-0.489846985848655
-0.87302653889608,-0.0583567150989502,-0.484168520440963
-0.900348310138264,-0.106976289307855,-0.421816303569568
-0.895186888297795,-0.0446439094418449,-0.44344938422492
-0.905349552375723,-0.0692476519639122,-0.418983234402717
-0.874216257311083,-0.16695095546821,-0.455931260083418
0.851344446718821,-0.058732750473074,-0.52130902261796
0.868117300126283,-0.0850999794677052,-0.489009556875988
0.890033178899675,-0.0535973509790007,-0.452734209471487
0.897911003024685,-0.121056566942015,-0.423203424191508
0.90340594330372,-0.0744936546681774,-0.422265789542195
-0.861484588692055,-0.0281082901683288,-0.507005155269544
-0.867989808113562,0.00921128482828524,-0.496496571229646
-0.89883944682294,-0.00130020920927506,-0.438276121059593
-0.889447077761682,0.0176214543984639,-0.456698347058634
0.853171869210671,-0.0234732675294905,-0.521101494239901
0.866713329337792,-0.00519212139935951,-0.498779557142807
0.889304509637382,-0.0287831797140398,-0.456408827373183
-0.854701038567791,0.0412193803452162,-0.517481494698212
-0.860060851883225,0.0745493679187355,-0.504715486983328
-0.890397695276592,0.0673034653039767,-0.45018017260227
-0.881434291576787,0.0822012928514378,-0.46509841655942
0.856158553494555,0.0557270798031465,-0.513699351619919
0.868113246944722,0.0354001380909323,-0.495102232576501
0.889111256330234,0.0483996808033001,-0.455124867223284
0.903218522240406,0.00777019901637008,-0.429110621039731
-0.844912376845816,0.109772098412488,-0.523519972744949
-0.878573586098036,0.131474175214611,-0.459154652663429
-0.857285849001177,0.15023840626811,-0.492432121600886
0.841253183141098,0.120431702166387,-0.527057195158435
0.855732338709241,0.09971616654213,-0.507719263587029
0.875982073460225,0.112307082459268,-0.469086906879538
0.892571636172443,0.0806075586100906,-0.443642080731042
-0.849572009311224,0.176893520048619,-0.49692663800575
-0.814496289486051,0.24912600455099,-0.523958040562329
-0.852270632124577,0.196750499967314,-0.484689602096627
-0.831910370789923,0.245999920321398,-0.497402426787444
0.839524015872346,0.165292184508627,-0.517569242241011
0.85645215247856,0.178903908266259,-0.484234552796369
0.875850352768248,0.149121689458302,-0.458965010963622
-0.796094927186967,0.282231376616722,-0.535330100928584
-0.795691755011072,0.311907132412082,-0.519219194327282
-0.840522543762501,0.271795293608368,-0.468667442649215
-0.831644224916941,0.303682466020991,-0.464913801681248
-0.814632166504538,0.320256912979695,-0.483538977730688
0.795349398817757,0.308358127882127,-0.52185687575164
0.822382659452531,0.281541950620582,-0.494389412783628
0.82736081537827,0.244599165317542,-0.505613814588333
0.854179436381228,0.215351715862817,-0.473287575305319
-0.770688315180645,0.346599157054438,-0.534704166033118
-0.800080581797697,0.37392359534583,-0.469097226035186
-0.77293717502067,0.383882454476087,-0.505175597803854
0.787240556621258,0.341943295554313,-0.5131540593585
0.80161895479963,0.360441603968505,-0.476957966108713
0.829726741554318,0.330033375984133,-0.450146093047769
0.835833969302756,0.296512996243732,-0.46201906759155
-0.728621847716722,0.411805136993261,-0.547290354543027
-0.757335916656706,0.408396930272206,-0.509562809363071
-0.705360203404088,0.448347568055421,-0.54904593767055
-0.712408142210378,0.476196299820833,-0.515472329955066
-0.754603740664865,0.443939569239665,-0.483208912829528
0.710236835803226,0.469592344281204,-0.524448917684749
0.727460698520464,0.4607592314164,-0.50843078464299
0.751133374106515,0.412299155086684,-0.515565767888219
0.779519410161024,0.410232729267296,-0.473348283001127
0.793307617132806,0.393263068382396,-0.46476572985272
-0.704463709320234,0.494732485381321,-0.5088915897902
-0.673453282363688,0.518493008447892,-0.526901961150486
-0.760097483226863,0.448272926006241,-0.470428740408143
-0.751037796946043,0.490513077097907,-0.441971886837134
-0.718031323657682,0.516328841847933,-0.466728556360514
0.684954538918454,0.517857126489815,-0.512504903546024
0.691385325214685,0.530977646833358,-0.489948028510263
0.727373042161452,0.510062430827688,-0.459091248222992
0.741597849364358,0.47658685165873,-0.472120326446743
-0.704365935414535,0.545040129664566,-0.454752554784292
-0.671584950962625,0.566895723069386,-0.477077449484008
-0.659788967162417,0.556762722562487,-0.50467196234342
-0.622631380350284,0.577880297941885,-0.527621574098045
-0.570370382602505,0.630668404234555,-0.526246131149781
-0.607776017685767,0.611183442739423,-0.507013916620852
0.629479722135304,0.576841266317865,-0.520585663357398
0.600085440956335,0.599717540219262,-0.529373531172082
0.5877464694608,0.635121980508841,-0.501172782093055
0.650893836759234,0.582834759837796,-0.486457455481631
0.620320982677221,0.634434762523066,-0.461188042508333
0.632544762701979,0.624707992775052,-0.457850463515395
0.676208062142761,0.564359980768076,-0.473540356042216
-0.552661290835947,0.658109888333358,-0.511328536744626
-0.619611031423456,0.623186872629627,-0.477200473093298
-0.601384278989,0.656427454843513,-0.455455755823273
-0.564959449894517,0.674088317862914,-0.475842158384092
-0.517077598073401,0.673028194100539,-0.528832494762198
-0.495845664309711,0.705334413347686,-0.506596923137852
-0.545105426427387,0.702804204856632,-0.457084591421821
-0.510671974802154,0.718839730918102,-0.471681646245917
-0.460426514133999,0.71842820241782,-0.521409956802815
0.534881433887635,0.646514373794303,-0.5439862279136
0.484389865733165,0.684105138004893,-0.545313321064425
0.504050908147105,0.677859423599645,-0.535200227796323
0.522747343889097,0.699779504829819,-0.486871501606972
0.57131659395643,0.648136074157877,-0.503504695951526
0.554717026514229,0.682011530739517,-0.476601817488721
-0.49111287401113,0.745370623726937,-0.450811244608478
-0.436636033788277,0.75010641666891,-0.49667830400549
-0.449202081862941,0.761100853195781,-0.467913433141916
-0.40462646172878,0.758898412755722,-0.510245652196758
-0.34802676442181,0.794636749925782,-0.497423166844365
-0.332798184159358,0.773744162186513,-0.539041130251231
-0.27255752060616,0.810588091683314,-0.518323589644756
-0.290186730937241,0.78341724371116,-0.54958992298255
-0.310585267282453,0.81904696627262,-0.482388700931836
-0.371671134114287,0.791044081412311,-0.48591133895882
0.306198113966787,0.799587393103676,-0.516626282522338
0.340825061731443,0.792754737425217,-0.505349585520394
0.454094264330401,0.719729055189994,-0.525155678077988
0.355912356388076,0.807384364039289,-0.470592056111406
0.393359044678039,0.797265987167461,-0.457859812252478
0.416064122087667,0.774180529607129,-0.477006450573412
0.47344286028355,0.735897438840955,-0.484052494626206
0.506190015005954,0.721004106025474,-0.473206876326496
-0.248830932977705,0.819811704373827,-0.515744060717258
-0.30641035867817,0.834861083740707,-0.457296034260091
-0.233117150799814,0.84358244166081,-0.483761364853129
-0.255399102140534,0.85358675177505,-0.454049508115502
-0.170380931672092,0.842624000732422,-0.510837676284978
-0.134629831259794,0.847511266748236,-0.513419381470704
-0.191772327004681,0.853680209118215,-0.484203960284394
-0.109842122423118,0.8677335564976,-0.484740325400736
-0.0816289301802502,0.869414717664372,-0.487293306404067
-0.0556029480040733,0.852273989121818,-0.520132059807545
-0.023190887237696,0.85320483265717,-0.521060165700257
-0.00169670654944872,0.867378627560311,-0.497645895832042
0.0344455924757814,0.867869458569028,-0.495596715124399
0.0558580202499144,0.855263332870221,-0.515174255006479
0.0972930356526797,0.854617354600446,-0.51006199861313
0.119764189374453,0.839112220903425,-0.530610233291822
0.162509969954789,0.838010463791419,-0.52089247666038
0.241600644082492,0.830231131261769,-0.502339922226701
0.278117166203638,0.826102113963972,-0.49010829330579
0.175574169593188,0.855945738264172,-0.486344121090266
0.211500373534386,0.854300873008225,-0.474802706786935
0.291145515841856,0.839278477153485,-0.459179623232681
0.330771049342313,0.83228190480912,-0.444856542993679
-0.177145281289749,0.874501859969718,-0.451515277954444
-0.132341631360197,0.882665934745989,-0.450983968947801
-0.117244461736824,0.899028217289266,-0.421902833256339
-0.0698293761490265,0.904611385259693,-0.420478417858964
-0.0487954251317745,0.89128355909189,-0.450813291484071
-0.0263641300391636,0.89042386495086,-0.454367993341577
0.0118747352762819,0.903913151996209,-0.427551171569434
0.0515855532862037,0.889837463056013,-0.453352203076367
0.0787592420704341,0.891791466879483,-0.445538956085134
0.111895872836982,0.875752496630509,-0.469613541422604
0.144166591537714,0.875669364498098,-0.460889529023925
-0.27938505712544,-0.859943505076583,-0.427131312281851
-0.216281919341017,-0.874077415103837,-0.434983682189987
-0.23410096489699,-0.87678604611299,-0.42005114876149
-0.298005180165541,-0.861690282505368,-0.410710079776868
-0.34371880940164,-0.841968455821357,-0.415868367954715
-0.231554070347783,-0.89674763211741,-0.377129151348968
-0.296364327721794,-0.882021018121564,-0.366342884257098
-0.250596204527303,-0.898684318811098,-0.359955604761953
-0.174280326476447,-0.884764703090929,-0.432224233434086
-0.159771345835009,-0.901927672616689,-0.40124754256981
-0.18707543565639,-0.910014605835903,-0.369967834465779
-0.125763814818982,-0.90893877976341,-0.397509443314723
0.0168930162488608,-0.913921902624438,-0.405538385242806
-0.0471339520107693,-0.922716478746225,-0.382586840361785
-0.0133049556632359,-0.925996431996659,-0.377297741954887
0.0815120974643605,-0.90598564211918,-0.41538631927503
0.054528585581183,-0.9167142685117,-0.395804981350126
0.12809787020774,-0.908945264700802,-0.396748587176098
0.156744941172824,-0.886984705859333,-0.434383649540771
0.186728802068717,-0.882989991737888,-0.430651865163388
0.207239299230273,-0.898990841251435,-0.385833306235454
0.134133942740428,-0.915899142296754,-0.378334305271115
0.182879731079198,-0.915121834736726,-0.359314669264266
0.20860805598129,-0.868367786491884,-0.449911176081338
0.260654793703059,-0.862445437011993,-0.433874344363443
0.265600005168417,-0.865697342174726,-0.424293234692886
0.244908923376598,-0.891439377728383,-0.381255104996312
0.328937657760943,-0.849769894239708,-0.411935849557403
0.316794164961753,-0.857781668102631,-0.404786446059219
-0.436876335846177,-0.77930454567837,-0.449247695890194
-0.405980380563128,-0.798755481779286,-0.444037848527981
-0.466010583673721,-0.777680115253284,-0.421957076304826
-0.505298614477781,-0.73503976664086,-0.452094958679462
-0.499420945862968,-0.75429045647237,-0.426174408086693
-0.399359111726081,-0.821083986156493,-0.407839904323644
-0.426221288867535,-0.821544612795603,-0.378681742499714
-0.460762495646859,-0.800893022522466,-0.382450374663311
-0.359353269291719,-0.841637539545028,-0.403127126199596
0.374064227796974,-0.838034527442113,-0.397207860316898
0.393940611365587,-0.8077230373616,-0.438627734681996
0.422174814140059,-0.795832640527034,-0.4340723840301
0.444890554672416,-0.801491557420806,-0.399604401560394
0.385893211393106,-0.842218520260303,-0.3765028466443
0.436414938595595,-0.820079357041952,-0.370151117145771
0.490524179859575,-0.773965232384522,-0.400454551769691
-0.541291233580588,-0.706961615252968,-0.455202235284186
-0.567076617400141,-0.707516076806783,-0.421716861244547
-0.604988559052739,-0.655749874515256,-0.451642497434106
-0.601022409378693,-0.678026614601209,-0.423145333564077
-0.527235154830163,-0.754619982682289,-0.390604369212374
-0.561783060048332,-0.727674966874659,-0.393559317037085
0.555680457545028,-0.722567416614404,-0.411236619903596
0.504192571508553,-0.773800902525221,-0.383434497778626
0.543650490060407,-0.749540737438704,-0.377667615208033
0.606429588214554,-0.66616902668846,-0.434122082390283
0.593423060491721,-0.698719102229915,-0.399550606876852
-0.6367353743394,-0.624941545173717,-0.451681445468762
-0.661108415236769,-0.622775367210005,-0.418433394101824
-0.693306131233891,-0.566076736863439,-0.44596382855063
-0.690017219328373,-0.591641195635375,-0.416937564459577
-0.625464776245841,-0.676321181267136,-0.389080291771718
-0.656553579036439,-0.646186155751247,-0.389076920376765
0.644965325995957,-0.622566501283727,-0.443205008706206
0.634597286362338,-0.643973806647911,-0.427298514498887
0.682361092582961,-0.592016858653553,-0.428834908092809
-0.719555940724684,-0.534430316974999,-0.443422467254216
-0.743337915522223,-0.530203408959232,-0.407839537655542
-0.769496036774968,-0.470476225444338,-0.431888840651464
-0.766974421266254,-0.498551000549254,-0.403976653997025
-0.713160859024979,-0.587848701009252,-0.381884136717524
-0.739140154789926,-0.557108224573321,-0.378552846627636
0.736381061554466,-0.534121577905985,-0.415279510931057
0.696407282684043,-0.595680000794318,-0.400227726773531
0.734014531655654,-0.557488750369248,-0.387851724928567
0.761516529003811,-0.496338444970797,-0.416822173232132
-0.789364822037055,-0.439746420851034,-0.428399653453541
-0.814761409944678,-0.433221057083652,-0.385335387116578
-0.830030905059346,-0.4069553977646,-0.381360722776505
-0.83267901750279,-0.372170060774396,-0.410042802246023
-0.788843481143507,-0.493198639092064,-0.366716599917605
-0.810440089089739,-0.460670423377884,-0.361897254785192
0.783805169416072,-0.42669313265735,-0.451201093681852
0.795894598232441,-0.387807319946407,-0.464927167522405
0.793267393982339,-0.441937811255165,-0.418829097159525
0.770641830170844,-0.489276683872354,-0.408312988049369
0.824236639883976,-0.366331093165864,-0.431781763918621
0.831463584402741,-0.384231327545806,-0.401291159564391
0.815378075342298,-0.426320466225553,-0.391675189829937
-0.846028806959807,-0.310333698342543,-0.433506924359007
-0.845280484933013,-0.34822577141522,-0.405264992213349
0.836633616709078,-0.327123644491518,-0.439356703154594
-0.842854117835582,-0.241602570814267,-0.480858746227559
-0.857886122422546,-0.286785723304769,-0.426362932093502
-0.856503985088573,-0.244701381658919,-0.454447089705293
-0.879621123364028,-0.210102904538391,-0.426759239895677
-0.878959366877819,-0.276624157318524,-0.388470728582682
-0.891387131810505,-0.239858356022618,-0.384573725426957
0.869137167731563,-0.249944449314576,-0.426764989103359
0.882565586517748,-0.201845518623898,-0.424660302013306
0.87571149332216,-0.269402869805823,-0.400688749784492
0.864049266498286,-0.309844911484711,-0.396755587094633
0.899387923072149,-0.190218621449299,-0.393596544555329
0.907244520859251,-0.210729189925751,-0.364006301984052
0.897439448677701,-0.252430126118858,-0.361775437785211
-0.882787747450094,-0.190189801446202,-0.429550500381322
-0.906475600855331,-0.224971977090878,-0.357336808316451
-0.915346143571212,-0.188949305144508,-0.35558346071593
-0.907230258282734,-0.161800461782881,-0.38827035558112
0.909485560384424,-0.141910525223047,-0.390765170253375
-0.911307337125979,-0.132960462381419,-0.38966710503156
0.919157916148639,-0.0591388794022233,-0.389424341977157
0.922763944574205,-0.129634699375777,-0.362907078067658
0.930454528035605,-0.0852632620591043,-0.356348912445486
-0.924242207871414,-0.0522821878804127,-0.378210145315287
-0.926887946452122,-0.0145959787827538,-0.375054252242449
-0.916690659390182,0.0090990262024707,-0.3994939833201
0.913589551140176,0.00783931029011464,-0.406562021420676
0.923004925075806,-0.0197277793606789,-0.384282087804391
-0.919030820139723,0.0560132806376678,-0.390185678908791
-0.908869630390683,0.075936803113696,-0.410109249940031
0.905784363483028,0.0886578369381998,-0.41436032003449
0.922713735478077,0.0564229670561486,-0.381334251213648
-0.891329871513742,0.147910446063108,-0.428548200431069
-0.907781398693448,0.121025318559445,-0.401604039389238
0.892988263800429,0.162255743888167,-0.419815476477455
0.908151924109079,0.132633511538725,-0.397074847294417
-0.888827521900913,0.178593074826925,-0.422007286590345
-0.871991972141571,0.206292774918426,-0.443929376744893
-0.924220081418471,0.134334329235701,-0.357451435990441
-0.921605099849143,0.16602280027041,-0.350828262433947
-0.903448679299265,0.196710842333091,-0.380900680468045
0.864721637904144,0.228489432482067,-0.447268452033449
0.890741494857606,0.198100112081037,-0.409067152106249
-0.86778127654612,0.247785469661288,-0.430764456635783
-0.898494948977568,0.232546426256295,-0.372329137051108
-0.87492312919827,0.258936778945457,-0.409220310472561
0.860373613887341,0.267264552790812,-0.433966477216806
0.873061486741033,0.279942947704592,-0.399243768141722
0.890414236787284,0.256312539689834,-0.376120152244288
0.897762060059658,0.210390338190731,-0.386987324228364
-0.868102209355741,0.298197638004788,-0.396833369060677
-0.845159993352527,0.323536800690426,-0.425474469545894
-0.804774616948488,0.38229074826301,-0.454083251957086
-0.835112310665954,0.359756433792181,-0.416128269791063
0.81558026390091,0.40183556540575,-0.416361635492948
0.842108333071402,0.345149573873911,-0.414397547080533
0.832771006473826,0.380903910495188,-0.401751990344845
0.865619623700383,0.317330298470752,-0.387303690580494
-0.793907432212717,0.421458144564895,-0.438273911449595
-0.841428291282612,0.375766472646371,-0.388327167043624
-0.831938527787487,0.406007981636074,-0.378200746734575
-0.802277093262459,0.434781618212914,-0.409043286328598
0.767395201277271,0.455914349821773,-0.450828915092197
0.780405847147042,0.463316128380522,-0.419886745350685
0.802387553720346,0.442249322387269,-0.400736510044543
-0.791851115669504,0.466064229901486,-0.394659276109529
-0.758527869511767,0.494878822095043,-0.423946249677672
-0.748024121324366,0.53637345920349,-0.390849620927271
-0.715240708677972,0.561749219568012,-0.415774630015544
0.69266887287977,0.575308566534044,-0.435005615844224
0.723965454198418,0.549790171569631,-0.416659079311509
0.735031729234127,0.527033274330003,-0.426572719202816
0.76642893648109,0.502109320153856,-0.400590708752834
-0.655340808176478,0.602979473940445,-0.454911177203974
-0.665078472438007,0.612375425491731,-0.427395558883511
-0.699573385592858,0.59070019634463,-0.402082524127276
0.663594492051984,0.621789005889024,-0.415957668848416
0.677704051132103,0.608622606491196,-0.412669046509425
0.707893251302116,0.605005943129249,-0.364492734549273
0.733264051553387,0.56893932667008,-0.3723330139374
-0.646011248230093,0.64861167256938,-0.402457905086916
-0.611663429865167,0.666919181367312,-0.425542775863877
-0.590253294315495,0.699376407036224,-0.403080252345371
-0.560338941460153,0.716340145982539,-0.415784879399228
0.575131390487841,0.689633275543151,-0.440033895216206
0.600337677814768,0.673822636006659,-0.430764120837622
0.621385171703077,0.676860278298416,-0.394639876405474
0.647595442193244,0.65718475375582,-0.385653137782437
0.66650628031799,0.658199289971653,-0.35006152741695
0.705052489642885,0.619361547723133,-0.345387116219431
-0.54114047692417,0.741189635895614,-0.39724665873385
-0.502073567574806,0.758963120689327,-0.414604768636619
-0.42949095740482,0.788636497277722,-0.439988627886014
-0.384630626657066,0.802463495806768,-0.456192523979705
-0.483714914952688,0.780378817248058,-0.39626857387741
-0.440316029200391,0.797431926065902,-0.412582255701851
0.451906755602644,0.761927341831289,-0.463947206059697
0.522554032336705,0.738257632540817,-0.42651254528311
0.555427000158707,0.720442132940699,-0.415287828594286
0.465483713281218,0.775372905001577,-0.426757273938411
0.504608064065192,0.759662274126314,-0.410224244712104
0.574105939826314,0.728761763517708,-0.373240755934698
0.603622550707878,0.709295748853514,-0.364059551358358
-0.421203995042365,0.82180535122661,-0.383696702169382
-0.364186123171958,0.828157448138741,-0.426055992542422
-0.38050491430694,0.83613141587185,-0.395095261399581
-0.323369344697494,0.840598021634805,-0.434542555952308
-0.245754273641474,0.871710131437053,-0.42394136827744
-0.19798817626359,0.884468077115393,-0.422512606467094
-0.305659356596239,0.867203064805334,-0.393104568934791
-0.26503150601565,0.878643934515781,-0.39716890255621
0.224118336010825,0.867691873175162,-0.443713629145554
0.262866909171288,0.863923995387165,-0.429576906102982
0.341578946429682,0.843398183992627,-0.414732837612273
0.383583102178824,0.833253158092038,-0.398187365762044
0.406377997966055,0.81339376534392,-0.416230110958758
0.273019396750556,0.873583675777664,-0.402879597910775
0.315761232543669,0.867244446471079,-0.384944040202697
0.441862215346266,0.801575952758333,-0.40278254009932
-0.247790351159544,0.899765014692888,-0.359197522551224
-0.185537547806785,0.901409854198188,-0.391198278508796
-0.205369443437043,0.909340177938871,-0.361833984706331
-0.137822107262306,0.91071276363752,-0.389367858069318
-0.124212769218935,0.924499118441549,-0.36037836777998
-0.0815317677056814,0.931081430847183,-0.35558394225042
-0.0555410883489988,0.91997044309997,-0.388032951342349
-0.0134404406135291,0.924272138051678,-0.381497535218112
0.0120742425247031,0.915100982368314,-0.403043924077763
0.0619728534982108,0.922887696621627,-0.380049555786766
0.0918904822719016,0.90915027082174,-0.406204288914572
0.128308915279351,0.908973846777869,-0.396614886424703
0.159070842370887,0.892249456156887,-0.42259599512437
0.192775160084769,0.890088126454412,-0.413014363913856
0.208161956073806,0.901390033272803,-0.379690147304326
0.243873156734074,0.89676741637278,-0.369234457163261
-0.107773850797932,-0.926928694689217,-0.359427311213171
-0.0783659013208933,-0.931620714529002,-0.354882557715417
-0.140175116043033,-0.934054433802391,-0.32847108173539
-0.176794609899928,-0.925456383245421,-0.335073348120432
-0.0613668469047306,-0.947271632377538,-0.314500500148675
-0.0936216085473689,-0.95503383607184,-0.281327862770308
-0.125925093570916,-0.949348633208124,-0.287888942884272
0.00249072933116642,-0.941748933756772,-0.336307511119483
-0.0263653603475537,-0.950878360570642,-0.30843996364322
-0.0116114899550017,-0.963721553011172,-0.266656973587342
-0.0790267678246252,-0.965617052452142,-0.247666061423097
-0.0385179595790844,-0.970061995145869,-0.239783428041807
0.0645269230301191,-0.933391712366897,-0.353010180432601
0.0388589660060692,-0.943196893643449,-0.329953937061355
0.0530466574845988,-0.956762530616605,-0.28599215397948
0.0248712370021511,-0.965218915929107,-0.260257307107067
0.106532633267077,-0.933117517967483,-0.343427569818421
0.120259753314222,-0.942736648683244,-0.311103203073011
0.0883113920065245,-0.956361569524328,-0.278520459533648
0.187942832528516,-0.923144023590676,-0.335384262317085
0.150298915722632,-0.941197223712676,-0.302585561466756
-0.359606124644133,-0.862476941719536,-0.356113689880838
-0.314277958768315,-0.882457800832812,-0.349996563385612
-0.376971261406914,-0.86144275717804,-0.34030727905641
-0.418008993061844,-0.840009212975641,-0.345908953101053
-0.312366273312916,-0.899675961257384,-0.304976189287299
-0.375737196385061,-0.878730300362121,-0.2943715653357
-0.329791347279484,-0.898916597525265,-0.288420904154298
-0.247021447807844,-0.91626312749847,-0.315344709024328
-0.266119281967943,-0.916832774921973,-0.297654481897621
-0.20304920976727,-0.929410909407953,-0.308166156296191
0.263699942136313,-0.896624146519618,-0.35570701482438
0.255675991732322,-0.911542906032303,-0.322054836501299
0.223152098179148,-0.923120029259074,-0.313133442255806
0.313909022380197,-0.878556436423818,-0.359999602342267
0.332057673052028,-0.879659653241137,-0.34049463465223
0.325482372907474,-0.896286570545871,-0.301216879317281
0.286542862558436,-0.912653558586387,-0.291473274789339
0.375438491464044,-0.860595858490149,-0.344123099307219
0.398727965669395,-0.862581570275539,-0.311398529242081
0.354121311437862,-0.894743377378561,-0.272088929254268
0.386966582606176,-0.879432434260073,-0.277228168694129
-0.520462513190717,-0.773482854183187,-0.361722333631521
-0.484062119720177,-0.79806650336322,-0.358850554495341
-0.544694604407461,-0.772294874527133,-0.32690734881388
-0.586818892348548,-0.725977218658602,-0.358609349531693
-0.580211073827726,-0.744728144401138,-0.329750057990162
-0.479335357723165,-0.819588076782222,-0.313867805346174
-0.498399119240936,-0.815038879963247,-0.29548255800997
-0.537978689734909,-0.787570980001064,-0.30051768808387
-0.445220936768374,-0.839979835659707,-0.310180903906386
0.439130060004785,-0.842355081924572,-0.312414318423533
0.449576905434373,-0.823164992175109,-0.346814073759134
0.497171841402893,-0.798658305066651,-0.339064996518545
0.509026583035852,-0.798674830002382,-0.320952416541004
0.45950879435517,-0.842164619597267,-0.282153187841017
0.499114204239918,-0.819582212932726,-0.281371653458997
0.562818673191192,-0.751222851672289,-0.344817876904114
0.549296490469837,-0.774160205405482,-0.314562143183286
-0.619781587836454,-0.697216105859077,-0.360222827024645
-0.643127834224868,-0.693622641964589,-0.324459888737104
-0.679859425562678,-0.642393063366328,-0.353726325868474
-0.672346170017136,-0.666127335316742,-0.32283897039717
-0.602862985007166,-0.741383167023038,-0.294800306925111
-0.633459085929546,-0.716571580102195,-0.291984172590137
0.6094503665859,-0.700852866375716,-0.370642024548291
0.655142641579402,-0.651171707097675,-0.383097281457156
0.644198152283222,-0.674798474497747,-0.360077435297459
0.595983224419209,-0.728155426166816,-0.338516870413729
0.658841473762007,-0.678065966030154,-0.325813532810871
0.615254216873888,-0.727788170054075,-0.302963080503612
0.643315554608532,-0.706326293410692,-0.295378171900751
-0.707281016713183,-0.613291754908116,-0.351606010697898
-0.72917616706839,-0.607654957037589,-0.314734126791325
-0.760495028992402,-0.551944904683995,-0.342058669048486
-0.753958368453022,-0.578246006196232,-0.311734398098387
-0.693626324791752,-0.660889143858689,-0.286545041984005
-0.721215940000728,-0.631725772936966,-0.284200836902462
0.689921331593788,-0.619641215642163,-0.374236983860971
0.705153279306041,-0.621223619023551,-0.341818764627132
0.692615603778813,-0.65072180690303,-0.311198900099223
0.746174475301732,-0.558285858040182,-0.362685198375289
0.734749770236158,-0.593198341205538,-0.329026599424593
-0.784516346774445,-0.520347471374573,-0.337301957714104
-0.802629866498542,-0.514282121752358,-0.302157569242318
-0.828077298257005,-0.475313028581417,-0.297263373075359
-0.832345740228171,-0.456583178953029,-0.314217073726373
-0.774543810225896,-0.570639008248964,-0.272860785576436
-0.798356899111997,-0.538220213039489,-0.270083809059342
0.773919509088226,-0.530673485558401,-0.345592600004596
0.787009749644766,-0.499051698877087,-0.362716219394689
0.823074547510501,-0.483300842881099,-0.298276020676827
0.807187602219445,-0.476884713665347,-0.347892432650585
0.786279594699983,-0.539287172871601,-0.301552224555858
0.817387457222656,-0.501912543686802,-0.282774721757311
0.821658785666328,-0.439264913196542,-0.363212301514926
0.847475001627623,-0.416546467413709,-0.329051913991426
0.848307183664654,-0.442242286729221,-0.291198698437085
-0.853593292704777,-0.395716494822802,-0.338802223095675
-0.850789665052708,-0.423799600769718,-0.310726317242247
-0.882071453151984,-0.303054675475482,-0.360704609350639
-0.868340563461319,-0.336934340169137,-0.363950431051356
-0.868344513914754,-0.364880554032653,-0.335916636150956
-0.888199540607887,-0.352101931773364,-0.295170807678204
-0.902981555175753,-0.313332370031235,-0.29401893970115
-0.900499197541019,-0.290733920242434,-0.323380554221256
0.855899202417812,-0.364767736142946,-0.366580214918512
0.868277932098272,-0.330143969192374,-0.370268000557777
0.859606197884298,-0.388244965946184,-0.332179215148008
0.890913994085468,-0.311351555729946,-0.330654599071632
0.881040865434384,-0.367969623726236,-0.297263098028336
0.894153147745943,-0.331922565299808,-0.300528798987412
-0.913414775715826,-0.249803218120447,-0.32135930003763
0.902414512618117,-0.272190956776692,-0.334006183273897
-0.928099092238229,-0.234910219744072,-0.288875862000214
-0.932151597670018,-0.170667551512645,-0.31932113275183
-0.937712135735058,-0.194569343624918,-0.287817165951867
0.925111001462056,-0.192486866490785,-0.32728953726392
0.932035138446135,-0.154281908537506,-0.327883505836629
0.930667113080928,-0.213715109117565,-0.296958880595409
0.921461040133966,-0.253379343317448,-0.294463002591578
0.947423353449117,-0.132638768567655,-0.29119743544902
0.946904404300373,-0.193209559573548,-0.256986605109979
0.953205842935593,-0.153498051453702,-0.260455311317245
-0.93321396709381,-0.0773695580457924,-0.350892637581401
-0.930078071181902,-0.108509327061669,-0.350970807115315
-0.938343829140709,-0.134858873420565,-0.318314219872891
-0.949848503049472,-0.0548201845028132,-0.307867777829631
-0.953215135969603,-0.114623399734163,-0.279718395519197
-0.956936684433361,-0.0776160105637065,-0.279728326935011
0.951143425873478,-0.0983290942313787,-0.292673149853724
0.9417159761655,-0.0742671052288171,-0.328108849797733
0.947546258789552,-0.0250755020340516,-0.318633498947714
0.96288248322613,-0.0264119073817508,-0.26862564033379
0.96340074637964,-0.0735084312294163,-0.257789667002659
-0.951188930784357,-0.0193542088688026,-0.308001676216825
-0.942903392056052,0.00267734288440601,-0.33305558857985
-0.969763662735757,-0.0567380966467054,-0.237358856641666
-0.970412119752337,-0.0114441447379837,-0.241183227835171
-0.964897327629452,0.00217165462356694,-0.262618413386683
0.943031568822971,-0.00621843439999461,-0.332645143173471
0.944056729798235,0.0217184443929875,-0.329067166541744
0.955309494894105,0.0469157844333899,-0.291860717014417
0.964076170882934,0.036519695029776,-0.263103494105709
0.967538759107537,-0.00571584432760839,-0.252658027278513
-0.942932148917064,0.0404226462697167,-0.330522271877706
-0.932483688508808,0.0631362988977885,-0.355651484499218
-0.962015803041806,0.0494120036287781,-0.268484726931008
-0.955680706195027,0.0595319036443526,-0.288323325894826
0.928658072927949,0.0589781937129124,-0.366218181214575
0.934833703102243,0.0990279580496593,-0.340997670180696
0.948104580487805,0.0963327382633752,-0.303014369290835
-0.933026247035293,0.113016472026086,-0.341598154845739
-0.948359154693562,0.111744112753713,-0.296863886274161
0.922993544034425,0.136802422738141,-0.359677654023359
0.9519120256602,0.117805860315243,-0.282816680340604
0.970872296050379,0.0651398479400354,-0.230572732499344
0.964720374916854,0.108762506359437,-0.239760954766822
-0.951458016432643,0.131472558055923,-0.278285122570885
-0.931264530546523,0.185727292916709,-0.313451346801694
-0.946706441850194,0.160690525986452,-0.279151334973599
-0.924702563852276,0.223470357296437,-0.308198260564251
-0.90566196239647,0.247537814993165,-0.344240381153323
0.918708825957622,0.190551063177184,-0.345925404429355
0.924907011550729,0.168399569639827,-0.340864496434317
0.943956260835373,0.158769166217422,-0.289376795006658
-0.877252421123756,0.311438152279392,-0.365286828310721
-0.897670637365937,0.28587267569409,-0.335356884680385
0.875570154493409,0.330780490575559,-0.352081200314615
0.899583411825442,0.296787280164335,-0.320416908887707
0.904022601318922,0.267580484684045,-0.333382393837499
0.9207701410915,0.232319518859594,-0.313384729096978
-0.868213529655269,0.348469248176028,-0.353234270703132
-0.905664756031037,0.30221335824841,-0.297386004679879
-0.874482436095917,0.363223474622247,-0.321479667231214
-0.897641967846899,0.332226234149609,-0.289593899974974
0.848359815652002,0.390794102812971,-0.357163257339702
0.867330326630055,0.365575095993329,-0.337776484819873
0.878831862079114,0.374295356071465,-0.295901241325367
0.905684575396244,0.307586772637592,-0.291763306787738
0.893359387834515,0.353461377639555,-0.277441991567768
-0.866101398575618,0.391482226443637,-0.310821546492664
-0.838718735479505,0.423705850256535,-0.34208805184345
-0.799227477704265,0.479847189761503,-0.361914511121711
-0.82951451168425,0.44909509101,-0.331992882658588
0.815627462432062,0.45128451882886,-0.362069227623723
0.836120862578256,0.429164121406311,-0.341643176514535
0.846516767240107,0.438103350871476,-0.302448039730038
0.866074888986419,0.413438241264423,-0.281039334128417
-0.788744376451829,0.506282193354907,-0.348655487992602
-0.75259655109246,0.53803989811661,-0.379620204043992
-0.834175050189227,0.464884836672504,-0.296705366102099
-0.819508609939208,0.497462710292988,-0.284493392020733
-0.793419920139985,0.520439410537923,-0.315638480360047
0.755283263700313,0.553963387029343,-0.350245281774332
0.776130318087644,0.512320392332503,-0.36762690998544
0.799294320877078,0.492651675262058,-0.344126307444141
0.807494113457756,0.500988108035351,-0.31139070689125
0.832895366230853,0.473873537682803,-0.285883156543295
-0.776946667651083,0.551409077352173,-0.30381228586004
-0.744568226203686,0.575356641842093,-0.338500947142082
-0.706241004799891,0.605736306866811,-0.366479426001783
-0.684667682179635,0.637931128406426,-0.352525233690967
-0.653294036619298,0.655025277887937,-0.379669312751892
-0.736888283862796,0.585844604217169,-0.337315515230728
0.718471148957003,0.619748293606806,-0.315770899051601
0.762739110212736,0.563848802928837,-0.316707399957123
0.750087014662867,0.589234398294705,-0.300287019866701
0.792885595063344,0.53524152486511,-0.291288419270519
-0.731448014540084,0.615436262446472,-0.293635844016509
-0.711578410816838,0.63968851990952,-0.290611016231923
-0.688358571941766,0.650968049796664,-0.320004803992409
-0.629210936030514,0.693919608263408,-0.350098807834536
-0.60852230622285,0.708067326848271,-0.358247489145658
-0.652915546559265,0.692338901392017,-0.307193969147363
0.623807831468753,0.710562467858313,-0.325522301339488
0.660280995430529,0.677518867335378,-0.32403270124766
0.680920627376299,0.674569810530745,-0.285136230482871
0.707773908424009,0.647296244599498,-0.28295523724008
-0.587996682418613,0.734529149972953,-0.338713491471355
-0.550745493045687,0.753663563665422,-0.358706892452599
-0.493007900552303,0.794590215670981,-0.354358009861431
-0.529336710024463,0.777760059014293,-0.338957133016199
-0.476135973405073,0.810848622935748,-0.340321973302936
-0.540466110026879,0.787622112748749,-0.295884760374051
-0.503740533732296,0.81888932122948,-0.275074088658716
-0.480613691998895,0.82570200753864,-0.295341622210367
0.554301190180361,0.755626620239222,-0.348967908768824
0.513151055152075,0.773564254188162,-0.371852577291895
0.559386042851591,0.762267221874504,-0.325631597850336
0.592165804013993,0.749680728729415,-0.295496980573734
0.615828149488155,0.72861722884143,-0.299787631721907
0.501908108843421,0.809006580355098,-0.305935619402794
0.490481208438422,0.797052468297789,-0.352328748400109
0.526916475641474,0.797194992658419,-0.294684867914711
-0.433115737894564,0.828112348431939,-0.35586612084123
-0.413811282363295,0.851024794494922,-0.323290924313878
-0.439963130010966,0.851563859543693,-0.285081457394205
-0.359191383119521,0.860274484668587,-0.361813987182477
-0.326143481661341,0.871820322299642,-0.365458280786149
-0.38359012830358,0.864438699814672,-0.324968225724858
0.322766223194095,0.874247258556727,-0.362648171194984
0.367656665591483,0.865089919946227,-0.341244789928847
0.390824037729519,0.849011390798861,-0.355578725216482
0.455090108724468,0.811148118717439,-0.367330535679124
0.427972891249782,0.83834654173264,-0.337660006989613
0.435647354347478,0.843502630270602,-0.314188948527186
0.480337873630561,0.827317675221097,-0.291240435761984
-0.365254107651223,0.883700234141892,-0.292682990659644
-0.326383342290646,0.897512645472792,-0.29655516365698
-0.306635184125717,0.893778768371109,-0.327313881565099
-0.26696320340598,0.905070035732937,-0.331027005613738
-0.187172360634902,0.926854944458053,-0.325432664844844
-0.148037444018746,0.933701331466565,-0.326016470114564
-0.248337202276927,0.923266549815096,-0.293099832749521
-0.208621397884521,0.932666049562509,-0.294297727375138
-0.127061919246562,0.948763204556152,-0.289315831502047
-0.067319954353789,0.944267462641881,-0.322221946399788
-0.0917188198864479,0.952304796624192,-0.291038197501965
-0.0264933791680386,0.948217005966416,-0.316516366806433
-0.00323332289266714,0.942206662500087,-0.335016642517232
0.0330160480815556,0.94433467650124,-0.327325463913786
0.0642671564686785,0.933168971626122,-0.353645872298372
0.11113621129512,0.937659508886667,-0.329307436802422
0.142127858540887,0.923960390859261,-0.355101208037628
0.176954892372364,0.921390182178099,-0.346016037563715
0.258768804180046,0.904960741910881,-0.337764358071329
0.298088302476184,0.895937563203261,-0.329301149053977
0.193482509954033,0.930366674861376,-0.311419923333872
0.236744035616787,0.921985668510591,-0.306422402348387
0.366938396551969,0.881893609315853,-0.29600654550825
0.314350801469822,0.901857238922026,-0.296373234653908
0.378785167459841,0.881497183572174,-0.28192997759505
0.412859979903729,0.867383865228121,-0.277834244354107
-0.190159855456919,0.947442767627939,-0.257276954743551
-0.147122422148473,0.954665787719131,-0.258782199271467
-0.0655521890405571,0.966620220683583,-0.247685807985867
-0.0169352035789767,0.964464524446022,-0.263669072825858
-0.00277154393551748,0.966551421621906,-0.256457926188463
0.0481939909064747,0.958527731844638,-0.280894867388638
0.112401455092335,0.945683281496518,-0.30503941383222
0.0610813099758283,0.959441266475877,-0.275211790726347
0.0776516667963783,0.968492992100715,-0.236625321754771
0.12228586691191,0.965270776170344,-0.230864669070657
0.142755769532688,0.950149346101511,-0.277194895999187
0.17308010219035,0.944439149186543,-0.279424357759977
-0.194082144495318,-0.94382111801122,-0.267458068459619
-0.15770742343675,-0.952790944171887,-0.259456711797915
-0.222059813743868,-0.944521875870318,-0.242007985658438
-0.262875773641048,-0.930789222866104,-0.254023129318838
-0.145640392738891,-0.965632416729206,-0.215274038761239
-0.217066020412236,-0.954677955233276,-0.203647598989054
-0.176717170498544,-0.965918388303543,-0.189136746265959
-0.109847743941205,-0.972144750920885,-0.207046024854375
-0.0268201971695219,-0.98017185864421,-0.196325761289095
-0.0991028482597658,-0.97765432010574,-0.185393246493458
-0.0443471928268519,-0.983290974394958,-0.176556467346262
0.0399566181091082,-0.975944133895388,-0.214328057389748
0.0180003747931369,-0.981294883668246,-0.191667258011979
0.104182797608289,-0.965051292914951,-0.240461944443799
0.079705016315773,-0.974543681744922,-0.209551241335272
0.167775968927173,-0.949557523584512,-0.264937225875486
0.147778595614567,-0.960837493034467,-0.23442013279031
0.215014325361282,-0.940753479452079,-0.262205512505439
0.228679968261364,-0.941689678767136,-0.246831969200568
0.163366324631615,-0.966248692638433,-0.199185611806871
0.183992131403222,-0.964071115339843,-0.191608403127555
0.226831037423387,-0.949471246005237,-0.216914806942016
-0.435183205642114,-0.854424921942297,-0.283854945863119
-0.390055327574618,-0.877151692001628,-0.280110247312267
-0.455869040969898,-0.856136519237354,-0.243338607527318
-0.480342845601138,-0.845080644566821,-0.234754030547568
-0.49906507561644,-0.830222783685546,-0.248322733049918
-0.389196350263477,-0.890863993261643,-0.234280913545059
-0.421943716775407,-0.881261664661338,-0.212935150391106
-0.327184527900652,-0.912896258981622,-0.24407110652387
-0.358194092697984,-0.907294598744467,-0.220257810407225
-0.290397059508673,-0.928584415260083,-0.231085550315906
0.279978457614271,-0.924840193423183,-0.25745422874931
0.342733825327817,-0.910097239034532,-0.232930333958211
0.304037305322811,-0.925042874136282,-0.227721316485149
0.416232980642817,-0.876442295490843,-0.242072320805039
0.368436791458009,-0.907430749613106,-0.202048918227055
0.403915004570402,-0.891134101330674,-0.206718848991725
0.448120392246483,-0.859237718887363,-0.246776531489727
0.517135265058204,-0.81722303920514,-0.254396583753585
0.50548525744469,-0.8350824338482,-0.217075984816934
0.47673586414057,-0.853270271256863,-0.211311996894127
-0.559847095340668,-0.785565946137498,-0.263547669516757
-0.589315330470692,-0.765383353200272,-0.258642154174693
-0.540739546980758,-0.809131296688742,-0.23001584086719
0.567299013917243,-0.775528185417675,-0.276997946619269
0.55237965218299,-0.79461870170145,-0.251908393588825
0.597964886853522,-0.754367377285992,-0.270865010986856
-0.652050081132429,-0.712448272367777,-0.259322484361389
-0.684252033992509,-0.683405236448991,-0.254472860578911
-0.605071297400461,-0.761924162812656,-0.230998474419978
-0.639990347874327,-0.735518736715335,-0.222316311970974
0.641273041981176,-0.734016256887733,-0.223582244940718
0.660721357001907,-0.704421517920909,-0.259302166384241
0.617029553996294,-0.751829788335697,-0.232436010261394
0.687625051451144,-0.68164708930776,-0.250058061767805
0.703219651944666,-0.678143426680831,-0.213550026851799
0.654787458649425,-0.730576808455461,-0.193677337193747
0.689902339760923,-0.699962956189585,-0.184625625401084
0.703432000872926,-0.652015200699669,-0.282948048596348
0.73663725386079,-0.622419733779089,-0.264498074145734
0.743492061364628,-0.622965869706628,-0.243172942303295
0.729771214403147,-0.651647284214818,-0.206856935112189
-0.741592950163996,-0.624586604708927,-0.244809046984042
-0.767204133793282,-0.593129812242884,-0.244120549973207
-0.700072770811356,-0.678932542176032,-0.221243573336946
-0.733704885534509,-0.643983052160279,-0.216709412516217
0.749128088314329,-0.592328159463997,-0.296571169880877
-0.813898473535882,-0.529397482072395,-0.239390018069612
-0.843683577652986,-0.481725319671286,-0.236936145799359
-0.845324251151136,-0.475896626768216,-0.242794792049589
-0.787904426690808,-0.582497138765549,-0.199759099244512
-0.811135973630942,-0.548854360875826,-0.20203297460903
0.776031181676242,-0.562650198292294,-0.284956767646985
0.824173962135502,-0.506154595305279,-0.254056697981412
0.790321279605877,-0.567086468296387,-0.231959506115313
0.8048625577273,-0.549787242025191,-0.223450781325559
-0.887868486721716,-0.374500254616788,-0.267280956258487
-0.870767169448877,-0.412310395124963,-0.267889295571675
-0.868303076038945,-0.432672898845939,-0.242577679817329
-0.904066108881888,-0.377161500403673,-0.201031523359924
-0.886028966232607,-0.420018826252107,-0.196308065526051
-0.905218396592276,-0.360154747386022,-0.225539824435108
0.862451446162842,-0.433163141132907,-0.261815194699424
0.883079537658355,-0.388942341951464,-0.262477398658278
0.862226195138522,-0.450172680841977,-0.232186446289388
0.847071595228531,-0.481633909076544,-0.224718691222245
0.898842105008257,-0.374115203507158,-0.228299550523262
0.898493934497424,-0.39198312079666,-0.197630672421691
0.883133836069544,-0.428141821325518,-0.191752988037108
-0.920206750872308,-0.318841909082731,-0.227066890280175
-0.918874486458986,-0.299172922147211,-0.257226049980621
0.91263348837384,-0.313037707301543,-0.262883072307803
0.914152580287086,-0.333380894792627,-0.230612746702628
-0.93180316075248,-0.256134531550117,-0.257173037776688
0.924694735239687,-0.273269343336091,-0.265072655346921
0.93970048943331,-0.255682923645322,-0.227132632430873
0.929329880267572,-0.314833743004498,-0.192939596526061
0.941115550803477,-0.275898625275338,-0.195400789678668
0.950398481535187,-0.21191401137264,-0.227673402222499
-0.958642519670257,-0.136889449999425,-0.249531156289382
-0.951938142799533,-0.177305528420069,-0.249752921654695
-0.955098724770944,-0.198027802084757,-0.2203892364486
-0.966767665316512,-0.181032210121426,-0.180520414903725
-0.973871514270651,-0.134825133929299,-0.182746975222946
-0.970697432557119,-0.117996648683946,-0.209340118769369
-0.945219350109932,-0.240555985707608,-0.22066535278108
0.967247163639226,-0.129909294739522,-0.218074527563748
0.960937548502664,-0.197318635924452,-0.194073140322414
0.970992161934029,-0.145363050273261,-0.189852061031567
-0.974580159933399,-0.0729738134344891,-0.211821468262823
0.970227828127233,-0.0852754287967829,-0.226684941650385
-0.983818990334196,-0.0536925726341152,-0.170930693269917
-0.984908338955942,-0.00783590640742195,-0.172899284052369
-0.980242208056941,0.00877449831869613,-0.197606228957762
0.978234968159642,-0.0121983379094983,-0.207141371101842
0.979252309982334,-0.0595600370967912,-0.193694386535315
-0.978568832514637,0.0523596348701172,-0.199151973796916
-0.970691520897726,0.0703660447452985,-0.229796847245915
0.979699711100916,0.0540236548979033,-0.193054191304552
0.983059553428546,0.0149370037089687,-0.182676764622833
-0.966565672829621,0.112827195445266,-0.230262511224422
0.967563683725754,0.134124132717652,-0.214082308838882
0.982908106568991,0.0842117722476279,-0.163707151511087
0.976539535907437,0.125098521506028,-0.175273770789282
-0.951951535956413,0.192098662113834,-0.238508652262974
-0.930367530979426,0.242162027989585,-0.275270429758117
-0.945638127429633,0.219280342362254,-0.240176317327228
-0.969952167810489,0.13475022800703,-0.202571390407893
-0.964250923460901,0.170007019031945,-0.203267730062281
0.945541918749165,0.182565968434218,-0.269481255485094
0.957993256485621,0.179311693917449,-0.223821886670026
-0.922061529130656,0.276593141338703,-0.270737457071651
-0.947236211160415,0.250295872113252,-0.200238699230516
-0.929060143599101,0.298838205228642,-0.218043520131513
0.931590293372029,0.229164891559915,-0.282175437930641
0.932594082948625,0.253983703739108,-0.256438208315723
0.957954261448416,0.197212026874712,-0.208401174250022
0.94673354671407,0.241235364087718,-0.213309846560502
-0.87093262891525,0.406921395554356,-0.275483817548085
-0.902527316628805,0.351895201330367,-0.248222098169097
-0.896947529137257,0.371120252576389,-0.240322466911038
0.90348470270525,0.359219343438845,-0.233830826190584
0.922166602303435,0.287121623685596,-0.259171624234379
0.923118116680495,0.319639342342923,-0.213737300167378
-0.860312608949301,0.436964479288875,-0.26253430008791
-0.898579467575634,0.386352994652333,-0.20805360841539
-0.882968166686163,0.425345196748311,-0.198616918267343
-0.86254086952312,0.447286546509092,-0.236554420196009
0.874583104704725,0.422027332202671,-0.238741123057887
0.895710288554269,0.388654197639726,-0.215988410881348
-0.843422670917907,0.490190549697987,-0.219889570394982
-0.822129533935531,0.509536319442694,-0.253920791979979
-0.800515235238935,0.54853764918862,-0.241416249604234
-0.778726093365318,0.567345947882867,-0.267776486893231
0.799517291207786,0.542314130768253,-0.258200473719238
0.824158156914236,0.517016308038174,-0.231208714399576
0.839470369735644,0.483289912337069,-0.248435824649203
0.86304199262231,0.453664394954912,-0.22214215205743
-0.759262190599933,0.596891513885817,-0.259309557433752
-0.707176827357597,0.658820514664573,-0.256625143556806
-0.756790518396662,0.613172448241777,-0.226467790164734
-0.73275506123344,0.644991659383101,-0.216923441709306
0.759924482163915,0.598871414005141,-0.252720816110166
0.777902196696245,0.582869097452427,-0.234801592009402
0.813094462990107,0.553419216454738,-0.180567342322618
0.827793739118629,0.525475079151103,-0.196553979016303
0.784002116950708,0.58574301189069,-0.205537842350336
-0.680448899711292,0.688709044725417,-0.250338064614825
-0.651477761035905,0.699416878967416,-0.293926447076684
-0.729227974257241,0.656065591968587,-0.194433794890674
-0.698838863172707,0.691035048410279,-0.18464778684859
-0.673732822630433,0.705774315053523,-0.219013013132004
0.64483762295519,0.720113795631767,-0.256165105668804
0.671681315423481,0.694520095607672,-0.257848884636124
0.694979029351544,0.686479002401185,-0.213894198200557
0.728651784059275,0.6483844473299,-0.220599605729329
0.731349245507698,0.638148731539092,-0.240612712736399
-0.653401185514179,0.726047881493607,-0.214292707639133
-0.620820382351865,0.732923471347611,-0.27821796851435
-0.623415474914983,0.742651455723797,-0.244585283588059
-0.594786427165469,0.745498790527836,-0.300766785701598
-0.56130647238226,0.777957702605172,-0.282341738003905
0.544486435127395,0.798652650886731,-0.256297610589443
0.583350291166398,0.771986053095345,-0.25246776353101
0.60024545524538,0.767281773480901,-0.225796531287064
0.633729257091165,0.740246488297297,-0.224549249097386
0.653513999736782,0.733504665473865,-0.18678960858706
0.688755369661924,0.700010591534505,-0.188682835736001
-0.572494677217989,0.786032025034851,-0.23324557911498
-0.547256715400738,0.80856979408147,-0.216159606651763
-0.506582862010436,0.82598087462592,-0.247243601877816
-0.43237125800693,0.864759656226681,-0.255432637327763
-0.383125719880284,0.886460932823765,-0.259618368655675
-0.481588811267116,0.847605991981755,-0.22279205376079
-0.440748078981981,0.865056786322742,-0.239620298202519
0.434970697060631,0.8669454245597,-0.243323084670548
0.479190298454085,0.8421599621088,-0.247271624106749
0.495518807050547,0.838126810629247,-0.228045085813418
0.531636078158428,0.815697822854054,-0.228035396795062
0.589609513643446,0.785279405779687,-0.188936169854903
0.553093540154571,0.811557172299158,-0.188314874423339
-0.422106782352823,0.886450309700587,-0.189820211577904
-0.368100810460284,0.901948264845835,-0.225812136255051
-0.392044971720598,0.900178403366927,-0.189682846510605
-0.307743954112015,0.915179420568076,-0.260269642632754
-0.330974948863573,0.916375002792848,-0.225194221686889
-0.270215769229792,0.926758687512473,-0.260963164411588
-0.313636922215712,0.930379188338736,-0.189806340592748
-0.271757197584201,0.942877653264659,-0.192690831477038
-0.25236603560211,0.941158338105261,-0.224794053945869
0.201306573661103,0.949833601136032,-0.239357041997479
0.241389267620016,0.939604664231039,-0.242640261360616
0.255255470416926,0.928928140024189,-0.26821102791167
0.302759459370727,0.914357059095014,-0.268864051603524
0.32134151776226,0.917236255201184,-0.235408753250078
0.363980481962961,0.901775035644875,-0.23306650089126
0.42451216414116,0.880953719156483,-0.2090692880376
0.381965171977107,0.900355394410897,-0.20847726770969
-0.209673582000325,0.951359853353481,-0.225724208800022
-0.193054702134761,0.962237065082151,-0.19191068903463
-0.144950612352403,0.970967009068675,-0.190295526166264
-0.129014664504251,0.966577981232152,-0.221545080153078
-0.0749060153497169,0.971164209116045,-0.226338613136239
-0.0606533950716401,0.978860541628447,-0.19532845596366
-0.0113182391850393,0.982194828332507,-0.187523909565224
0.00909128583267381,0.977907689555347,-0.208839410146722
0.0539034190104914,0.977753396112543,-0.202713388332808
0.0707423451663726,0.983352403159447,-0.167372553905658
0.123776702976157,0.977334645202998,-0.17174492448478
0.138051168590891,0.968731403094678,-0.206158539742856
0.184364430181975,0.96094937093757,-0.206363910067542
0.204442827719158,0.963668823491175,-0.17188812880862
0.247300961407859,0.953652232330959,-0.171434110540837
0.264676279212167,0.943111533896309,-0.201214069722161
-0.287271860265955,-0.938134990771586,-0.19333291853519
-0.248244459992928,-0.95251426990492,-0.176327121312399
-0.245022646169667,-0.958988494497819,-0.142495509700558
-0.320629580332649,-0.932710703831446,-0.16506791079419
-0.318571918830065,-0.938165373053853,-0.135490462157511
-0.279920755592577,-0.953313993795538,-0.113299602038493
-0.172143029386779,-0.97380128821091,-0.148586097977959
-0.207967633290283,-0.970265541582603,-0.123831507788023
-0.117393503336534,-0.983341966419581,-0.138770827094339
-0.135710739740926,-0.982010047728807,-0.131296844130532
-0.0399333783030501,-0.989774203268941,-0.136939226814814
-0.071553499685445,-0.991075059578551,-0.112473654533568
0.0318757650200053,-0.989434073971359,-0.141436023943086
0.00156237747769811,-0.992928520538874,-0.118703462784791
0.0977678668378876,-0.980652983767608,-0.169591183855931
0.0611023892560345,-0.988976846768402,-0.13487510735207
0.12328772923911,-0.9788720303688,-0.163124749749165
0.201718899325561,-0.968620875208432,-0.145200157594045
0.143088367642048,-0.982121905370333,-0.122320407280555
0.184030224434592,-0.975512472212068,-0.12045037589503
0.260309380566681,-0.947771552158887,-0.184304398502381
0.245600952330404,-0.958510227771614,-0.144700779098133
0.292188764710449,-0.937068214369086,-0.191125318563803
0.320922693295648,-0.933701590161896,-0.158776463800573
0.263272374911416,-0.957507305559551,-0.117759994941367
0.306117314231411,-0.944649844316928,-0.118020598031663
-0.427489979694001,-0.885257809916879,-0.183223708188635
-0.489997126110667,-0.851557152831093,-0.186422187159923
-0.46075273878713,-0.872457150251584,-0.162866309208024
-0.355990428074023,-0.916160659281011,-0.184175083834531
-0.392924917019559,-0.906504947746765,-0.154462905889434
0.35564844218181,-0.920174498236913,-0.163685913774208
0.429916642532411,-0.886296970593042,-0.17218989631002
0.380674388980946,-0.915190496600378,-0.132338068998822
0.418600370540282,-0.897755577045171,-0.137144645057072
0.466341743074076,-0.86643996580949,-0.178345631610873
-0.588691765371279,-0.786623316239682,-0.186187442466273
-0.548889591206394,-0.810669159778139,-0.203803164965325
-0.596839375041581,-0.784834506090128,-0.16678596598707
-0.652324165068382,-0.732223248453281,-0.195760818583197
-0.642911502536222,-0.748493771906884,-0.162548064655421
-0.525366775254287,-0.833874912324961,-0.169240604034462
-0.533041229258272,-0.834387771051561,-0.140228725411157
-0.549082111624524,-0.825997426183024,-0.127424827380586
-0.591068322841552,-0.794047142341505,-0.141870974736077
0.536676154838935,-0.824299880394011,-0.180300892980913
0.571947099751369,-0.794538962390471,-0.203922417427488
0.589156560303209,-0.783841521385819,-0.196181081665017
0.603086966547356,-0.780540156457558,-0.164448091925444
0.534838383924159,-0.830313955773201,-0.156609827053262
0.555165986759236,-0.82195787538995,-0.127184819180918
0.587609298428576,-0.798965586399612,-0.127942581455123
0.641058902761794,-0.751701073998418,-0.154883758152592
-0.690745978304946,-0.697906185993386,-0.189200816614805
-0.702466714593094,-0.693694225508525,-0.159150357790715
-0.74721401376156,-0.63934055377371,-0.181424568178249
-0.737361208629323,-0.658545267238964,-0.150388094628082
-0.655436912895876,-0.743868209501629,-0.130623658294982
-0.690320998919598,-0.712508653542737,-0.125651649720028
0.701719068449451,-0.697231357581004,-0.146488166689958
0.650273449462163,-0.747965899722595,-0.133009224404731
0.69006097114604,-0.713500268247709,-0.121380489830252
0.745552804533478,-0.643710210511399,-0.17259252746175
0.738466988096117,-0.659751871101668,-0.139262256444798
-0.780881944897208,-0.599725788339879,-0.174792353762013
-0.790700775755335,-0.595995019517288,-0.139936485344236
-0.819078182283006,-0.559935400818573,-0.124833001318203
-0.827925027257751,-0.533471219690206,-0.173056658359325
-0.828230812585582,-0.54368014242901,-0.135814667146811
-0.746781966519496,-0.65393245812139,-0.121198327944697
-0.776032202382998,-0.621398553553054,-0.107878906681358
0.777032591108968,-0.590010031309265,-0.219336534368817
0.777342478299896,-0.604364773160898,-0.174590642340167
0.821047352217901,-0.540391719010651,-0.184005531005694
0.814704215999562,-0.559706495666126,-0.151610287057585
0.791617034074624,-0.592209809398874,-0.150432752466495
-0.853491617848766,-0.487347528019651,-0.18451136874196
0.846720935789198,-0.499594933236031,-0.182944143336568
0.856780812816909,-0.500308947199616,-0.124970381054105
0.858883070298001,-0.487453436036905,-0.157191027896933
0.83109492642963,-0.543662531614348,-0.117099423489636
0.88101569722754,-0.444860680781466,-0.160966816248948
0.895634207317582,-0.42770179344731,-0.122108732548335
0.870982666507237,-0.483278240401963,-0.0884948416458589
0.892782891646011,-0.4395832059855,-0.0985155490250026
-0.88434313305311,-0.43048439214686,-0.180611215431815
-0.900133342725989,-0.416051689177477,-0.129077330486439
-0.920041822383927,-0.359760946525552,-0.155225985000905
-0.914786916348184,-0.383688807048847,-0.126284587434935
-0.863155668517007,-0.475088153241821,-0.171036658515754
-0.933756957949779,-0.302587899722669,-0.191150481092252
-0.933035621215467,-0.324872819332486,-0.154603301394342
0.928720723141283,-0.333631154169064,-0.161765482646179
0.915549950482644,-0.370345874803074,-0.156882826299035
0.913259382442385,-0.386751400750082,-0.127986930578097
0.954199591549242,-0.255057160812107,-0.156361709525465
0.942841302206481,-0.310580977661071,-0.120787976093155
0.952902178113665,-0.277290341228441,-0.122831207792026
-0.946505149080088,-0.260444299690882,-0.190517110841536
-0.95752601125115,-0.24483351303355,-0.152317066256913
-0.968117807779277,-0.196843940689591,-0.154920538581688
-0.943605723217326,-0.307257821876677,-0.123291808353628
-0.957471506491932,-0.258705658162047,-0.12774856825426
0.962999757747882,-0.218876554876763,-0.157240326579409
-0.977182473171148,-0.179804746625835,-0.113069302721547
-0.98440091743045,-0.132570430553013,-0.115671581233581
-0.983063105951325,-0.116476227262364,-0.141492820312765
0.976216812195908,-0.137573182818805,-0.167554035926215
0.97270777178649,-0.196772510335088,-0.122964099974709
0.978276709361042,-0.167787312813619,-0.121746037227158
-0.987130190729306,-0.0704584473964942,-0.143560418434887
0.984571575696558,-0.068379509877034,-0.161068479099336
0.984522307902932,-0.092457691884777,-0.148887207149651
-0.993217953912593,-0.0518031651206023,-0.104089039332529
-0.994499554963223,-0.00549571884574039,-0.104596521224755
-0.991721865642979,0.0113263215070957,-0.127904087685762
0.990090169102466,0.00476837333283217,-0.140352127388252
0.991334919589966,-0.0263315595363284,-0.128692370301977
-0.990191791698129,0.054263412028775,-0.128746641776178
-0.984220860194497,0.0736548005623538,-0.160885887237272
0.98969529637538,0.0748310302125249,-0.122080044437172
0.992904990934325,0.0409222633517978,-0.111646976402742
-0.980179869442572,0.114756426592659,-0.161488037003444
0.977162270510123,0.156380405479922,-0.143871699348534
0.983719042984748,0.14397793395806,-0.107550913535591
0.989773973528992,0.103197343375197,-0.0984773560009164
-0.982113896285281,0.136368409784627,-0.129830472294281
-0.974656196333183,0.180707511887095,-0.131871506008336
-0.966701221457564,0.194956465313787,-0.165773113214442
0.969334342175664,0.192403479080982,-0.152878495271265
-0.927745453877639,0.304772821102471,-0.215411003262636
-0.954742521693748,0.24248263683213,-0.172246590981651
0.946457186754755,0.264384039146951,-0.185256237370346
0.952806466179459,0.259846524252826,-0.156970130408106
0.966992277474576,0.213615796391097,-0.138903660271178
-0.954335843207197,0.262486369298099,-0.142632409720619
-0.929356838758611,0.323624914760206,-0.177659170320733
-0.942915978759313,0.302105271276038,-0.140149427639212
-0.915463450553425,0.364339319625562,-0.170831878979303
0.927562528496126,0.315929523520615,-0.199540201207454
0.92758768397041,0.335860097448471,-0.163643159002491
0.949430225232179,0.289092684423787,-0.122505784468417
0.94212397662905,0.31164715763781,-0.123606075081038
-0.914557808774025,0.38015606443373,-0.138077445966793
-0.896884412472097,0.421486657961468,-0.133967711875118
-0.882300097725284,0.439454010205549,-0.168602225573136
0.867415331264582,0.461541661132745,-0.185929927999722
0.887182091963909,0.433193171159,-0.158907558535621
0.902093532458069,0.393904945544499,-0.176255929185112
0.914688131654007,0.372336745868738,-0.15719723116894
-0.863149732796094,0.47812001742852,-0.162400085308423
-0.844585564070229,0.496976809979899,-0.199221673786707
-0.804116857595862,0.559754163640802,-0.200178309556612
-0.821961125132534,0.54029775810666,-0.180161708905573
0.851847623962708,0.496019429407976,-0.168286515202121
0.85384350732636,0.502978933784569,-0.134027822356247
0.889533246955055,0.440114568030616,-0.12259596065459
0.8741649144649,0.474825668852765,-0.101864059005615
-0.783260678981644,0.592682990735013,-0.187695448145701
-0.828587420604479,0.54303890306324,-0.136204391176969
-0.823522432310623,0.553811861055938,-0.122895183123481
-0.800454408966448,0.586611753058674,-0.123123475988959
-0.780764675690335,0.603401607514836,-0.162212888645376
0.769250964775155,0.613797930622902,-0.177496629701906
0.815165043488812,0.562519635030664,-0.138121729205986
0.788334633031875,0.602093690357269,-0.126537324116105
0.831782515421909,0.543117564550559,-0.114722090789312
-0.75104678950689,0.643270703802304,-0.148766668313442
-0.749551984663437,0.64682646712426,-0.140667493454074
-0.71359254958016,0.690049131241478,-0.120904382288519
-0.695073938350611,0.703477914896246,-0.148293774242214
0.705637306407404,0.692148721979192,-0.151677745462787
0.734870785980253,0.661893944520487,-0.14785578825286
0.747430637143419,0.639103361384172,-0.181367957828374
-0.660975360599341,0.737018696923224,-0.14112056216641
-0.643281946632531,0.745929987128828,-0.17255953012989
-0.592576660946043,0.773959422946324,-0.223248096374037
-0.608672839440868,0.773838340326007,-0.175190175433677
0.608722081425421,0.778094336170094,-0.155005263152977
0.644372589915989,0.748427497076269,-0.156972121681247
0.662581954183227,0.739410673411717,-0.119402722060959
0.692923887969646,0.711267236435051,-0.118132992237878
-0.545176032105707,0.817182005019618,-0.187073955134312
-0.593207126233311,0.791126937973505,-0.149075395014343
-0.575185256726779,0.804255291668445,-0.149450146428344
-0.507097921669903,0.845412577088773,-0.167717835480263
-0.489494196316355,0.85299026790581,-0.181116080541127
-0.550352105255325,0.827609075575319,-0.110343909058891
-0.513006661010164,0.848682008191136,-0.128697376553929
0.441681907113843,0.878336799669524,-0.182870334594154
0.485400162499213,0.855231194160047,-0.181566204953781
0.540720708669406,0.826363821196711,-0.157302098629436
0.559700181091033,0.819978679835969,-0.119877737304002
0.598529979914157,0.791633575936686,-0.122793096685658
0.501558976959972,0.850744063688868,-0.157076830656265
-0.446955636062173,0.87971144449869,-0.162291200655756
-0.487783946025986,0.866892324715875,-0.102783847700037
-0.445478376365111,0.885853532281685,-0.12966316182774
-0.373188137237818,0.91501455987122,-0.15322848771898
-0.32990259357733,0.930398864212411,-0.159756790851617
-0.424700860564127,0.898171949318624,-0.113650026367234
-0.38544334234456,0.914131826157568,-0.125683866299876
0.305072148982554,0.930711843046812,-0.201758392954475
0.368745488118631,0.914336767078453,-0.16737694393397
0.38750215962374,0.91122900537041,-0.139655920241822
0.429585867172898,0.89222335440834,-0.139260434343855
0.326180723845558,0.930514484725935,-0.166580098171464
0.444272612840002,0.888081694851673,-0.118037065151998
0.489932608293528,0.863703010997846,-0.118250362045769
-0.309255619060043,0.943351818013278,-0.120201121171282
-0.27325493283117,0.954262299909051,-0.121306243267694
-0.251781825886124,0.955374794821788,-0.154482729043334
-0.214066564829685,0.964378765545189,-0.155399814631663
-0.192897992704273,0.973674682836998,-0.12144124675304
-0.157902297220812,0.980003750428093,-0.121076478637522
-0.133145797510484,0.97723616694616,-0.165171639870997
-0.084846623752839,0.984334017528719,-0.154556113995908
-0.0767612189281766,0.98793088798785,-0.134537265574262
-0.00312791609824149,0.990133592261319,-0.140091704310349
-0.0380228607533633,0.992130407536191,-0.119295919889168
0.0199722065182654,0.991337470431343,-0.129811905022528
0.0601052174818019,0.987940569685134,-0.142691252716059
0.0899300599978328,0.990784227555464,-0.101287702788194
0.143438200020666,0.980111333849634,-0.137139549490011
0.121835375829491,0.987452842163875,-0.100464051774609
0.185684175942405,0.973122367356772,-0.1362139675457
0.204362899535782,0.973382541312446,-0.103741185463887
0.251792866910896,0.96215076081254,-0.104241381613264
0.267333088496767,0.954659067005991,-0.130992692842123
0.310272354721008,0.941455682944049,-0.131879729102826
-0.393635002487446,-0.909753562722902,-0.13190883188663
-0.354069411553634,-0.929495846045215,-0.103306940651411
-0.353562638479185,-0.932042160358651,-0.0793150174028592
-0.42772314478042,-0.898227944238344,-0.10119027427824
-0.380377130660578,-0.923373263042016,-0.0519139246211053
-0.42646887839202,-0.901848461210676,-0.0692361811121054
-0.27815748538952,-0.956964396727249,-0.0827499650648342
-0.309369513226764,-0.949369242520278,-0.0546675922490553
-0.20598237596342,-0.975045140452263,-0.0828144605300993
-0.23747159937757,-0.96945208598874,-0.061399450006811
-0.144118877365341,-0.986569655012012,-0.0768769471066178
-0.168371401847558,-0.983599515762976,-0.0646766080644878
-0.0719133070912211,-0.994494003528394,-0.0762243609961397
-0.103106833366253,-0.993006641261673,-0.0575047069673046
0.00254719076960524,-0.996795395672408,-0.0799528047379845
-0.0399222756187059,-0.997484959853812,-0.0585659182021643
0.0805656411498056,-0.992439860351521,-0.0925867217886815
0.031932357769999,-0.997794808207237,-0.0581880163086104
0.0586164368034545,-0.996399814326395,-0.0612496803811453
0.121542042579991,-0.988377945156163,-0.0913048159428875
0.201662991592473,-0.976243652264559,-0.0792487806538883
0.141651066706713,-0.988617224487888,-0.0507046225379451
0.183869149287122,-0.981650181669205,-0.0505475693703064
0.247180443399064,-0.965776861771204,-0.0785931400849096
0.324316890278925,-0.941546016685102,-0.091157298908124
0.263838624708972,-0.963250425665196,-0.0503765577178256
0.308888717006302,-0.949805112756524,-0.0495783046076388
0.367248606423371,-0.925559887230388,-0.0920182385734656
0.440279322613836,-0.891611014886429,-0.105754036385822
0.42971770386924,-0.900430980780144,-0.067577687387594
0.38431480641334,-0.920840263210164,-0.0659949939200959
-0.490899819114509,-0.864540924314395,-0.107639945089885
-0.465764905886599,-0.875969202026952,-0.125463180035866
-0.498664295950791,-0.863818279008959,-0.0717767427089199
-0.541779122570115,-0.838291292308027,-0.0611808106165213
-0.556280540246452,-0.827316173287624,-0.0781019203338696
-0.483424980440339,-0.873979994218438,-0.0495909063457904
-0.444071480325207,-0.894645853723821,-0.0490847917032847
0.490923876740528,-0.859460653757315,-0.142552207591114
0.484691461227402,-0.867455065790757,-0.112231440546751
0.501059606564267,-0.861148430204477,-0.0858058962194748
0.444316116004899,-0.894802507154277,-0.0437225599518345
0.488125834304049,-0.871739234269795,-0.0424720769410535
0.542469771348417,-0.835758846142558,-0.085051150889665
-0.611140915046751,-0.785132009826945,-0.100371854127148
-0.642574030532972,-0.759711014305993,-0.0996884648631444
-0.595371500257048,-0.800476356059361,-0.0690679380870637
0.610123453892347,-0.7874708286634,-0.0874017449176545
0.556969507472727,-0.828483760487272,-0.0583063148763212
0.597111268835757,-0.80009818255579,-0.0574545985998816
0.637406281544458,-0.7651495153964,-0.090881523624567
-0.703399368632706,-0.704931590923153,-0.0911086182842378
-0.730917072237428,-0.677107014297943,-0.0853599713003187
-0.657886956103359,-0.750523868792174,-0.0624393734936917
-0.687103580266419,-0.724293718682115,-0.0573347980087302
0.697145420720391,-0.711614734160047,-0.0871362869011237
0.661476483342666,-0.747791902384794,-0.0570625333502642
0.746417339734638,-0.654865490404676,-0.118373748865657
0.714352336790261,-0.696137386566676,-0.0713686061683405
0.739074859456784,-0.668746910034374,-0.0809068750997865
-0.783367334710736,-0.616876793331899,-0.076148806666629
-0.820446514129888,-0.567280527592868,-0.071135929501718
-0.809207446751785,-0.584372579070715,-0.0607618050398174
-0.744550264641421,-0.665880795279319,-0.047409597135727
-0.765790789294243,-0.641579420807259,-0.0440489935040845
0.784245975861197,-0.610828613111757,-0.108842338956336
0.827534227804444,-0.555578183493972,-0.0807464168718434
0.790699992535772,-0.605794667881568,-0.0883535068358356
0.81487537532222,-0.575152043487078,-0.0719600553509337
-0.86725173765934,-0.482054712544549,-0.124489668810098
-0.856957966979576,-0.503743283573728,-0.108930010027493
-0.857654653288266,-0.509520619754086,-0.0694062946597562
-0.891494544028594,-0.441040331647356,-0.103541797490864
-0.895026103340925,-0.440397158378612,-0.0705593171055612
-0.876936373896113,-0.47836672455017,-0.046345150567003
-0.843080039059207,-0.535098579967585,-0.0537173850499056
0.868362325722317,-0.491372591818998,-0.0670809009719456
0.848647322263901,-0.52640374993206,-0.0519308624208723
0.905774451556653,-0.420263064507889,-0.0543286252143524
0.895920978159725,-0.443644782340185,-0.022470157891105
0.884255825419873,-0.466429327427176,-0.0231369342578506
0.926662477557562,-0.365966928285604,-0.0858187630304761
0.920122786630161,-0.387929822565,-0.0537076371537085
-0.927263540107674,-0.366246584069668,-0.0777545294132986
-0.94316329178273,-0.321001163717083,-0.0860305639051843
-0.965517467834337,-0.25161263314436,-0.0668363834220001
-0.951985934193143,-0.300366692647555,-0.0591830300540492
-0.966637388354011,-0.241774097039508,-0.0846016869623063
-0.906954863024856,-0.417940136464522,-0.0525254106845567
-0.92570855564854,-0.372217188859271,-0.0672163247789999
0.939078550164708,-0.33256826484436,-0.0867745690796683
0.964212769744052,-0.252618881540074,-0.0804825158152171
0.949276907741775,-0.310837497609531,-0.04747001693763
0.959787432816571,-0.276642706405254,-0.0477168397963784
-0.976905399349621,-0.193526049956029,-0.0905732229192134
0.971198204761865,-0.224062920414995,-0.0810546405977782
-0.983751848880981,-0.174037750254944,-0.0440813034000813
-0.989635214249326,-0.136605825375242,-0.0442830801914168
-0.990609171047343,-0.114742507142865,-0.0743480147109901
0.985391208253089,-0.143971827662736,-0.0909740596926903
0.979050821500481,-0.198225856585649,-0.046540291147771
0.986146485260166,-0.157885798749653,-0.0508643702625501
-0.994864957025288,-0.0711326524569741,-0.0719990488652989
0.989995599371893,-0.10113215950166,-0.0983920705078289
-0.997481522552522,-0.056957633254426,-0.042266300764995
-0.999365125459536,-0.00697880570977871,-0.0349376914822705
-0.998301238782983,0.0113457233061593,-0.0571481513876115
0.998388611367213,-0.00483998918243534,-0.0565398549428799
0.997226411758267,0.02885748047106,-0.0686056084631184
0.995363474117797,-0.0380560487322358,-0.0883362414133641
0.993961181266952,-0.0779442794947573,-0.0772389760965792
-0.996940312584498,0.0546163114730057,-0.055920225902685
-0.993053974882487,0.0753758906964689,-0.0903453267845532
0.996878019942585,0.0702887505815513,-0.0359681094448413
0.998199914797643,0.0599669829687257,-0.000943955298947815
0.99987574715542,0.0112620329025553,0.0110298171014889
0.999645732154245,-0.0144258772091828,-0.0223674820341846
-0.988818985620456,0.118420140915344,-0.0906293765956863
0.994380815774343,0.0947440984168561,-0.0472265712827983
-0.988574072208133,0.138414254230103,-0.0596891781125651
-0.981369579622809,0.182193983927336,-0.0609844276158803
-0.974476178906068,0.200764951086027,-0.100447056502686
0.971116816500153,0.220016364551776,-0.0923305368771836
0.982492611148778,0.171980518882191,-0.0716307906075869
0.977981698547791,0.196875420568396,-0.0692233059135003
0.990216081163757,0.136662762120496,-0.0282028731566108
-0.964928095173735,0.242812833435161,-0.0997782494513489
0.960435031749328,0.26599888143874,-0.082517542753076
-0.940967005705875,0.321732833803529,-0.10520968503741
-0.926445720576701,0.361889226887998,-0.103607501116103
-0.962367587035736,0.262841371422112,-0.0690147874875935
-0.950824391940193,0.302102479751997,-0.0683159382520348
0.935696545000647,0.341717979222211,-0.0877541927781307
0.95908108461625,0.278040838481576,-0.0534487162407129
0.941997826675421,0.331643344768085,-0.051505207599045
-0.893725660509995,0.437285607912416,-0.100178544901801
-0.922501951596909,0.379865717497208,-0.0684995326277878
-0.902440859153369,0.425171687537471,-0.0694948332400968
-0.868361907082414,0.48536771852147,-0.101812455748081
-0.859966879470874,0.493445320245018,-0.130263894235583
0.911596250891527,0.400929602652255,-0.0908170087462513
0.918225166251951,0.382887888928859,-0.101288738629619
-0.896973740979027,0.440459912596988,-0.0378572765679646
-0.873196817855453,0.485946153737894,-0.0371974858620464
-0.863726883018071,0.498363877375191,-0.0748953755545258
0.874321696491682,0.478729668898014,-0.0798716167402761
0.910420038423005,0.409155626681068,-0.0610493799565278
0.892685748293999,0.448748903764563,-0.041672246914301
-0.835693903720093,0.54441829572517,-0.0722801394905528
-0.829905497455022,0.555327642577203,-0.0535544086287875
-0.800397786867326,0.597115014320583,-0.0530758179476924
-0.788078287930036,0.609806378110172,-0.0840761161651573
0.784109619258593,0.610744689381813,-0.110286125047791
0.818766335126777,0.570856542900956,-0.0611922861987959
0.833300979539906,0.547174809653643,-0.0787985100007159
0.793785458308842,0.60370267975289,-0.0738086758897702
0.854913276644756,0.515798475626096,-0.0554546838267236
-0.766226475714566,0.636468656243911,-0.0883438596231001
-0.750301571688424,0.657938168536398,-0.064536175164407
-0.713724179433581,0.694138301209004,-0.0936472876624826
0.709604359342005,0.700114575223942,-0.0793803172192056
0.740711591129071,0.666944142609874,-0.0808198577418983
0.74953912929997,0.652806730874348,-0.10970171271858
-0.697597691627837,0.712828007896671,-0.0723442588847028
-0.673153704492542,0.735588304497998,-0.0759864225617211
-0.655039933540644,0.746865430404205,-0.114519493249885
-0.61647711214458,0.780370685014536,-0.104773871608447
0.616435575402973,0.782617870530089,-0.0866974630802705
0.648821550603956,0.756105081508863,-0.0856487080366915
0.664989614968245,0.745293920490753,-0.0482263834836001
0.698413288315399,0.714018721548039,-0.0489504237302865
-0.61009344533203,0.788174533695302,-0.0810363646586273
-0.573552528527545,0.816297289623431,-0.0685290593332542
-0.558170843724919,0.825942808264755,-0.0791440881629363
-0.519955739099537,0.8527048987029,-0.0504022331403242
-0.489502177812023,0.868612247313782,-0.0768139423138024
0.507080590123659,0.857608380728947,-0.0858902813088597
0.549472952922305,0.830454922003162,-0.0917828770935189
0.568261509254519,0.821152335203982,-0.0527986693849721
0.600695895091247,0.797839322684877,-0.0511552225902839
-0.450541618166822,0.891597357932203,-0.0454576905257836
-0.427775235418381,0.901780508236797,-0.0616462726118325
-0.387454446337687,0.920659211445407,-0.047599037741091
-0.360763409200562,0.928783566674752,-0.0849167171816842
-0.331834373062037,0.93948366502537,-0.085184458705936
0.330646038732956,0.938714163626333,-0.097411067530952
0.371878149043499,0.923116782383407,-0.0977857266991775
0.391682995287056,0.917625091727554,-0.0674434743689761
0.434597516649887,0.897802685017941,-0.0712414015606614
0.451713963081809,0.890765567454852,-0.049911916350332
0.500317556151778,0.86340710968649,-0.0648884115164943
-0.310729410724552,0.94926566034305,-0.0483935884621797
-0.273410819125458,0.960669628758251,-0.0485838282418056
-0.25172725513586,0.964402917770943,-0.080996303722187
-0.216572489782754,0.972865645161575,-0.0814174006810038
-0.193621268570353,0.97995494661729,-0.0468946367670384
-0.158744575540855,0.986196498208004,-0.0470810647566946
-0.134138568788169,0.986984316921489,-0.088706270998631
-0.10839991156682,0.990120000556316,-0.0889485450733534
-0.03596233493552,0.996776694314705,-0.0717142394300845
-0.00422262030680738,0.998551703573439,-0.05363454827186
0.0252909695607307,0.997295617164197,-0.069005933395334
-0.0772127575338128,0.995561903623343,-0.0538022873852926
-0.0837821272504063,0.996162783303493,-0.0253034447148172
-0.0607405030885231,0.998143441030836,0.00450137886370415
-0.00714014805975979,0.999942252129532,-0.00803185481718226
0.0588793383960534,0.996469221000231,-0.0598524444716792
0.142077238703865,0.987606749174236,-0.0666855848574729
0.187525058602091,0.980080809026788,-0.0653908263725044
0.0732642313854099,0.996815570961122,-0.03148126250578
0.123152582020932,0.991930202672498,-0.0301316207276333
0.201152772895351,0.97865167420815,-0.0421718214699847
0.253036861662374,0.966749574250767,-0.0369811752925446
0.269363059612982,0.96112044651018,-0.0607538428085442
0.312743115545037,0.947933885311047,-0.0601090072974616
-0.308326970058308,-0.950944845083543,-0.025266205565923
-0.376987553754977,-0.926072719922518,-0.0164225981241654
-0.340287628307615,-0.94031540892347,0.00335585486369216
-0.238241695167083,-0.971002306923958,-0.0198850353850888
-0.266712481028374,-0.963775101175985,-0.00141662165375782
-0.17243407254695,-0.984909167890889,-0.0148466032933561
-0.19809352924782,-0.980182889233424,0.000676257465524396
-0.105022620137557,-0.994409177050537,-0.0109835266247099
-0.127831948222943,-0.991783516627776,0.00494460908159854
-0.0355962991602502,-0.999314080567598,-0.0102113596269428
-0.0566930386223141,-0.998369035724318,0.00672070522082147
0.0106309291904803,-0.999943471692633,-0.000191738967297638
0.0897300261799338,-0.995841365193159,-0.0157638121015589
0.0200126099511722,-0.999713873251406,0.0131021781247654
0.0680504579905433,-0.997573575062076,0.0147002552748639
0.120516029659426,-0.992548361741257,-0.0179898916026428
0.202441251522102,-0.979224484688598,-0.0117024898425402
0.146799315599923,-0.988925068959713,0.0218441965386907
0.181867518868832,-0.983074641515013,0.022101013339282
0.246381708752807,-0.969112217286522,-0.0108426886909635
0.324629708411914,-0.945535737122247,-0.0240358532422864
0.263287268434299,-0.964547000871339,0.0181355284045335
0.309536668781787,-0.950736143673558,0.0169657240401301
0.37085563304948,-0.928375252914568,-0.024196884330057
-0.497516370130821,-0.867453737908706,-0.0012141005176727
-0.54728408747497,-0.836798239216337,-0.0157744870321409
-0.524766380565395,-0.851219423755919,0.00676302069615561
-0.432514823244658,-0.90161452763324,0.00470863401966067
-0.467684942099305,-0.883533364489589,0.025290092274986
-0.411970042817892,-0.911105972132058,0.0129070277725854
0.430019251160392,-0.902819661633914,0.000319685285828219
0.38552061433293,-0.922699183423347,-0.000269878210006251
0.501075208143897,-0.865177327372211,-0.0197946453524304
0.443707592427268,-0.895869247065205,0.0232779849905468
0.486703304136886,-0.873229492162836,0.0242929569890989
0.54345540474276,-0.839242496667585,-0.0181178045866954
-0.604786334953467,-0.795492129541161,-0.0377592490870952
-0.638686070865228,-0.769001170777339,-0.0267824984984338
-0.582897647106125,-0.812538715958481,-0.00334186574927815
0.610719969314391,-0.791624847169625,-0.0187408757612057
0.556131118155548,-0.831055875223695,0.00801945604378615
0.593002814787117,-0.805131362311423,0.01054282111714
0.661241794018821,-0.749196682860427,-0.0382572899419678
0.641808142745226,-0.766741056405516,-0.0138007365048818
-0.699047345210599,-0.714745530273208,-0.0217171846353345
-0.728135962938463,-0.685259595922583,-0.0154047288744456
-0.646861162228817,-0.762604714167538,0.00216488554711115
-0.680351505477295,-0.732759475466189,0.0136154364342221
0.712799339616623,-0.701143972732549,-0.0177265603805476
0.699158595492421,-0.714932961846919,-0.00693674375028238
0.762857393334801,-0.645126901229669,-0.0431263115074473
0.742322252216463,-0.670039855200603,-0.00206550406264315
-0.80701555474828,-0.590492958164503,-0.00663029052609538
-0.820553887779981,-0.571453179925726,0.0115143563404054
-0.843339453539218,-0.53735911038689,-0.00487366272768658
-0.780908324945711,-0.624644292701535,0.0013021620035222
0.770885704452562,-0.635490111101102,-0.0434459360974862
0.81118028767069,-0.584631100510258,-0.013893063400874
0.794746631312277,-0.606912057387745,-0.00596209821803665
-0.878087868550433,-0.478438821870366,-0.00761503984586976
-0.894682331394413,-0.44652198426895,0.012713907942795
-0.90781239378079,-0.419366631808517,-0.00287851065163237
-0.859526012585539,-0.510891624743432,0.0143101871343884
0.846508229636333,-0.532251346366179,-0.0115031060740712
0.830623385800355,-0.556812758922107,0.00493380817479143
0.869271244325515,-0.494180518967094,0.0123741045003183
-0.921631515584241,-0.387853928183588,0.0128327656588393
-0.934757620104587,-0.355104993684111,-0.0113417422390279
0.929427045979456,-0.368768684748788,-0.013229639093787
0.906510641905256,-0.421682382822649,0.0205529591429719
0.918913469764811,-0.393854972397605,0.0218242022185722
-0.950455992351964,-0.310509680286677,-0.0147358423752493
-0.965645136917163,-0.259792612244371,0.00610476629193271
-0.971439500294031,-0.236194556598565,-0.0227470591877356
-0.945072700424011,-0.326835198958237,-0.00404272620865857
0.942522801745962,-0.3339872650548,-0.0101624293432993
0.967358499127191,-0.253406084110856,-0.00170020645551522
0.947727257763612,-0.318465522983608,0.0198180615258139
0.961420936046572,-0.273856623328153,0.0259293962643841
-0.98074330779204,-0.194481979856729,-0.0178696315612659
0.976006749841695,-0.217717590841355,-0.00314243562983758
-0.982995843791534,-0.182415112235299,0.021068885038194
-0.990088035925056,-0.136925033689602,0.031260458524566
-0.993526386954156,-0.113600250039067,0.000549196577916363
0.990252745836847,-0.137018998395861,-0.0250058681349159
0.989445071335435,-0.144245872404225,0.0138412103646894
0.980550482684686,-0.19463250545362,0.0252772373426112
-0.996848080557626,-0.0793340031060314,-0.000142266468700324
0.995675171150504,-0.0857610722902082,-0.0357210306968785
0.997915293651229,-0.0637941212953099,-0.00976610388748904
0.99166713206326,-0.123159308281899,0.0377899982661166
0.997199795175451,-0.0708086628145909,0.0240562210757958
-0.998041954482863,-0.0541841746781081,0.0312463166866014
-0.999964322634983,0.0010859965864113,0.00837699639332642
-0.999645252801301,0.0174996323783012,0.0200781328426668
-0.997941406742626,0.063771288458652,0.00679495966675236
-0.99699827282402,0.0755081741553678,-0.0171160632635909
-0.992323358157996,0.121683246932424,-0.0220803140833853
-0.989332714181251,0.145142872744563,0.0124228475887829
-0.983248329315706,0.181855341567576,0.0123027493355054
-0.978707287789612,0.20335034882229,-0.0279406596442129
0.976045995592397,0.216478340957965,-0.0217104210952563
0.989350923849837,0.145549058899467,-0.000470032928969339
0.980202092298608,0.197896156313606,0.0064007475915924
0.991495493592175,0.126564277964048,0.0303013156454951
0.995835299715302,0.0849890979368416,0.0329986222866305
-0.969755129945289,0.24248091950808,-0.0278925011304451
0.964610102673293,0.262780107602008,-0.0217707342388055
-0.964694404584411,0.263334208995066,0.00444973442703892
-0.952409658498497,0.304812338973815,0.00229791385593533
-0.946171135616362,0.321888451257019,-0.0338822530803713
0.938482548411001,0.344140408433887,-0.0285986994625731
0.96016773268459,0.279131853893591,0.0127801898757303
0.947351869818545,0.319804205853774,0.0158020463719856
-0.930435090899305,0.36477580367645,-0.0350593022663473
-0.923999639109395,0.38238936906095,-0.00174280087117502
-0.904742091384979,0.425953107394663,-0.00238712738761082
0.890912511075108,0.453764877058671,-0.0192959570318382
0.917986275033149,0.396340569758702,0.0146748633421584
0.92501976525614,0.379311393410097,-0.0214779122534401
0.903158249002792,0.428923470889709,0.018161315429682
-0.897048787888671,0.441075677724232,0.027490337712999
-0.873841516676596,0.485431291235149,0.0275220860786911
-0.866711708019721,0.498678857354053,-0.0114110652260476
0.856814699282786,0.515423087728755,-0.014408737942841
0.867978334918511,0.496601542469185,0.000719811999726572
-0.838998729191279,0.544028704374971,-0.0106724519914448
-0.831446281036135,0.555474507333103,0.0120479647338018
-0.802936306169317,0.595919722813236,0.0131518894980444
-0.791593448478067,0.61084942125478,-0.0155819408066517
0.777914229614757,0.627087725412358,-0.0401302379762947
0.821101595594555,0.57073792279077,-0.00709881684176863
0.793934030181265,0.607983059047745,0.00503543752621774
0.831704789543276,0.555193789842064,0.00519603421669582
-0.762750836635727,0.64656444130162,-0.0128679623804208
-0.750068494733888,0.66045603802214,-0.0345698575024115
-0.711092148003615,0.702887793524223,-0.0172251781487095
0.712596806879472,0.701493029484494,-0.0106452059560658
0.741832810206351,0.67051478484737,-0.00969561769219636
0.755816581105934,0.653465947312318,-0.0415156769010296
-0.708205294573238,0.705946210745751,-0.00923083268988869
-0.671285147771906,0.741198950199931,-0.000605477803820544
-0.653266134766869,0.756129165855647,-0.0388849805091564
-0.632544701349065,0.773464904081526,-0.0404875653673703
0.616598239459247,0.787125299452917,-0.0155040013194066
0.652184979192802,0.757878411984773,-0.0165851006244292
0.666786487386094,0.744942454791156,0.0213663120130803
0.698359736536928,0.715434687224523,0.0211396948895005
-0.608640415739352,0.793443600245951,-0.00202424241925072
-0.579165607306168,0.815125954408659,-0.0116994770417855
-0.557884043564199,0.82990487465244,0.00482627854324805
-0.520681622290916,0.853546734038557,-0.0186713957863884
0.518823423954746,0.854648758672039,-0.0199437723667568
0.54834143904169,0.836094661630374,-0.016351850747828
0.563990379618305,0.825563813181272,0.0189536820591435
0.603324361098998,0.79732855179218,0.0163369459039975
-0.495683570755898,0.868497873986437,0.0030398295548157
-0.454680867891777,0.890417025166262,-0.0205628224532623
-0.426689842826816,0.904234692603992,0.0171871672997803
-0.402161477042126,0.915434519918583,0.0156775675641402
-0.379412637099321,0.925012546722176,-0.019945907246683
-0.332670293537867,0.943003445596758,-0.00865894855460472
0.332452466967735,0.942784984708332,-0.0251362251656189
0.378704560804911,0.924991881872397,-0.0311909297027377
0.40050681634344,0.916282655247423,0.00451505871225396
0.422725525970372,0.906227969938161,0.00734821031484366
0.450317095165552,0.89267042917171,-0.0188153842388006
0.493940964277319,0.869428348364233,0.0108014290458895
-0.325194245793149,0.945587655648589,0.0106154598595862
-0.275877955347125,0.960848683786796,0.0257130437457657
-0.252319714752757,0.967628299229256,-0.00549873419835678
-0.217481643025462,0.976053492334946,-0.00461682225150684
-0.134655462770995,0.99082538316211,-0.0115311069541015
-0.19422206760409,0.980525503634491,0.0291122856869859
-0.142695311468205,0.989649040198192,0.0152586146091331
-0.117032449053656,0.991726525042047,0.0527437711633289
-0.0682748053268294,0.996904723196036,0.0389810701112551
0.0112640923701595,0.999879718475754,0.0106615572935827
0.0569455939427462,0.998358482936626,0.00612689799060078
0.142530926585721,0.989762414003074,0.00743631585016907
0.185099861545211,0.982713510854855,0.0034923973526009
0.208507746206463,0.977559524901938,0.0300315674815401
0.262570983243568,0.964896901983232,0.00551790736299574
0.278361458337944,0.960332618566898,0.0166180693348487
0.32237972355595,0.946609754854986,0.00113395474855474
-0.3368683109074,-0.940929227251142,0.0342334691634355
-0.398830061131182,-0.915317854558232,0.0559268045306762
-0.358689115826432,-0.931562104309032,0.0594488351692513
-0.270078391766017,-0.961951002801299,0.0413271159247454
-0.290973863432156,-0.955223602682503,0.0536850042155602
-0.200273961088556,-0.978723570730519,0.0446151611719764
-0.230454864998897,-0.971065645804207,0.0626264060696368
-0.129632295095455,-0.990409737717596,0.0477914166189523
-0.160715179558535,-0.984742179121992,0.066734336870447
-0.0567207062250084,-0.997127926244582,0.0501862549760057
-0.0896337181702119,-0.993516587943946,0.0699327251521228
0.00655057586859379,-0.998142612369572,0.0605674444552249
-0.0165237854114241,-0.9972663061213,0.0720199916054911
0.0864492686855713,-0.994507654845101,0.0590004101530464
0.0558591251153082,-0.994509476310282,0.0884910146308708
0.119230167417155,-0.990848241655553,0.063276608519855
0.202807785011843,-0.977411456548463,0.0594629880379568
0.138302395684202,-0.985850437578788,0.0947172744208876
0.18845660992468,-0.978022657275982,0.0891952242584975
0.247680546851276,-0.967258617542699,0.0553634672039206
0.326186346412999,-0.944281367075388,0.0439905354363267
0.268488080675338,-0.959233334163212,0.0882358269944903
0.310332105472795,-0.946946620040111,0.0835827919336979
0.370141652806768,-0.927995282245491,0.0426604382019772
-0.533395387771934,-0.844178474663489,0.0534047115754176
-0.59048508879799,-0.806568298525941,0.0278377391359036
-0.568888661915943,-0.820194487388899,0.0603878563980337
-0.470274323536007,-0.88010392445832,0.0652621082697715
-0.515778926737188,-0.853525002032459,0.0739403113282958
-0.413175417286219,-0.907322838640105,0.0777903659357675
-0.459860080329111,-0.884580831186051,0.077752553770917
0.427844369788057,-0.901305933527419,0.0677997745492351
0.386217101137807,-0.919881890809338,0.0682177231351621
0.499323525384289,-0.865146246209798,0.0468827224774845
0.442489355210135,-0.892081834023802,0.0916142561528959
0.483682220233043,-0.870520695292086,0.090803242775892
0.540096674242241,-0.840232644866279,0.0480071346102638
-0.625715509080147,-0.779090708206801,0.0387010346424625
-0.578409613590578,-0.810028922728768,0.0964129827817299
-0.633145961299575,-0.770998948705298,0.068460300798066
-0.609753622718015,-0.785615523106992,0.104922683131835
0.605749368754641,-0.793708443531554,0.0556292092346426
0.552497509137153,-0.8301176298819,0.0751746164373245
0.5960313280291,-0.799630458579757,0.0730601513781289
0.652312606690189,-0.757002984693603,0.0378780189295639
0.64462770177178,-0.762781580608207,0.0511799413176532
-0.686638212761933,-0.725854607791933,0.0407805483327366
-0.721549352216006,-0.690244858132813,0.0541162465242578
-0.737065693835738,-0.67550818685262,0.0205633768026622
-0.665916983174771,-0.741841182606957,0.0789064719001093
0.69091149110123,-0.722191056834368,0.0328844779908856
0.747925748598209,-0.663334497528418,0.024380709024338
0.701877619997067,-0.710140927879806,0.0553865425646047
0.73526989643017,-0.67544563816844,0.0561370580169254
-0.771800245778408,-0.635349577259627,0.0255987361485101
-0.804106600382484,-0.590314882700237,0.0702916387910407
-0.776739214234093,-0.62738018387222,0.0554102694043526
-0.818123038618917,-0.572447204110613,0.0545792285296529
0.784250232082492,-0.61962858898172,0.0318117147459785
0.829381255140924,-0.556569279038164,0.0485527677048835
0.78937756353171,-0.611505080457134,0.0542641573034652
0.818997605742844,-0.570169873869594,0.064414569151867
-0.858959761441733,-0.509439308387895,0.0515724664256384
-0.880389662933849,-0.468584235248559,0.0730948416493665
-0.891896144766545,-0.448467305371974,0.0582953082415352
-0.842368036963188,-0.533592853684762,0.0754636124190827
0.870559052911947,-0.49072036603191,0.0363381033429349
0.857476823787563,-0.510479245064639,0.0643773020980941
0.893632282518889,-0.445508366820338,0.054255310644729
-0.909552563855571,-0.40837187060546,0.0771138695822875
-0.922242004767754,-0.382417641250985,0.0568016927739598
0.926886483204139,-0.36972576056759,0.0646862367600737
0.894581995103683,-0.439157566508295,0.0828473645617444
0.914068154377019,-0.393277816825479,0.0990553781819768
-0.945309418453717,-0.322066438149817,0.0516072940598943
-0.95669437246317,-0.283904484713959,0.0642971325690571
-0.966093902243845,-0.255936974281539,0.03404169858969
-0.934846540869,-0.348035272623081,0.07023812380355
0.937989880029358,-0.34057858304197,0.0646623053690035
0.962650335174093,-0.261945553927111,0.0684752434608708
0.944273564615919,-0.315042460544853,0.0953712913899691
-0.976322749791084,-0.20956662848982,0.0536257071168902
0.97733725584348,-0.201993638553036,0.0633281795446681
0.966451641461466,-0.244199353365562,0.0796109322409881
-0.975633997638607,-0.204202833501972,0.0802465291553207
-0.981610532808029,-0.162521597328921,0.10013736706142
-0.989740594833135,-0.127908200776436,0.0636635461900031
0.981114590448939,-0.170091473392243,0.0921034803222235
0.988848811978079,-0.127727636398945,0.0765746560519913
-0.992929917107258,-0.0875992284804958,0.0801034011949295
-0.996626252937644,-0.0571374568672631,0.0589187828982748
-0.996018759562851,-0.011699076330047,0.0883728590230223
-0.997514000656005,0.0179612901155919,0.0681411076563503
-0.994295895606799,0.0619689443326802,0.0868073840048555
-0.99416345850051,0.0923274723454044,0.0558090999086474
-0.991224872128585,0.119615215662993,0.0562623591361586
-0.985734047075239,0.143700690354902,0.0876270507788234
-0.978668078939784,0.189193870293421,0.0800903908575121
-0.977813154380054,0.204212300010401,0.0466773140378885
0.976642209525741,0.210347992200188,0.0438601955083213
0.986390612553838,0.147813625815222,0.0720048018469774
0.978659694796704,0.192650763072387,0.071490455782909
0.995132604334147,0.0651765407664941,0.07391291040713
0.999082097274226,0.00170486545740452,0.0428025272607397
0.996789629896898,0.0259248710551946,0.0757517972775343
-0.968318715429087,0.246108658887494,0.042301221854255
0.96475666223154,0.258927687807454,0.0469151912129164
-0.959808989854999,0.269747442476241,0.0774791602371425
-0.948737668109485,0.307492707310081,0.0731099997352858
-0.944949481253297,0.325179204877296,0.0364549392331828
0.939562367084561,0.338647508270366,0.0504026140267541
0.957827555061702,0.274447556359991,0.0851170580586076
0.944580537757877,0.317119744727259,0.0848685760052491
-0.929996445737991,0.365964412721773,0.0343024712799453
-0.92073542776792,0.384427821352704,0.0667946272018805
-0.902735940915357,0.425145431402382,0.0657204925221099
0.893221670118688,0.446349506828289,0.0541032881119518
0.915103295592169,0.393078114169856,0.0898640893628924
0.926772711239773,0.372124834507043,0.0511414630645842
0.896478728546432,0.435136795221132,0.0835575173665145
-0.892707827171344,0.440691908137839,0.0941455118890376
-0.870540184154281,0.483285676854359,0.0927078331105565
-0.865755820115328,0.497746806908781,0.0521054330041295
0.869216319873262,0.492340573398779,0.0454285048328095
-0.838806099620755,0.541872555514227,0.0527111071738909
-0.82986858431145,0.552690387907509,0.0764948879831698
-0.798918495709228,0.596595170367358,0.076180311813805
-0.791858815013176,0.608152734181434,0.0557661993825589
0.786968738257636,0.616387484222042,0.0273253417106968
0.822650908317193,0.564326765749405,0.0691432173370219
0.832812108895899,0.551031208234203,0.0528071853853311
0.795290151207873,0.602923301891527,0.0632223649350198
0.859973641275174,0.506409326016196,0.0632054652363255
-0.761879970425228,0.645453770844011,0.0541141420342296
-0.753240292693533,0.656770771413582,0.0357940676616723
-0.720415321425283,0.692595380756064,0.0362409052186583
0.71110500335587,0.700538385138865,0.0597966984814291
0.742418673096017,0.667292365021059,0.0594593426044218
0.753950262930304,0.656211643758925,0.0307454000223636
-0.708783892539389,0.702852713183136,0.0601951596709841
-0.673073132976634,0.737019147391076,0.0614437469882042
-0.661754932814327,0.749174078995402,0.0286113309249495
-0.619679356601158,0.784234445874276,0.0312062318558694
0.618539856489047,0.783845104139002,0.0547293216824992
0.651997799478435,0.756397970496258,0.0525450254964201
0.666425658936002,0.739770942650993,0.0928212988541809
0.695525968199189,0.712586639171174,0.0919995067123302
-0.609352869005591,0.790795093867021,0.0577252158982876
-0.570456787853292,0.818684071229297,0.0658440939456819
-0.554491068413248,0.830907615906907,0.0461756307789655
-0.511332208664488,0.857262393785916,0.0603370581213395
-0.493861171301152,0.868576878140636,0.0409310425046981
0.494026355439613,0.868794967679599,0.0336639906377454
0.551671944310938,0.832609521209784,0.0491879157009457
0.512504508811705,0.856845260955679,0.0561722994497055
0.569552077849952,0.817185287899013,0.0884230504914244
0.604080239943435,0.792486977013315,0.0839729419168991
-0.449556241681133,0.891448723887465,0.056730575926436
-0.441557275769381,0.893433685767584,0.0824828548904172
-0.39889432608117,0.912074280568025,0.0948884784711391
-0.374920537488097,0.925251086407915,0.0578361277283452
-0.348021149132455,0.935736385670259,0.0572599012336433
0.352371266373455,0.93463268068881,0.0479191279429884
0.368063237797239,0.928550372765396,0.0482043381808766
0.396789102017368,0.91382608208566,0.0864887288623372
0.440725230576908,0.89492591972224,0.0697772838553812
0.444042104496273,0.894012130658297,0.0597404358063602
-0.320971908201607,0.942887624075558,0.0891064672768947
-0.269348625795347,0.961292602900017,0.0580331749249447
-0.246686821415459,0.966191299964161,0.0749665526318388
-0.201155566794785,0.977868804666146,0.0575242453950588
-0.171480086481389,0.980833843222855,0.092517846543347
-0.124964767307826,0.989060378949883,0.0783796767230862
-0.0414140882433535,0.996724658386762,0.0694609865951007
-5.94533656562021e-05,0.99823088752474,0.0594566367772939
0.12841201744281,0.991178425777693,0.0327975921238557
0.0767684280566345,0.996433210009659,0.0350352171901464
0.142249541150293,0.987197616141296,0.0721521637061166
0.172200876547552,0.981474762074748,0.0839889845549528
0.20707275141732,0.976510230356793,0.059570509725735
0.247112505432992,0.965185759021701,0.0857429894529688
0.280055140975716,0.957956545879361,0.0623568297779439
0.319616408471037,0.943967201100152,0.0822877553662806
-0.342349702439396,-0.933319746133871,0.108217062962657
-0.356415108498615,-0.925304387312438,0.129537875751743
-0.400117012898879,-0.908517055831017,0.120428963513844
-0.297807616925776,-0.948926525911405,0.10415887731107
-0.231019979974696,-0.967303194404451,0.104662786831977
-0.277438343989974,-0.952638391319853,0.124531364192414
-0.16202792467536,-0.98094942288833,0.107168938412433
-0.201265255375843,-0.971216765877216,0.127398157983144
-0.0911700895471954,-0.989414763298953,0.112900137015119
-0.128016125753715,-0.983209292812486,0.130043677563269
-0.0221705446796209,-0.99279766667131,0.117733852398587
-0.0581933620625642,-0.989259975539013,0.134082934814269
0.0561674087196829,-0.991547021706091,0.116960360565005
0.0135366759908371,-0.989798726483681,0.141828204015997
0.125943977381152,-0.983573840905358,0.129308213382203
0.0883149416280145,-0.986050876401502,0.141082033700501
0.20928792538502,-0.969179850502025,0.12995761489388
0.156921551585764,-0.974073498579288,0.1629614862887
0.1985407318487,-0.968449344018233,0.150623523619779
0.253309638627506,-0.95961237834679,0.122385907285192
0.331292631802366,-0.936569344953269,0.114381179427677
0.277075578109781,-0.947738638304393,0.158179004548853
0.311348458122721,-0.937400740621589,0.156019194673925
0.368623157944413,-0.922850461558813,0.111642254669876
-0.519888431728893,-0.845659945064404,0.120728107200195
-0.551501648542323,-0.823764989286837,0.131366563783777
-0.463487259560842,-0.876813499553002,0.127975182072146
-0.492805345761512,-0.858274279541514,0.143206676752068
-0.425331943025011,-0.892237572891856,0.15167350382522
0.426457488595301,-0.894459000234984,0.134451133575071
0.388600687804229,-0.910713917602268,0.139963087003713
0.497000288989138,-0.860231354937775,0.113985651406806
0.44774953997769,-0.879037316422502,0.163749032933002
0.482046645974481,-0.862125546547333,0.156110771874385
0.539047785596111,-0.83471726242549,0.112581422325468
-0.617968190295438,-0.774017665659819,0.137883896918774
-0.651794228002524,-0.744902610932542,0.142423258523583
-0.672571000692125,-0.732252340054174,0.107026910229057
-0.559332419529599,-0.812060063511022,0.166450286012492
-0.599942025773579,-0.782279860287511,0.167653767924397
0.603627906123124,-0.788350596573035,0.118897804152782
0.549545435922044,-0.824459958266009,0.13515025369292
0.592430429902254,-0.794101185010236,0.135755271320008
0.654956481479182,-0.748368043815576,0.104772507672854
0.644630383965078,-0.75507486001028,0.119639558046211
-0.702995559632025,-0.701739152931467,0.11558288965363
-0.756116235588223,-0.647684881360237,0.0937685061055708
-0.725058936890786,-0.684578462270269,0.075112362700674
-0.734926070786069,-0.660897205623975,0.151982084725048
-0.710013948837492,-0.688875552681466,0.146050215248032
-0.757850289923066,-0.642565295348773,0.113016721226856
0.687498956541669,-0.718945034534916,0.102289892324234
0.743942236623734,-0.662198505225634,0.0896832662441124
0.700377113658327,-0.702587186859511,0.125869549631629
0.728858054516767,-0.673796907720433,0.121505816784282
-0.799513114825446,-0.588225977788726,0.121527685226911
-0.785235766991678,-0.604657656671673,0.133393809696375
0.773613749564507,-0.626719652705153,0.0935106592740997
0.818066155724391,-0.564376331523122,0.110666712587029
0.779926512403488,-0.614018986743765,0.121224251568293
0.802497074099419,-0.582121628463952,0.130892535067317
-0.840792293380041,-0.5301840607639,0.109422032080534
-0.862387029834106,-0.488960984867825,0.131170751507317
-0.874516165744556,-0.47060900532827,0.117254594602415
-0.820500632735741,-0.554897349222652,0.137359541007975
0.857502626638622,-0.505006262374976,0.0982747183660242
0.842067084549732,-0.524960060993586,0.123854590062398
0.879564506590333,-0.461803063208072,0.11447361948565
-0.90560930751403,-0.406133443882638,0.122177771726231
-0.893301928051646,-0.427619656729715,0.138394705525797
0.913670159547115,-0.385591525915253,0.128553547969304
0.878873633860039,-0.454379040518622,0.1453300493464
0.892586640196939,-0.420371351151846,0.163024589779304
-0.932285997018915,-0.341474193643383,0.119323907235926
-0.942483056816273,-0.307232517540754,0.131658147411483
-0.956298869750063,-0.275325651728197,0.0984289450070206
-0.919747028539171,-0.367380270558676,0.138192403183383
0.941195692709507,-0.315470043627624,0.12095172424838
0.924326602343467,-0.352514027642139,0.146130737751163
0.96212177836556,-0.240843485281642,0.12773448708976
0.948643146547604,-0.278793174423918,0.149500991310748
-0.96483620035689,-0.236830950411515,0.114027222223719
0.975661845972642,-0.175915115094171,0.130911552563791
0.967344100216342,-0.205892438108448,0.147829955375743
-0.962427023651717,-0.228333876780339,0.146962120491502
-0.979609449997942,-0.156443239105066,0.126058868839301
-0.967904442982102,-0.191611090065766,0.162622813342148
0.989835818359448,-0.102704170997511,0.0983712658879355
0.978650111758781,-0.12938294818375,0.159699754144474
0.984011816387031,-0.105590295484289,0.143427454520526
-0.982468332226183,-0.116949863505562,0.145185073608595
-0.98861867504877,-0.0850551940405309,0.124091616604593
0.997388272020093,-0.0475086461319241,0.0544018692646203
0.994840664844901,-0.0556270973852293,0.0848391278093355
-0.988726199453585,-0.0468930160884884,0.142202487869214
-0.992397909505052,-0.014196990248262,0.122249068208688
-0.988829054919691,0.0244347388460873,0.147037558753379
-0.990528812769271,0.0663267098130684,0.120222454804718
-0.985619566131694,0.0965884313736783,0.138653329506156
-0.983182947264899,0.131550231393289,0.126672131220241
-0.973760780947765,0.164750193598797,0.156994634294161
-0.968668835038178,0.200831433934737,0.146107573963491
-0.969338820547821,0.214405891931676,0.120051507628777
0.9714888063159,0.209051197795705,0.111835128216001
0.986243460305847,0.12726969816922,0.105481092769579
0.978435205538085,0.148841764002963,0.143215494455496
0.971515533205964,0.188852679901646,0.143151088132427
0.990414017156544,0.0879829225407447,0.106485116147871
-0.961012781890535,0.252358046721541,0.113003757892841
0.959824926691888,0.256638293607416,0.113458787033817
-0.948047609081778,0.280077494183306,0.150871893228411
-0.937359237615234,0.331030455658603,0.108519570050036
-0.939378490352738,0.308934352093919,0.148753547718772
0.932923031288845,0.336688909862456,0.127652636739172
0.951339470215737,0.269082584747705,0.150159165538221
0.934571162159755,0.320249404296675,0.154974391132823
-0.92471965382915,0.365637111166426,0.105844531081998
-0.911500629152603,0.387220552701291,0.138660905161174
-0.895499645711528,0.424800950427212,0.132757436878938
0.883789143770543,0.453228623756656,0.116191927262513
0.902291579215509,0.40026678493956,0.160176174729363
0.917879977540004,0.377670871666012,0.121905945409552
0.884136551632,0.443807639458887,0.14607305441527
-0.8793898775738,0.446534974368861,0.165166461141896
-0.860344850438703,0.49614634667265,0.116814130168351
-0.862294908478944,0.481385551209763,0.157211456000389
0.85989721094137,0.49945255120241,0.105470070222113
-0.834157616213221,0.539240012046789,0.115763900769004
-0.824417279287739,0.549137469979885,0.137055421913517
-0.793486834912282,0.592848254417538,0.137512145118045
-0.787931142815935,0.603810992590691,0.120734416830575
0.779033680796029,0.619175917903738,0.0986291380549077
0.810908147159037,0.569030670945149,0.136499349429991
0.823033615447717,0.555165233843831,0.120030125277716
0.785626156493418,0.604651582709525,0.131103034900976
0.847056237364804,0.515791896763479,0.128274900017557
-0.753978184176657,0.645566368536053,0.121494697830168
-0.747462926678338,0.655642212147937,0.106922695865811
-0.71803886473626,0.688158559483489,0.1042016589977
0.708175024749953,0.693795357429552,0.130905066096023
0.733782375761813,0.666808989877754,0.130112244003243
0.751830445500381,0.65253632828172,0.0945902822244964
-0.700805939516503,0.701394032524166,0.130067083760194
-0.671610444333544,0.73022707825404,0.125330863105092
-0.660279784427239,0.74528646314783,0.092621240141323
-0.624900964861556,0.77470314982914,0.0966116647196701
0.619629125308676,0.774873233157104,0.125024875948195
0.648092985796185,0.751189588259503,0.1252584697827
0.660487472379848,0.732653379850709,0.164241662870942
0.69021309729508,0.704930910158329,0.163334908166268
-0.611598177541749,0.781183324473635,0.12530076931899
-0.580238163410636,0.803328626449779,0.134114844995486
-0.561834993303059,0.819595737636278,0.112268727384774
-0.524125214724369,0.842710297461739,0.123012657243398
-0.506538422363595,0.856062946652879,0.102835101193071
0.50246211796621,0.858397199247697,0.10337344113756
0.555372409999794,0.823322759913306,0.117051780079405
0.516989099208286,0.847277268647491,0.121833908798216
0.569740991362189,0.806908196675379,0.155866497040636
0.597082450611708,0.786192577874891,0.159354252111295
-0.463392282839948,0.878459488065507,0.116518324876686
-0.453903223361856,0.878566581526296,0.148635882770329
-0.423424024541689,0.891252084773517,0.1624248036101
-0.387118378248035,0.913127913746557,0.127815391715834
-0.363893416291538,0.921129716044869,0.138208638654653
-0.320722378451498,0.940887763188249,0.108937473089046
0.3224948459062,0.940167236481651,0.109921070820799
0.387769172822609,0.914290440493031,0.117081420522338
0.357405838003615,0.924507969294257,0.132461623394636
0.42444665553388,0.89248780189519,0.152677961980097
0.447520573196089,0.882606619479455,0.143982262162019
0.462831122371023,0.879581799314995,0.110105451629675
-0.289082617723784,0.947256007177975,0.13833761959498
-0.245821128825614,0.962072517889007,0.118272748110489
-0.218944735789875,0.965845696171639,0.138583165848616
-0.179745080552271,0.975533854204036,0.1265914899157
-0.150441926417957,0.976117246620984,0.15672379406052
-0.0975571441459324,0.988330406488978,0.116985517203719
-0.108447796000116,0.983483561564045,0.144910868039697
-0.0521962951501233,0.992839848931679,0.107445712552536
0.0625025634509915,0.994993256514811,0.0779862106535972
0.0995273128784641,0.989201337437306,0.107587304099684
0.101142099617378,0.986039466581378,0.132274132123023
0.147911243402743,0.97726434216015,0.151910070822654
0.178257945129101,0.975556249373844,0.128507234450006
0.215115903814854,0.966110957498265,0.142670129065982
0.246458781666763,0.961687117726365,0.120066467169197
0.284551930600025,0.948176986910344,0.14138811932203
-0.313866549217718,-0.932269335443468,0.179893511483758
-0.277858839357692,-0.948394573846012,0.152781535828903
-0.347646989291977,-0.923451898005785,0.162413555178552
-0.237138552129764,-0.953709341511441,0.184942691144075
-0.273762967737781,-0.932941275948349,0.233825604088324
-0.238563521371136,-0.948490531424857,0.208454210963452
-0.306774430251587,-0.926843170108385,0.216451350116494
-0.202108977374149,-0.96587963912103,0.161952104019075
-0.131461566863306,-0.975837792363586,0.17452352114488
-0.162957054869837,-0.968610494788529,0.187719758293233
-0.0604447877958285,-0.982248420132359,0.177579471718443
-0.0981645632885576,-0.975746660587984,0.195658306406258
0.0128558505426627,-0.983794932530554,0.178835840462776
-0.0256916404626112,-0.979536122144732,0.19962195526545
0.0801172414279441,-0.979023360949572,0.18733522450671
0.0485563194485523,-0.978267917237872,0.201579180335385
0.145491619084958,-0.968996381140753,0.199695273134251
0.121184457547024,-0.969650722883583,0.212348305527446
0.224311717032686,-0.953973536425194,0.199044581444101
0.193872685876181,-0.953698390102232,0.229940780175173
0.252187176877758,-0.947012043746324,0.198921634866187
0.332985533345592,-0.924264951563067,0.186694761294131
0.31944088267686,-0.921312955548199,0.221675349133977
0.275249220799057,-0.932918155439805,0.23216714173264
0.373473106149654,-0.910235682613105,0.178854245352981
-0.492183189940388,-0.850857131678182,0.183841913100581
-0.545675970091373,-0.816209650056497,0.189840835489867
-0.508635174732675,-0.837817971372151,0.198371635750966
-0.421818639129869,-0.89041815412578,0.170951883539973
-0.44941198662443,-0.869479281771159,0.205023522672381
-0.381141351167764,-0.903562957097252,0.195717278214469
-0.375552413520757,-0.89922830449741,0.2243854743281
-0.342295284537772,-0.907446049866963,0.243671099566714
0.396459277784882,-0.893521568271481,0.210806186085615
0.343534441293336,-0.90373231938506,0.255444676092838
0.38387812549623,-0.890945374777192,0.242598276845961
0.433439203746024,-0.878613213416717,0.200422747874494
0.504795828383638,-0.84318862062572,0.184970596835745
0.491458820535557,-0.842157717858966,0.221897737636908
0.458563272362236,-0.857263895091738,0.234133165981624
0.535261548356341,-0.826267528164951,0.17543388142361
-0.608362115551128,-0.766183941531461,0.207021023332101
-0.638024968030152,-0.740755952603492,0.210249277888455
-0.660300141020445,-0.72961502909306,0.177948400076861
-0.560457597415958,-0.794018476642005,0.235418648899872
-0.584640335999265,-0.775848225197957,0.237181805752141
-0.499067253829418,-0.828718651591385,0.25329285947243
-0.53187467278723,-0.804111536433042,0.265544665588991
0.559521430888101,-0.803122063585797,0.204769918099859
0.517527042387348,-0.817498978875985,0.252707696627003
0.554771568288665,-0.79931136691495,0.230932556689371
0.596175196347032,-0.782472875001109,0.179753540015426
0.647154602633578,-0.743584085907494,0.168147635949167
0.616158283844884,-0.763851163351439,0.192042624164481
-0.687662144399888,-0.702969411629103,0.181534518682206
-0.695767315479372,-0.684544495020653,0.217500981716285
-0.741953190711243,-0.644703789189016,0.184017626869629
-0.72645784326472,-0.652252688416053,0.216391849230052
0.685944285333012,-0.707032137089931,0.172005797986663
0.671931889566723,-0.718044166745844,0.18143899907561
0.742397552321375,-0.649333665416446,0.164959586760135
0.719006309362881,-0.666906173050768,0.195617185960611
-0.773841470698976,-0.606605665177951,0.182205777077627
-0.819951904775787,-0.547258656613372,0.167889358258008
-0.780954581924216,-0.591479778651145,0.200652965137238
-0.797890062414334,-0.568065749833815,0.201674867462943
0.755118403265,-0.634460086907097,0.165095715184726
0.801338756339159,-0.572258597588121,0.174287965950859
0.770743968696475,-0.605188150077223,0.199251192528713
-0.842295603792428,-0.505681440461199,0.186612959370554
-0.853641882602181,-0.490471683422917,0.17530848247502
-0.830131865202359,-0.506765077462736,0.232530089751497
-0.805913926087117,-0.540461198012811,0.241670099891168
0.840725307270411,-0.516849925550092,0.161391177497214
0.815408200700782,-0.546999956583474,0.189474308885376
0.855989349660843,-0.485427345792231,0.177883459670418
-0.885192361256712,-0.427923244697523,0.182527204055477
-0.912915309367901,-0.362470042063063,0.187619579278153
-0.899663976631494,-0.386354855355002,0.203309259246162
-0.872155404782365,-0.448063268890712,0.196428758026613
0.889994418880586,-0.411269506802191,0.19689420290118
0.853642088891543,-0.476157326523604,0.211114624009749
0.864972471923965,-0.447648760473392,0.226788910796763
-0.923706502930421,-0.325458907315803,0.202096007117549
-0.940841596231486,-0.294934213327666,0.166825959039292
-0.8881997193916,-0.386162400882629,0.248957543804654
-0.893590329636661,-0.358383119771507,0.270292179396087
-0.920976500477755,-0.315908272787715,0.228044400834642
-0.903216148366479,-0.336155724734715,0.266833127737357
0.919217129830731,-0.346042689523881,0.18786783985779
0.898738234747297,-0.383752919273462,0.212139770793709
0.942501451403192,-0.278928159593648,0.184092628555783
0.926313023566198,-0.315925076786373,0.205269404025958
-0.94899937098503,-0.260733766084297,0.177251508014789
-0.933106594387415,-0.265410561857197,0.242630000546857
-0.943494492036873,-0.244820251395912,0.223340968034363
0.959963871318103,-0.206495505792579,0.189285424297349
0.946976008946718,-0.244541976068409,0.208412236732642
-0.964759470276671,-0.183369999288966,0.188718329454885
-0.967685831822742,-0.145412490338301,0.206008103100681
-0.975597882176398,-0.114733040448485,0.187203369954636
0.972151220585712,-0.133036901512691,0.192933115741213
0.961700393108566,-0.174076599764357,0.211730232393275
-0.975640815328485,-0.078905405176584,0.204692297117133
-0.981330231367761,-0.0461706420621517,0.186706317020246
0.985272800071053,-0.0566441047369402,0.161334915125949
0.981600410308083,-0.0477227230412946,0.184886928116963
0.970081142569785,-0.102451662743469,0.220105051354118
0.976115180601997,-0.0602076113243759,0.208744335820024
0.992583073886299,-0.0309255417096507,0.117568925760133
-0.978821398579908,-0.0113944184770042,0.204398720420758
-0.982616305254063,0.0249946658839889,0.18395777593296
0.993008368155684,0.00473198477909156,0.11794909534556
0.982089483849201,0.00597589260300471,0.188320297420134
0.988760165725403,0.0254331147831719,0.147331230046788
-0.977157745247716,0.0596734628862561,0.203965239022638
-0.977625950144598,0.0912921157130414,0.189507918601067
0.98687407434452,0.0666553758751131,0.147093923238159
0.979964400006154,0.0875284892364025,0.178909301861505
0.976164391060971,0.0217216066909094,0.215942708669058
0.973396740606304,0.0627501282369118,0.220366074483515
-0.968968037302256,0.130235863027278,0.210094175712117
-0.968086823891526,0.152269108201751,0.199052807302638
0.975594860561855,0.125763129848727,0.179995286649251
-0.953699241062789,0.199477114629262,0.225092510616066
-0.953280610538625,0.231755340255628,0.193766714979906
0.961103893549202,0.207984608283442,0.181718762162159
0.965888742972768,0.145451880287807,0.214249123030241
0.958697205784498,0.187811127999632,0.213603950854148
-0.948284479109738,0.25179418147818,0.193277616017235
0.951468296771647,0.24901930582148,0.180824405340233
-0.924912196976058,0.333427383180384,0.182657077690417
-0.911810777030871,0.37159068883456,0.174703940601855
-0.932968439275861,0.27887475296173,0.227593417030674
-0.922517120238256,0.318651641629471,0.217768900796598
-0.904040167114797,0.344876099392448,0.252530893775197
-0.891978765772426,0.382923981183081,0.240297952646292
-0.894004835224802,0.395995807023954,0.209625082979404
0.927154658809485,0.327252222472979,0.182456081110942
0.928867091429726,0.295617904256173,0.223194939777022
0.937005703203078,0.268860139646755,0.223012415515444
-0.879465882280682,0.432317241668644,0.199101894667725
0.865449202004265,0.467161051101044,0.180992350900107
0.901346625646448,0.389215635123936,0.189961706169513
0.863836899138555,0.457521266561297,0.210855643345945
0.876292336062425,0.426189390131885,0.224664962771836
0.907486370331047,0.369413209041959,0.200005921534097
-0.843111921833644,0.504058274440008,0.187316692343586
-0.825774663132099,0.53549247480769,0.177042410606621
-0.857390952607662,0.457811616630835,0.235136722066942
-0.842137712816061,0.491362240774722,0.222187355611828
-0.817039105528164,0.517498695789975,0.254248303619536
-0.798789351729171,0.555277915582676,0.231521074700013
-0.802520505846577,0.559733100948373,0.206542231513249
0.847035291992984,0.505031066500742,0.165755349800493
-0.782022850175567,0.596416298197702,0.180908432770373
0.767058956500802,0.619464478522017,0.166985978756742
0.80852512098179,0.557384012578519,0.188706627502193
0.780458385457456,0.58991577142047,0.207084744002382
0.821761640918043,0.533060548939674,0.201380874662461
-0.762674609397054,0.617096285585555,0.193699805104607
-0.742788689972842,0.647640484926229,0.169784464345084
-0.716327945658419,0.673183812987927,0.183569682136855
-0.705605682743366,0.68682444739161,0.174335306078483
0.700712515238705,0.683852540761171,0.203341273435422
0.729590591074965,0.654028839011654,0.199859568587423
0.746100122741118,0.64377531690839,0.169964549789627
-0.664415605843219,0.720268525810376,0.199412019294063
-0.64705469914615,0.743640069122149,0.168284473166394
-0.631928166449734,0.756537416581728,0.168279320652666
0.607720813190177,0.769765903335015,0.195284068163017
0.641760193673689,0.741405276500992,0.196117489766714
0.650473689788633,0.722824588169517,0.233256497509349
0.684133848773108,0.691433514932946,0.23212188908064
-0.601841526528479,0.77221733650835,0.203634874571673
-0.568975216815549,0.802920655832976,0.177723445517023
-0.544314458374541,0.81673599543269,0.191478678105429
-0.515413114708118,0.840633366298786,0.166387693811914
0.504707880635728,0.846036823823606,0.171731324919645
0.541601971138506,0.81853995909667,0.1914670734641
0.544022997645163,0.809126590504039,0.222155662931378
0.58865314385429,0.775972411125634,0.226614856976171
-0.484480070761469,0.855844220914315,0.181134564792398
-0.473665480177087,0.853537603102835,0.217058915914727
-0.446330526185268,0.864703144708168,0.230385617882252
-0.41038920289213,0.889360663920059,0.201539851198799
-0.388188222229299,0.896932936715175,0.211710205606504
-0.3475860155492,0.919093364977631,0.185610743893576
0.350714759817663,0.920030857957898,0.174763776713865
0.379950755039624,0.903328038547474,0.199087615181841
0.406954214479887,0.892883651188778,0.192735707010545
0.483681071115793,0.855871342843034,0.183130734570525
0.472182574601571,0.855701735580856,0.211702989980168
0.431819651418819,0.873917350492437,0.223159703254887
-0.334439271222739,0.922819608241053,0.191191904927567
-0.29030523512108,0.941793230559244,0.169553476325547
-0.262230880603624,0.945046241494829,0.195250010740962
-0.224002142882741,0.956145404837464,0.188703483783797
-0.206888089183335,0.957049741647243,0.203108617658174
-0.158653544496607,0.967871519427573,0.195073767328218
-0.0765346540365154,0.9791535425305,0.188150968324598
-0.0288634779770336,0.990453388516102,0.134792376698537
-0.0448005332738279,0.982310595524784,0.18182080776997
-0.140106820365643,0.966185106576509,0.216463435057217
-0.0908275450167131,0.972887275507318,0.212698627692294
0.017618593555797,0.991217962416108,0.131059284847642
0.0307887855678629,0.995720070295551,0.0871412204061781
0.033442528922315,0.987849837924217,0.151770533939822
-0.0116068842337791,0.977950973986485,0.208511804743208
0.0160173057563635,0.979342243549487,0.201574343396588
0.078538784560611,0.984821830836423,0.154782495223906
0.051794499315853,0.972576236392908,0.226743895715909
0.0897784497903489,0.974293214312995,0.20662178611389
0.113027567598802,0.970086189390581,0.21484309185161
0.149692570648944,0.969647948245002,0.193326125386016
0.182320841774877,0.960695388268628,0.209340587593258
0.218381358445793,0.957752701312363,0.187134564985311
0.287482038733297,0.941377107598271,0.176531070057544
0.249852543719188,0.946997624811901,0.201913855388057
0.314739005083478,0.929756314233199,0.191030245831802
-0.267555785714069,-0.925552741140105,0.267891815662528
-0.197227448077202,-0.949913378528925,0.242416804319993
-0.216203605063858,-0.933653826452767,0.285563536726064
-0.21002786149706,-0.930494741070371,0.300113035763785
-0.29192623339353,-0.909803387782912,0.29502011767912
-0.286214411929558,-0.903224741695608,0.319791144956704
-0.243618515072678,-0.907466487747156,0.342278530921271
-0.171247717045478,-0.95668443862919,0.235433863943706
-0.0984460756292105,-0.966436945098153,0.237293070574251
-0.140053364013786,-0.956263230873687,0.256798926219407
-0.0265317273327563,-0.970693280704502,0.238852720813204
-0.0659812144567692,-0.963762812047577,0.258471896833981
0.0433588962736363,-0.968761046319274,0.244176250377301
0.00723120095503575,-0.965454532362759,0.260471218511671
0.113487329653542,-0.961177033545874,0.251514087462437
0.0793705080188966,-0.960162006576407,0.267935148093693
0.193182709779793,-0.948363079952594,0.251570883102491
0.151639518919855,-0.948311525574925,0.278766401783847
0.263297147185,-0.927737044410943,0.264534664480649
0.227609932225079,-0.933136580769184,0.278298114228054
0.332054072032631,-0.899294910399246,0.284620374141697
0.295889327168145,-0.90730719038412,0.298735950875111
-0.442646246948474,-0.866084205552024,0.232298189738427
-0.476977432968399,-0.837743841196969,0.265852938624767
-0.409207568783081,-0.876975090282076,0.251920337955045
-0.335476506893446,-0.900915518505561,0.275330241416426
-0.401891945885252,-0.869558458661814,0.286968553681856
-0.363714908254656,-0.880430365108704,0.304226622286515
0.409322633498617,-0.868971702460959,0.278106386168782
0.36174638197305,-0.87568184153282,0.319876331633175
0.398390187866264,-0.865097044928883,0.304782481562173
0.446629160450989,-0.855045201497021,0.263476937191405
0.509879510026663,-0.812911442853687,0.281421163618707
0.472841594926907,-0.828288663211211,0.3005972662929
-0.594672172944095,-0.754625739513838,0.277317507541701
-0.645919233849138,-0.721982708945537,0.248051025652802
-0.625771048732737,-0.728882174453007,0.277743353354472
-0.53476494812187,-0.789194942046609,0.301989724507745
-0.57210879998714,-0.760484168781235,0.307173159651667
-0.467019929844322,-0.834763344795528,0.291654835917367
-0.512173248586787,-0.793787061101503,0.327994916210444
-0.486484047992273,-0.809701820670646,0.328201512262957
0.577702785346995,-0.77472537829108,0.257021555582537
0.534792187068518,-0.786439893758324,0.309046291283147
0.571827724871424,-0.767938815531164,0.288587991207125
0.615569149045779,-0.752785969462683,0.233212150033364
0.663022412451511,-0.711810822115766,0.231790064726373
0.634906646172761,-0.731443113072077,0.248766000460441
-0.67768621381301,-0.69221985687094,0.248139205611212
-0.633105100671313,-0.707091769186054,0.314958983763445
-0.664687675077647,-0.677966363387851,0.313929776724866
-0.684381980026827,-0.671695612445455,0.283630586566548
-0.576716695299507,-0.741234667958392,0.343466185205223
-0.612693890621501,-0.711646001051303,0.343753059015883
0.686418513830424,-0.682711311641637,0.250469337100149
0.71602510623334,-0.661089779780926,0.224206044326957
0.737706797637477,-0.628984866940942,0.245289049651108
0.681469434329469,-0.673749863226336,0.285763069477438
0.730325148587583,-0.621711743152598,0.283018878816737
0.701075549235056,-0.644767159022093,0.304579029007815
-0.758715699719506,-0.602308528014498,0.248142950897562
-0.733551985156957,-0.632648418974727,0.248309208530546
-0.713719592888249,-0.640800547338551,0.282805589156306
-0.748468417001743,-0.584979712445238,0.312400007647874
-0.719700265170871,-0.617991955246739,0.31641345035142
-0.766569049627393,-0.579845595136558,0.27595466648362
0.765379362256613,-0.603912228244697,0.22245101125458
0.783175878353488,-0.568419844233061,0.252060358341618
0.81242054135639,-0.53842502470585,0.223766299412345
-0.792021478868035,-0.547304778556928,0.270480048026545
-0.823858624450567,-0.483727415894415,0.295406083265953
-0.797303378959063,-0.521486154054099,0.303907079598888
-0.837944142541393,-0.483538231633897,0.253062032966095
0.826224713845251,-0.508920796388209,0.241562300938961
0.821563779432587,-0.499345689430842,0.275112411154571
0.776859393833298,-0.563831674605317,0.280327174788183
0.791117980126395,-0.531529884505452,0.302668669337205
-0.86063896633588,-0.448282528377568,0.241543669707413
-0.867378780195558,-0.423603844948377,0.261177782767634
0.859902108887704,-0.436392537320969,0.264820536403516
0.832061048704384,-0.472117687450054,0.291168852087194
0.867711351051113,-0.412139396287501,0.277881502235804
0.891850546125241,-0.374351277942796,0.253897073789172
-0.852674991828759,-0.42308355644745,0.30650556695369
-0.856748751684033,-0.399683054197184,0.325937160623735
-0.872464178048673,-0.368954997493834,0.320434810602996
0.89838139619957,-0.347330658765457,0.268835043184599
0.858838985487884,-0.399395026406283,0.320747891478754
0.864773817084195,-0.376427988577775,0.332367589726979
0.888204923213364,-0.338858967264923,0.310268616981627
0.917717331420737,-0.310914253924992,0.247239208695278
-0.949210542099437,-0.217267179274665,0.227583654020504
-0.905356634566418,-0.298804575997555,0.301736954331899
-0.92173539296823,-0.26220358731579,0.285750142866863
0.937652339230495,-0.244633065808293,0.246906366561934
0.922973318029272,-0.278256705387342,0.265882417833556
0.951731057882875,-0.174937280552794,0.252200200899876
0.940422404949917,-0.20674122788013,0.269932889738968
-0.945344218652978,-0.191061909612392,0.26423409120448
-0.957448975798449,-0.143419286434556,0.250444339167615
-0.923757458964989,-0.232571722771565,0.304273808885374
-0.935610407210964,-0.198342913280518,0.292050089316765
0.958705730167857,-0.110126623308234,0.262212604163191
0.952093286993209,-0.134413633833752,0.274684087456977
-0.956127338940727,-0.122315714459469,0.266194248109146
-0.96501310790271,-0.0777949117312993,0.250394994527992
0.965664045866136,-0.0322948617542032,0.257778960401586
0.956029061442098,-0.0637201846317199,0.286265910909143
-0.962371652069968,-0.0531369401803353,0.266490654395969
-0.968480296059659,-0.00996941517062409,0.248890592239544
0.965789836571842,-0.0055730432812439,0.259266142724269
-0.964027603404533,0.0166126284047426,0.265282491792427
-0.96677651050059,0.0561094394436216,0.249389072634759
0.9650127686714,0.0797790624817278,0.249771210291928
0.957199888732777,0.0173110444045906,0.288909502702113
0.956743615207888,0.0617535525831546,0.284302925595746
-0.958969598247582,0.0874768632575488,0.269675931502038
-0.959276776864256,0.122906304893533,0.254326769307406
0.960178818317506,0.124954728000661,0.24988587956241
-0.947586118868433,0.157785032726107,0.277820860943668
-0.946731948777157,0.199453094972481,0.252818274795367
0.945756588491969,0.206226556176376,0.251028051921819
0.948606165089386,0.14303313843605,0.282290391022333
0.941167226662936,0.185643269406926,0.282384185073287
-0.932880665693119,0.231873329471757,0.275623697558184
-0.927501675260967,0.26501606593364,0.263642043659878
0.936439781644411,0.246150960363926,0.24998047936926
-0.907208620307861,0.298748978136066,0.296178269462438
-0.899623792034641,0.3320651830672,0.283566124563143
-0.875762046988096,0.362965824669101,0.318271342061298
-0.86924037354357,0.409339917586829,0.277239977044875
-0.865577643913352,0.398175529722531,0.303696542436019
0.91089097802526,0.321050185262861,0.259238123536775
0.900235126894177,0.354909336462469,0.252222281326602
0.906584655062591,0.301647654116924,0.295149040267455
0.916903219671352,0.263568911421179,0.299699707521652
0.883865989558219,0.379304562636182,0.273695015054431
0.887291522795434,0.32461835513083,0.327622766436513
0.874936061378479,0.368535944420689,0.314114861427257
-0.85553077997177,0.446351178589233,0.262369414934168
0.87276262451077,0.412448986407198,0.261096217645425
-0.828190016632607,0.472717830402856,0.301063364043682
-0.812760519190744,0.510267807507455,0.28115316655931
-0.785834248788131,0.535293559480771,0.3097181599616
-0.773762991900342,0.578433214081995,0.258274755274697
-0.767250544286003,0.572616344879879,0.288854849135753
0.841660962681754,0.483187722402151,0.24111501159705
0.821560244680404,0.524265017351935,0.224019990049216
0.83594728971469,0.473099210904896,0.278153312868693
0.846090956434423,0.444594446757478,0.294050797231183
0.79748893641845,0.541832035469864,0.26538545858572
0.80692569523435,0.50769882742674,0.301849006955588
-0.751977031802077,0.616208050160438,0.23413283101609
0.771836811968109,0.592592013403858,0.230440103586307
0.780003382275769,0.56571359342572,0.267512343363293
-0.729805201351531,0.636135803721931,0.250430843354618
-0.710533057170115,0.663757921695128,0.233598364838998
-0.659162793262259,0.717212948472955,0.226075205454792
-0.680444285725407,0.687757858410167,0.252951976111479
0.690401413410495,0.671716576416063,0.26859398602477
0.73830176774653,0.629392050672018,0.2424379225559
0.725885294655138,0.633886281960632,0.266980749391318
-0.67187345598452,0.682862613182908,0.286853116874173
-0.641565555110945,0.70311845516978,0.306623672430632
-0.625448061561622,0.739597571811577,0.248616479862516
-0.619000614983967,0.732187281958999,0.284147888936314
-0.600727077038248,0.767061093477792,0.225264861409269
0.594646527063414,0.759979474009221,0.262348445652129
0.632537111492255,0.728769753731368,0.262281239571869
0.671190677989713,0.677708819012687,0.300356172588709
0.638657294474403,0.709330252925569,0.298274123080068
-0.534946859918625,0.812999904650849,0.229919577463325
-0.563736089243324,0.785232977154019,0.256146038959184
-0.505141273852087,0.827145175388133,0.246298908408515
-0.56014267373868,0.778207559572921,0.283959819834501
-0.52258316108279,0.794388357729949,0.309602934184793
-0.49476390446898,0.822025203411776,0.28192772795601
-0.461706159626769,0.835564655743359,0.297756827352762
-0.433352451114149,0.859618237399078,0.270669797066946
0.532051213005658,0.812110277178953,0.23957964112072
0.490090216310644,0.836013577003894,0.246764825171134
0.47399246393253,0.834810186492038,0.280041241006209
0.539791660789768,0.789785576084673,0.291313759974405
0.488004442623882,0.815881953615193,0.310142389467177
0.529926137552179,0.791823814694081,0.303633554177306
0.417725407722405,0.869676286028617,0.262999317988892
0.431569656739203,0.855713381972968,0.285485970398532
0.578353280972191,0.763822052378398,0.286501927897796
-0.373705037233642,0.891599522982582,0.255724139970074
-0.399528358821007,0.871780450856114,0.283506500812421
-0.333531011037471,0.904417671097014,0.266055898043578
-0.314615367621933,0.917848180708474,0.242016296199782
-0.386982978416784,0.865416120246748,0.318275216177354
-0.352294850421447,0.874983987616349,0.332101429960069
-0.321155916134513,0.897373170840461,0.302622322024564
-0.274181879995702,0.930489382808812,0.24292757184416
0.359136785489028,0.899299601228537,0.249561608703747
0.314285717999353,0.917506686057699,0.243733396359732
0.297515502506475,0.919455882991693,0.257070817091878
0.293450373667905,0.908549744578829,0.297362135820805
0.322473754965699,0.891242485053934,0.318900470669473
0.35551136685978,0.882887770469518,0.306791220195191
0.369769516435081,0.889752103917669,0.26760362159255
0.252868059068949,0.936982253820088,0.241085048746143
-0.254399975481127,0.930154553978134,0.26475112500033
-0.20782141339375,0.94488195913825,0.252998702427674
-0.185649243418896,0.944991441907648,0.269305650032255
-0.149062184721999,0.953847959794115,0.260680905864832
-0.119864812233664,0.951315161368877,0.283957550591451
-0.0731010337759033,0.963816078790834,0.256348990879922
-0.0502042461408214,0.962816107143033,0.265451836488972
-0.0254024597670656,0.966440148964248,0.255632849038899
0.0183159225846583,0.959663784663495,0.280552931521327
0.0482881063640444,0.963301546165547,0.264042401782063
0.088296585772537,0.95406700037494,0.286286345703871
0.122399710293273,0.956250844159298,0.265711561594059
0.148704995954182,0.950218568749876,0.273809232461587
0.184514203833555,0.950236942615643,0.251006496872381
0.221233355216842,0.93770181702849,0.267901296900495
-0.173143526052065,-0.932535918086141,0.316856561973231
-0.138496702082998,-0.945190913139462,0.29569038068683
-0.10065755080432,-0.943303260002909,0.316302097896868
-0.132129459568487,-0.917973962625217,0.373986109175589
-0.100487560407423,-0.928579836697182,0.357269837913585
-0.166473225100819,-0.918672206590524,0.358229035901099
-0.0664273781144455,-0.952301936745669,0.297839595600197
0.00390179715086119,-0.953107569581714,0.302606570954816
-0.0299238629255319,-0.947473213495606,0.318432209639547
0.0742244595257635,-0.948835362915575,0.306923742465417
0.0394761616490524,-0.945423815131999,0.323443105418424
0.11030132407654,-0.937460485462148,0.330153685582997
0.149216730240412,-0.93924340882645,0.309121636888185
0.18331800201751,-0.924942532345585,0.332980212616974
0.175121741690901,-0.911366779810221,0.37248217171496
0.107112336814769,-0.924298990551314,0.36633089327533
0.140818049137927,-0.911101701462321,0.387380906382144
0.217641396798826,-0.922561257707488,0.318610966817896
0.252387380156751,-0.90429003568774,0.34432563322163
0.283376819646531,-0.899853639206881,0.331603688298473
-0.425782844906758,-0.850670275861208,0.308332694908151
-0.354923617724383,-0.873670250104739,0.332760453875395
-0.389714751608008,-0.844475285612387,0.367401557385085
-0.417349525531538,-0.838504880659944,0.350326902546826
-0.317512836197572,-0.880427144062799,0.352184103626493
-0.236886739365189,-0.901310620389679,0.362662154471212
-0.309647141923509,-0.87249955014879,0.377972462606419
-0.2693804953155,-0.878489986117353,0.394575079085222
-0.201434213061714,-0.902952813398356,0.379605683024111
0.24004921565807,-0.891882037782249,0.383305106596987
0.210499557249929,-0.893871734680534,0.39583236140669
0.317740996811721,-0.876106419889497,0.362599227761866
0.276823615561664,-0.869712751388302,0.408617689215675
0.303203985532568,-0.865920316456619,0.397805667009451
0.349508755236474,-0.869307527203116,0.34949685715476
0.425669089394685,-0.838290352410314,0.340697976791308
0.415292350509219,-0.832624415942006,0.366427135438631
0.380207917605115,-0.842578407772592,0.3814492969528
0.46434611565545,-0.824984204447804,0.32215484985845
-0.522318188445609,-0.767913589368326,0.370799715860668
-0.557490484016995,-0.744060113462067,0.368210412380357
-0.454522634569444,-0.812148115714436,0.365820465263416
-0.503183428476735,-0.768926697045409,0.394408635652461
-0.457550631063204,-0.797092554978362,0.394069637008144
0.489645597368349,-0.793901395666966,0.360510420010069
0.441350917061539,-0.804084948157982,0.39831741633365
0.480824816179051,-0.790386882253386,0.379599884757825
0.52548973434118,-0.778893198115633,0.342324298043885
0.5923848318603,-0.743482204079963,0.310345651166958
0.584099633684162,-0.733640081593247,0.347274889115066
0.549315536405448,-0.751451703018059,0.365476099758732
0.627976473473025,-0.722006956818732,0.290433302273924
-0.617519669923246,-0.688796540667946,0.379774647418382
-0.650554449187475,-0.658468661422334,0.378415024235376
-0.670315196161939,-0.654408883148949,0.349895057767506
-0.564141100196668,-0.717293708734941,0.408943216691713
-0.596048112144431,-0.691813442700041,0.407579205196458
0.647676735036474,-0.695946299263622,0.310118679595025
0.603478628357584,-0.708393249636688,0.366049926901812
0.641425518110984,-0.686971547444518,0.34153096157997
0.660186116341507,-0.657007909344788,0.363998487425853
0.615535877072781,-0.6694219015893,0.415920547351062
0.651720539883136,-0.649231182353341,0.392121422208116
0.59682909179298,-0.695198650266115,0.400616864170418
-0.701223803779221,-0.622823669013469,0.346952236381323
-0.705548276247915,-0.598105595003264,0.380093839872981
-0.754047662269241,-0.560944636899589,0.341691728550577
-0.73508363970398,-0.564230074605816,0.375894221224355
0.692706731284414,-0.634915473835485,0.34211069190764
0.748433138142023,-0.590117099973608,0.30267085431145
0.738249594700114,-0.580883432880774,0.342873115495754
0.70998989310658,-0.605234257958686,0.360008117519184
-0.781578807935103,-0.52579213237506,0.335674247625926
-0.828692059487041,-0.462216511910974,0.315634862871607
-0.784990056416489,-0.500641088919477,0.364896028222777
-0.811428012771664,-0.462216623168258,0.357687535925368
0.783582036646409,-0.523018075095552,0.335337568680292
0.75162119276005,-0.552982339304663,0.35954987833554
0.794353355592786,-0.494436081983802,0.352896170694707
0.824039115927537,-0.460771003369509,0.329620414833819
-0.835901719844314,-0.403608272827076,0.37197940382078
-0.814570747097952,-0.43974928417357,0.378279083536372
0.831892168707596,-0.435865482920975,0.343477365252847
0.820424673766347,-0.42318437591185,0.384471505653516
0.783127132304168,-0.482982848145625,0.391713496124643
0.791478547400671,-0.457125043560934,0.405707288021719
-0.875748841756266,-0.33753946508488,0.345153698622472
-0.892163624845756,-0.303630496348126,0.33444369958107
-0.838104077327442,-0.376793958161819,0.394471632262532
-0.85699910507991,-0.341529046601754,0.385889160536456
0.852710991642132,-0.362438010065179,0.376194967527058
0.826901126341872,-0.397768553122573,0.397510635582644
0.879847107761218,-0.303097370018314,0.366061540252729
0.892962388632862,-0.310260884510388,0.326123222156787
0.85749552730655,-0.339551014604584,0.386531407689284
-0.892014681099414,-0.271595799739454,0.361310849915964
-0.90679906018052,-0.234769415266309,0.350141094576516
0.911442856027874,-0.274735982224435,0.306254894274242
0.914228637638271,-0.240537038161798,0.326079639650224
0.882737894153269,-0.271919245287775,0.383188901545933
0.900081037177621,-0.238300557213148,0.364783457608979
-0.93188928637904,-0.16316059043577,0.3239768196347
-0.943520712654615,-0.122087933672497,0.307998703314329
-0.905862440761668,-0.205199491088031,0.370548792029506
-0.918510919141328,-0.168154567431742,0.357857140308806
0.928510722575857,-0.207037557535715,0.308226033668971
0.938329311648218,-0.138472994310677,0.316801724661367
0.928332939456467,-0.169844475928414,0.330682336263548
-0.940309640640837,-0.0946461194607127,0.326894312873333
-0.949235106893105,-0.0520601427652855,0.310229678426957
-0.913717009264222,-0.135929749944445,0.382941679712835
-0.924909391090619,-0.0948688194346845,0.368161004686061
0.946389281230801,-0.0615225288548609,0.317115604811164
0.935194376838964,-0.10274327236624,0.338903079821145
-0.944726804520597,-0.0257703023734129,0.326844238645694
-0.950362507922183,0.0158941521326906,0.31073860311175
0.944759904817635,0.00317347603977965,0.327747847130683
0.941077201909661,-0.0313230930169524,0.336738123606067
-0.943727707276788,0.043507087208431,0.327849276163202
-0.946536007697213,0.0831694589339281,0.311692841164596
0.942886103380559,0.0865422956389406,0.321677209508799
0.933555253053225,0.035589905975002,0.356662232496545
0.934661435913299,0.07029417261288,0.348520773431314
-0.937094399335597,0.155776637747426,0.312390342145791
-0.936236433832027,0.11397709190407,0.332371121619464
0.940595495867011,0.121992963538782,0.316856166109667
-0.924140927547747,0.18613360400953,0.333643263815733
-0.92112883391668,0.221626363749982,0.320005353421248
-0.922181316276358,0.111403367561449,0.370365913127507
-0.910126278629758,0.140280044685152,0.389861085530064
-0.909758412241853,0.178511123985556,0.374797825458735
-0.903819274996403,0.254826847699496,0.343764448185838
-0.893302528563979,0.210617613620967,0.397052658086822
-0.890787439959354,0.242293123559622,0.384436963735775
0.927722357906765,0.2008428494649,0.314632128776975
0.919197791451426,0.178572787137295,0.350980312674143
0.923164253967479,0.150834892542799,0.35357685923752
-0.89923090888991,0.284847829714177,0.332032357465578
-0.869262153694992,0.277467649716442,0.409139354638952
-0.875731997503374,0.319540879123345,0.361921393561959
-0.865213525202554,0.304628171802188,0.398255235685642
0.915419050705665,0.24942343239342,0.315904911291712
0.89688943332264,0.254545475284004,0.361657220868923
0.901289692976103,0.204687612723546,0.381811302258822
0.879754094009899,0.3129442914088,0.357908653915304
0.886797922550797,0.273164026082836,0.372787955027798
-0.869130558589342,0.349996539478144,0.349448843866312
0.856493181967282,0.390321499150787,0.33774036854401
0.845465568225299,0.381465903149199,0.373726822264657
0.855232496748637,0.341925449200725,0.389441091429724
-0.838330810778533,0.426159100778097,0.339985106325868
-0.825177939298285,0.464650589439171,0.321218303073263
-0.842348988856067,0.381431414711335,0.380733839899307
-0.832660578206208,0.415650351825894,0.365938719635287
-0.803927486647225,0.442198181575172,0.397695064621988
-0.793686266616339,0.490043481442949,0.360443471961821
-0.790301853086505,0.48129638740199,0.379179071787763
0.841602471220588,0.435375836672767,0.319614081787533
-0.778611112473747,0.526103335335568,0.34202341452185
0.759038736717565,0.576376481671136,0.302738084057169
0.789394775939509,0.511762236407489,0.339050587828155
0.758606190793243,0.562584798720453,0.3286563426116
0.794382025059376,0.506904488717393,0.334671536854753
0.815542623996954,0.456637700979539,0.355488731872452
-0.742296150073751,0.593342024312351,0.311354569214278
-0.720868104611243,0.62887411721958,0.291318589254941
-0.75082102109051,0.549970050955278,0.365787831045339
-0.73288725656011,0.584970343446818,0.347398857884575
-0.685546537294537,0.643057433881744,0.341325478001418
-0.693831276731152,0.64900825214883,0.312068018342701
-0.706860974842777,0.604623464903162,0.367121271425142
0.728683884708367,0.617199932138346,0.296789554962341
0.735181996529042,0.571461043549929,0.364608979160412
0.736930337722326,0.548589940493791,0.394946521105677
0.765011396502404,0.511380536452363,0.391468402504128
0.705596603924306,0.625138373538974,0.33366966667579
0.708425269720795,0.605339288130442,0.362902167900315
-0.694438517977687,0.59837028086089,0.399635023154144
-0.647203447061849,0.654600285068282,0.390673987999949
-0.654203175660731,0.662212207443937,0.365367208801833
-0.668264453257895,0.616834404976953,0.415858073564353
-0.632292651751823,0.695182755636914,0.341945812674632
0.67549990740346,0.659237382449008,0.330311896061432
0.650676500753055,0.66502971337111,0.366545456527972
0.654626313055051,0.64407559433958,0.395766369253461
0.684433410087383,0.611527309950516,0.396970095020823
0.614156205745426,0.716257135595225,0.331342527685936
0.619923508414711,0.695209007050227,0.363839635321707
-0.584593955404866,0.751421854600559,0.305965853867305
-0.600782647855947,0.71317533648328,0.36116637366615
-0.577199884584648,0.741130704025601,0.342878364418035
-0.544143075044139,0.756159021298609,0.363499447579
-0.5166303705264,0.787245548011481,0.336656363946764
0.586973150515149,0.739984029850847,0.328460280916918
0.555565271861866,0.748972139627492,0.361092734298085
0.560870152474514,0.727538757166705,0.395110147786085
0.592939585816031,0.699400977447122,0.399075081054084
0.533348928909703,0.767574090783036,0.355484085704927
-0.450132116941562,0.827828983545844,0.334783887454522
-0.478736618230719,0.800351706871363,0.360899425980577
-0.41633334452437,0.839183504973662,0.349910833237943
-0.471133717162533,0.789267256018094,0.393814955442633
-0.455648556971549,0.792052325779851,0.40624808400345
-0.410522581651345,0.8188377682498,0.401218044511961
-0.402483379261179,0.831031286350386,0.383919432336168
-0.351305635965545,0.851686021171359,0.388864078413195
-0.338700653507943,0.865102195912647,0.369973050289353
0.415593719720194,0.849397867715464,0.325276993421847
0.4436053606738,0.823720399859364,0.353127437105921
0.471773460438402,0.81267088278894,0.342046544044842
0.500416454790591,0.779457264130518,0.376868339302977
-0.289160271169036,0.903824088532122,0.315417746118586
-0.288820442628993,0.880368498267781,0.376210126362018
-0.277363997021089,0.890327363960483,0.361090567779973
-0.257526918919334,0.920210377895344,0.294775756203971
-0.225833051200334,0.90371568517686,0.36372708635853
-0.212205501887826,0.920017141029275,0.329449973715062
-0.190165348019079,0.927613860921253,0.321511532358558
0.254508526038287,0.913821972890879,0.316472450674052
0.223908145325652,0.928483235352114,0.296283688594053
0.249583597089996,0.900287037357887,0.356638862757521
0.267219417105315,0.888339252374044,0.373426238785412
0.310699381075193,0.879080844777455,0.361500709466591
0.178021621892812,0.926955599321005,0.330244786523707
0.198757309231557,0.907835488989962,0.369229274242153
0.38525250719974,0.859531641154523,0.335836066482632
0.369291750389809,0.850873748794686,0.373680969151639
0.334876376313093,0.860084211844945,0.384854467458118
-0.159708416264635,0.928247373101861,0.33593159438156
-0.1176398091492,0.942995398682325,0.311320660039297
-0.0872933457794242,0.939058707010969,0.332488520959026
-0.0501209070477625,0.945647148577475,0.32130883128853
-0.0235972404669454,0.94154290576575,0.33606565853198
0.0132690585972744,0.94739673742976,0.31978641933545
0.0505241477232529,0.937768716250197,0.34356534359463
0.0860850837636878,0.942288082475175,0.323546794109686
0.125346161114693,0.930031129943598,0.345442379029619
0.160445347564812,0.931773683488169,0.325661009646068
-0.0631891263861825,-0.924535866367514,0.375819858584698
-0.129236028945993,-0.899770499555087,0.41678663240639
-0.0662055729763889,-0.904030921889943,0.42230902710419
-0.0936957925604492,-0.896563467953976,0.432891494934712
-0.0326836344275166,-0.931502862140275,0.362262608980121
0.0361520773242975,-0.930236396766397,0.365175674759708
0.00243188148944867,-0.924813326123579,0.380413456355928
0.07016877490379,-0.920653954940848,0.384021663816348
-0.334644636493084,-0.850405525941186,0.405984493195376
-0.382986686727856,-0.839691493067204,0.385018693390059
-0.257457496038203,-0.866135111309356,0.428398887359512
-0.286473104860227,-0.845383907151853,0.450842777163402
-0.326401480520721,-0.838399143056366,0.436519129519237
-0.193975983110194,-0.887514782867406,0.417960318891944
-0.229029229270816,-0.869023114950724,0.43857090398356
-0.16139717884822,-0.886746812943395,0.433163987878225
-0.15708839260098,-0.867195271578885,0.472541636113967
-0.0976447288698438,-0.870760431073592,0.481914700544056
-0.125098163164412,-0.863266507276573,0.489000395692474
0.000390825494879005,-0.905320384039255,0.424729148397479
-0.0325489381949703,-0.898282739862244,0.438210777923089
0.0679601129005607,-0.902456309865134,0.425386920155226
0.0323457206654306,-0.897176274129718,0.440486648484777
0.134437296455747,-0.894412808665892,0.426558719306101
0.0988429507946177,-0.891713236004382,0.441675871893413
0.199587000933824,-0.878437890539222,0.434179572899559
0.168844192523627,-0.878158120323482,0.447582343665357
0.261256541763162,-0.855048404398579,0.447925491037737
0.23792535255972,-0.856469248499822,0.458096008478008
0.338183957205811,-0.839492512163219,0.42530451809322
0.318539986754083,-0.825628638362265,0.465692632918732
0.302501998745832,-0.828073039332789,0.472003794778108
0.365857249779421,-0.833102867115256,0.414835010080126
-0.506938575788399,-0.744813225366034,0.433896922894684
-0.541427872110848,-0.719822842442635,0.43440871860418
-0.443929300246627,-0.795609581992128,0.412228297700257
-0.454466722910851,-0.764189377936033,0.457683943804468
-0.484361532639688,-0.746170954066105,0.456752463602564
-0.401973398033609,-0.812323949606678,0.422548444759557
-0.388237987083011,-0.807050674131724,0.444905017693959
-0.346681424716279,-0.819801067200655,0.455783062402892
0.394539580089762,-0.806124540553173,0.441023519622855
0.357842329939343,-0.795732485360766,0.488629387823902
0.377399595777828,-0.791794619728541,0.480240382803933
0.429671976769367,-0.795210669655649,0.427810686221041
0.503302748649477,-0.754475329142996,0.421252087136015
0.495833979752578,-0.752081783674006,0.434190805048248
0.450286811303658,-0.770245371434195,0.451623577053041
0.537465983304528,-0.740021960011698,0.404348631122874
-0.601151528703441,-0.665280077588729,0.442740621471592
-0.654136340039383,-0.633799666237457,0.412799747719362
-0.632112970570821,-0.636643560313733,0.441721823716224
-0.545250616872189,-0.692327547586059,0.472635516708139
-0.574902303737864,-0.66721118012714,0.47362071562617
-0.490656544815006,-0.714838687794967,0.498258773592368
-0.517280927108966,-0.695028698087617,0.499355135433612
0.561022379819687,-0.711720670519484,0.422738189068307
0.530094741400723,-0.700139912937987,0.478334263303904
0.551526259510069,-0.695074578858485,0.461183385320342
0.505280664752356,-0.720049496777788,0.475626084248407
0.668805745933171,-0.615412141715938,0.417093239019021
0.608221534057787,-0.65245979528535,0.452065018603066
0.644699546222212,-0.611323927767208,0.458961382297189
-0.685392208224412,-0.601481659199852,0.410435542505102
-0.634612518741011,-0.610401070753924,0.474001565271311
-0.6654017902242,-0.578245861016877,0.472093403664233
-0.687777552795064,-0.576105995637336,0.441660412151629
-0.578820412319731,-0.641438882960476,0.503510764242864
-0.609819648466217,-0.611707584679847,0.503918472760909
0.69440877701802,-0.593646070385354,0.406670374525075
0.705717901388684,-0.570560982880467,0.420026675907646
0.742257010173755,-0.54057271146828,0.396024840715516
-0.766469220458938,-0.50352278464613,0.398735174559851
-0.738582309907405,-0.539606714696315,0.404129638787472
-0.717460190313898,-0.541556173735811,0.438141285435842
-0.746938248244965,-0.480287511632113,0.459790342959676
-0.719193059920639,-0.516619614032699,0.464613298301602
-0.768229346310016,-0.477946241035315,0.425900296018092
0.75290091523019,-0.513404587146561,0.411771710711665
0.738339809122626,-0.500462405359938,0.45209701070247
0.696795690583176,-0.553915725375489,0.455689735199797
0.711223745621856,-0.524190259312857,0.468385904682386
-0.793185085828306,-0.4410079079451,0.419963623126372
-0.794775925466195,-0.416073287252785,0.44183056473496
-0.817112092950757,-0.379086134715507,0.434305802425077
0.77750155327568,-0.442694467320247,0.446668717572596
0.748489644890887,-0.471742641824964,0.466070951009734
0.812575071512656,-0.384793698879048,0.43778483580314
0.785138675092758,-0.416293546633321,0.458537832577683
-0.857366975797126,-0.311718888779271,0.409576858709946
-0.874055557565583,-0.275890421500461,0.399889181665391
-0.836190770838344,-0.314777255873694,0.449110536448883
-0.816974356549537,-0.350874562293705,0.457646088452279
0.841782914874915,-0.323550719500912,0.432106996165456
0.818579885766586,-0.355802364403276,0.4509231066417
0.86754460621243,-0.266556030690201,0.419897890843006
0.845622675441765,-0.30219376796103,0.440001383388991
-0.872052258309012,-0.245327129862613,0.423484897170518
-0.88721904499218,-0.207499405222929,0.41205140824331
-0.834398682945562,-0.28468212020584,0.471948014439959
-0.851555131763223,-0.247984018256079,0.461906683494933
0.879252952499106,-0.204847268042199,0.430060277516132
0.900509422653181,-0.201795369220407,0.385177113382966
0.867969486323003,-0.233123831883514,0.438499999794903
-0.896575436832065,-0.13931995787972,0.420407463546719
-0.883767871279697,-0.177425468598241,0.432983316983978
0.911408985044063,-0.172999039303068,0.373369782362159
0.908999202292727,-0.137233693664049,0.39355731927447
0.889739485974496,-0.137385144775901,0.435303307008739
0.876949467384784,-0.174510265891221,0.447778738611069
-0.890556617821761,-0.108614850685637,0.441714528473314
-0.919980683685873,-0.0677540315730022,0.386063379318059
-0.901116163328963,-0.0684951438423168,0.428133244980239
-0.863081879509705,-0.179706538109159,0.472011895425122
-0.857332967404997,-0.148470092021765,0.492886208749637
-0.869559370558611,-0.111373775307724,0.481105376448254
0.920411252591,-0.10206797165222,0.377392706960096
0.915607128506977,-0.0681087976259945,0.396263520795379
0.894615137588269,-0.0722050565933659,0.440965061428081
0.88515052730033,-0.108695410853329,0.452431046325707
-0.928302631445516,-0.0257753490570824,0.370931066146146
-0.922074950138927,0.000397236051004736,0.387011147810778
-0.894604676122028,-0.0411989528727919,0.444955188465969
-0.902702874752616,2.98748205600699e-05,0.430264475666837
0.921993967191921,-0.0387629247910507,0.385259081818126
0.913971309329152,0.00129742538046001,0.405776739612483
0.887100745434208,-0.0408434216638488,0.45976524700858
0.894029045337482,-0.00706340963919093,0.447953317140547
-0.927566666867342,0.0420226448418343,0.371287187817067
-0.919089451697772,0.069072508624646,0.387947893833937
-0.894915885435894,0.0262313642634856,0.445463212312045
-0.900454571053791,0.068216746698086,0.429567271726166
0.917464590932125,0.0212098303007329,0.397251642519402
0.914105928230039,0.101649169475608,0.392527449128871
0.903873222296639,0.070109512135883,0.422016414755586
-0.890631700787075,0.0943029119701938,0.444839447831533
-0.893201903197273,0.13488740913249,0.428947254312571
0.911934286882794,0.122401584815813,0.391655088620265
0.891909201272602,0.151963441773878,0.425916763052955
0.881044748143719,0.143627002378512,0.450701049428703
0.892041193302928,0.070669424187396,0.446394827406982
0.878299461354004,0.102565445731191,0.466980069732348
-0.877801895380894,0.165673212270609,0.449462144347716
-0.877779465421838,0.200405228953781,0.435133260383224
0.890792417370297,0.197993353497541,0.409007947510047
0.871787620241328,0.225195218371725,0.435055696223453
0.856969213867434,0.216442951882098,0.467713817482439
0.85731299276924,0.177070470907557,0.483384402687576
-0.856385535567572,0.235982238457092,0.459256135074344
-0.854595338097612,0.262508685278115,0.448058030008819
0.867499197258995,0.268453109035887,0.41878165074889
-0.83897671458039,0.339310898287166,0.425424713310653
-0.832601095497806,0.366815907222464,0.414995790321315
-0.82807438227438,0.301633309071734,0.472557048703477
-0.825207358743908,0.320026956579907,0.465419769817641
-0.79521312198134,0.358478292876487,0.489008593140294
-0.805640607001541,0.395785423234096,0.440791459882784
-0.791128181761975,0.378166844829273,0.480734893151999
0.845725848280282,0.330237687426996,0.419154934783628
0.851336771356765,0.293339403167968,0.434945624515181
-0.794871972131577,0.43015071075764,0.427959009666058
0.826324818241213,0.403142766238922,0.3932724307498
0.810952556837628,0.447288805021022,0.377211711723509
0.809552529740452,0.39367457032416,0.435482530385459
0.814812685462977,0.363517665557777,0.451591844961836
0.783346722168639,0.464963495468344,0.412524981970193
0.784608559201865,0.42673562479839,0.4497622876088
-0.754345598037207,0.503741343643896,0.420960066307638
-0.739628304165131,0.538065505239262,0.4042715470441
-0.769954719697034,0.450956333738805,0.451451121027645
-0.751874233914387,0.49577173109467,0.434621130437819
-0.719308245751164,0.505628935970088,0.476376979611882
-0.711439237251736,0.561201808913559,0.422973688745313
-0.695261720242051,0.552618637795692,0.459590884947579
-0.701128236988967,0.527951840946846,0.479255723948686
0.768995855673442,0.487125571478189,0.413949334543636
0.686293071489901,0.587863339980629,0.428273876779541
0.716432884007607,0.552423305509295,0.426089678639048
0.740743938076459,0.494243552756986,0.454996405217811
0.71692392883246,0.526859640627814,0.456551201230443
-0.65239723967143,0.609996874764336,0.449757328397039
-0.610195224799887,0.645887325697487,0.458793363220049
-0.614250234091637,0.670296338328852,0.416412618374254
-0.589723468338063,0.698198711226332,0.405887657527566
0.597087796120651,0.678002761131008,0.428717179061573
0.628929404948036,0.647275000517408,0.430677230994278
0.664114618908786,0.590823789274806,0.458125553728011
0.631825373037493,0.624986610895488,0.458463121949199
-0.534236448058728,0.747286623410495,0.395163409284483
-0.56942989558131,0.70731262648534,0.418877598389636
-0.512174486346184,0.754178416173026,0.410964976749563
-0.552907366818674,0.698273777932063,0.45465060735704
-0.524104381935667,0.71183450769922,0.467553452007834
-0.4999585940794,0.738501876654223,0.45238963558457
-0.469701143678077,0.74888546608042,0.467494806731603
-0.446559003575026,0.77097957562099,0.454065579295941
0.491703916954276,0.774175416344129,0.398597143467206
0.50886487536033,0.746130093179423,0.42935582292148
0.530710200539293,0.730407065410188,0.429944417154615
0.56940506704904,0.679430396427913,0.462765822018748
0.540380931596841,0.703226869139265,0.462017769449528
-0.410613889411409,0.781862791141826,0.469134106253584
-0.387287876228947,0.807092477977448,0.445656631184027
-0.335673260187061,0.837841765207121,0.430516711487492
-0.356355724835476,0.817854330616036,0.451801827430543
0.427742325061013,0.815088079870024,0.390727431088727
0.397252456148086,0.825103978971705,0.401738609010103
0.380966964714162,0.815174997292391,0.43629565157795
0.452038805149137,0.789914666620155,0.414361844403789
0.436953905815382,0.775251214371387,0.456132479449088
0.417194504589793,0.780574212604226,0.465459605075853
0.321624012248601,0.848518403257431,0.420207703497415
0.351549346984225,0.821160156154148,0.449565406342459
-0.295120873456733,0.848484080855109,0.43929310782847
-0.275624567842897,0.866566003288892,0.416046222847093
-0.209050203772861,0.895695474274653,0.392463539282861
-0.228247487106221,0.875766365353014,0.42536614574513
-0.160833273206511,0.903577705613796,0.397089395662221
-0.14777023722061,0.913333417132033,0.379454906598515
-0.213902401710139,0.864892563031211,0.454099787443176
-0.180579085995769,0.867258275048219,0.463955038836006
-0.146416317149401,0.888509680074467,0.434871027416606
-0.0930826755921401,0.920824622710191,0.378705201595175
-0.0762541209747695,0.915075132053164,0.396008600578636
-0.114923069747354,0.887956193195834,0.445338620607969
-0.076997256662046,0.904212088830856,0.420085611368277
-0.0229660118320793,0.925571626157619,0.377875279890693
0.0040867633741635,0.917497973073953,0.397719458626696
-0.0347140333869957,0.891688623681106,0.451316224263765
0.00385737992518122,0.90516012289658,0.425053258472349
0.0480729086512117,0.925456769430416,0.375790850566149
0.0821632791435089,0.912760884161374,0.400145928262844
0.044409867992493,0.891958347161793,0.449931184241871
0.0751554456222999,0.895964985019061,0.4377195501838
0.120549977609168,0.915490391369233,0.383855501730844
0.153959536603076,0.90071857544283,0.406205008513195
0.110329757665025,0.881330544729491,0.459438587300191
0.140729485941339,0.882322362469512,0.44911297072441
0.186649907805389,0.899278988191235,0.395549128824712
0.218911893986413,0.877214038411931,0.427285751557799
0.20589210864439,0.86253855740856,0.462207395636987
0.177500338437419,0.863125194220137,0.472766886485351
0.258202672568658,0.873155195896764,0.413438488480313
0.284075141729688,0.854933121039471,0.434039943324306
-0.212529315857635,-0.848857391267416,0.484016961677751
-0.274750800767081,-0.826927652715118,0.490614568325191
-0.249520614314599,-0.828355454075767,0.501564257832428
-0.19546707100276,-0.849552773994365,0.489951740839933
-0.133612755225088,-0.832764976163419,0.537261692396453
-0.176071917423617,-0.826161700877405,0.535215399533799
-0.0334200040763813,-0.874405257584728,0.484043953413034
-0.0695768902114478,-0.865604983821161,0.49587001152769
0.0310198404746426,-0.874050550114411,0.484843691659099
-0.00556852236292681,-0.867294669049008,0.497763948672325
0.0960074124377638,-0.869743001809244,0.484076117527863
0.0586067023497063,-0.865009488543874,0.498321020195574
0.124209126002064,-0.857965247859471,0.498465371398294
0.16045521236845,-0.860261553584062,0.483946468371175
0.194329820520422,-0.840204020249569,0.50625401254011
0.184003778885091,-0.822390991217652,0.538345304539804
0.121256099949574,-0.832602022551666,0.540435778116044
0.147203289069159,-0.820669636102337,0.552116418943396
0.224165547377669,-0.840144257658401,0.493869855014947
0.262719518058422,-0.81303945566739,0.519562602925986
0.279640590581926,-0.811014103494097,0.51386502511132
-0.404160872915558,-0.777385382505151,0.482002028908026
-0.426879001385707,-0.764769333789203,0.482599403513473
-0.333846269915727,-0.801189715350511,0.496630353562812
-0.369784577975234,-0.775600790987208,0.511568938572013
-0.310603517531976,-0.803387502382742,0.508029502993657
-0.237703411381222,-0.805906746346348,0.542228184818138
-0.299075789225272,-0.782962833755486,0.545456573208959
-0.264251775846479,-0.784864154303842,0.560499115298942
-0.195663774181357,-0.809257810140212,0.553911079687142
0.239723113898698,-0.79556193759602,0.556429718932389
0.215759286266797,-0.798385449268782,0.562164215141383
0.318616566729311,-0.781094498038059,0.537005464162423
0.271864149932923,-0.765429425961837,0.583273244588659
0.294974704632882,-0.761484704220351,0.577174989812612
0.336715427596895,-0.778076332781659,0.530301745408485
0.412495401774529,-0.761171186933446,0.500465750773416
0.397698829315876,-0.742906545063212,0.538447310758466
0.372518406129165,-0.747077439116806,0.550550031384671
0.43792018089276,-0.755609275764705,0.487114501472898
-0.521444880866978,-0.663202599546222,0.536896217320216
-0.547713231994621,-0.640459107028969,0.538351509444956
-0.436298612500381,-0.732831950569014,0.522111916120918
-0.459352199261951,-0.716937682575838,0.524400530449765
-0.369208252258116,-0.758227148288439,0.53737962192745
-0.40013117017947,-0.733570640828629,0.549335199641423
0.469498085377753,-0.724616154252001,0.504482880605144
0.430510507724573,-0.711368906108551,0.555531261191173
0.465381335124328,-0.707541702155542,0.531794088561293
0.588544571297358,-0.657187804099942,0.470870977804647
0.581061540057496,-0.637468546739042,0.505965748430094
0.52660847234267,-0.671261386916346,0.521624067017677
0.553550879554749,-0.644072480567016,0.527969756255426
-0.610591569573586,-0.585734582589717,0.533003690347557
-0.666260779955123,-0.551644390436572,0.501781864552172
-0.642210193360954,-0.552465331695177,0.531364399276263
-0.584904794088216,-0.584918565930614,0.561922283845636
-0.551999369028527,-0.61661850563509,0.561318372316866
0.64598419250819,-0.596156046568702,0.476762405364681
0.609224494767085,-0.602999058627078,0.515012281669718
0.662311983454892,-0.573927045962304,0.48161248165411
0.658232333774237,-0.540493221341788,0.524020297753531
0.60676407969728,-0.582075820781736,0.541317919942043
0.638640769852648,-0.543618283023821,0.544625678282112
-0.695812452425958,-0.517135470754672,0.498413418696083
-0.746749875881268,-0.453062825656936,0.486927816908281
-0.724675133729074,-0.454700312746387,0.517777535378938
-0.696277871208053,-0.491396122050103,0.523189236605745
0.691040278031474,-0.505662936176405,0.516496204357438
0.69502480858795,-0.49221517686196,0.524084664070637
0.732419699847036,-0.456785792307468,0.504884267156362
-0.771881500501167,-0.416334382858377,0.480483746690772
-0.721929907444251,-0.424944158848744,0.546113239720361
-0.771906465657131,-0.390003226477367,0.502053674036909
-0.746358223745927,-0.389133090607071,0.539930402590383
0.739111502060143,-0.427878229209767,0.520225343952707
0.725951378044338,-0.41727537869123,0.546695395127503
0.679977143561296,-0.471883046192927,0.561210722411738
0.694953301053823,-0.437121631232838,0.570933086151729
0.769383069478123,-0.399890931281529,0.49813345147582
-0.794328056873781,-0.352868808188629,0.4944962510178
-0.811325066170924,-0.286664000233109,0.509485414877696
-0.791732653159139,-0.322851440803361,0.518581095965505
0.777810651456602,-0.368118696068701,0.509410655645654
0.735004320456364,-0.373307270584056,0.566047993229868
0.755953657066248,-0.350449429995563,0.552918859674683
0.828406373781438,-0.28283127607685,0.483476317052893
0.808334983183193,-0.301423474663337,0.50570588674061
0.800207561267157,-0.343926054450711,0.49130716253769
-0.807631043453073,-0.255051994716938,0.531677136655142
-0.82487534187932,-0.219009700349322,0.521167364204988
-0.8478530749445,-0.217532097094177,0.483554495420077
-0.768781441799016,-0.324543534288559,0.551041367863536
-0.762812559906326,-0.291178356160888,0.577349255955701
-0.783031497195806,-0.256237592285138,0.56674859567467
0.840548181704775,-0.237906252634593,0.486702546932068
0.83724336048179,-0.225110279866638,0.498346182113924
0.796223415717187,-0.291840519472556,0.529959794189752
0.795670591140696,-0.258241451427006,0.54792304492391
0.812691287239694,-0.225403996730498,0.537332215582321
-0.819744224637119,-0.187723718827373,0.541090760929911
-0.777758514257816,-0.221255007482928,0.588334866520083
-0.791949680822378,-0.189308416820673,0.580498084722236
0.852970256547657,-0.173934995307341,0.492126364719936
0.861096231647588,-0.11041422755327,0.496308349915793
0.848582379380018,-0.156042303189628,0.50552818420047
-0.862257969187257,-0.0807371948953473,0.499992699880206
-0.872655514469436,-0.0419142461146436,0.486534221857749
-0.83394497992183,-0.151582370556774,0.530620914966199
0.864399878930752,-0.045151021757884,0.50077363602602
0.854519912020671,-0.0870108205745455,0.512078936359551
-0.86461190572458,-0.0136020614584975,0.502256146207678
-0.87245229661634,0.0260407307944152,0.488004990208673
0.882319622800912,0.0280339280520987,0.469815050949229
0.864535180655332,0.0273940670892067,0.501825155305674
0.854745769126052,-0.0176289636692893,0.51874742389824
-0.863424233256085,0.0523758596021248,0.501752292229024
-0.868843398682444,0.0928522950325309,0.486301963673941
-0.860160587026244,0.158364831305743,0.484813721683051
-0.857554111218329,0.119251132568122,0.500379969337065
0.85814623433312,0.0976728398954183,0.504028825412445
0.852974447246424,0.0538910587537885,0.519163120927375
-0.840619617750296,0.190498362936375,0.507019755011486
-0.840577569039537,0.223351727018239,0.493501121037787
-0.832501722743525,0.117567181123009,0.541404506401501
-0.820775649447718,0.143689681129453,0.552883901746644
-0.823045987705847,0.18123233686318,0.538284443576458
-0.813834776947063,0.259827041785541,0.51977193478342
-0.799615916559878,0.212608360429772,0.561615590114333
-0.79667984825951,0.238187865417121,0.555488757892758
0.845622713397293,0.167903848213839,0.506685824097718
0.842831393415438,0.125857312727311,0.523254411454362
-0.811346431294326,0.280187394358513,0.513041901279562
-0.767124208160994,0.269049678279768,0.582351028050024
-0.781856465925436,0.317031786384068,0.536834530477236
-0.762661905275845,0.29429778992539,0.575964954737742
0.835855394387465,0.246540139426295,0.490472954733529
0.831832792347585,0.28569309592689,0.475850460244527
0.816044539941801,0.235057709745682,0.528033315161353
0.815707229229051,0.20195788904765,0.542065242599893
0.814899365982666,0.308174418591921,0.490884457939524
0.792714552206133,0.303936634189866,0.528418547288005
0.791318306910521,0.272708475495348,0.547216067510147
-0.778332475669987,0.337367837364282,0.529510622773118
0.807572008797975,0.355052450167644,0.470919534778455
0.775477751490207,0.375997853143454,0.507207917303355
0.770332675886031,0.33940717302415,0.539805834872153
-0.760727075048724,0.412994862203345,0.500729029597299
-0.754909050613167,0.438035359133011,0.488095635558792
-0.746346667399337,0.372598493443689,0.551486187266188
-0.741936572572991,0.396991346367797,0.540303612043938
-0.711243695683512,0.429232239136721,0.55667952201975
-0.724960776075491,0.468501869238582,0.504913726959346
-0.706465469112998,0.464041989580413,0.53438897149661
0.76720493498447,0.429188099797235,0.476648888310792
0.764551282465181,0.398057161645573,0.506963344378582
0.74132048927342,0.465641047526486,0.483344956570206
0.717451223373496,0.468199654466258,0.515803088045768
0.732143468572535,0.411215444356765,0.543017310726874
0.715097098850224,0.440477068791218,0.542785492699546
0.692538880311113,0.53151453840876,0.487731683118446
0.690689886953806,0.504120331669293,0.518469064899133
-0.657738060413591,0.58804675890398,0.47072460444074
-0.672047697492617,0.526266840998819,0.52095595241824
-0.645568015493175,0.552566839088755,0.527173430392376
-0.639008736571606,0.581279286994197,0.503768027068687
-0.597200877209245,0.64671563853735,0.474457579907556
-0.604105553613754,0.609347967449608,0.513567458721881
0.663977193616163,0.565923758507006,0.488737747585459
0.639690085456155,0.568431709716868,0.517379924192518
0.664997836978514,0.50752523479285,0.547901462730627
0.637247958060133,0.543273946919594,0.546597162951472
0.605563860009275,0.624965768444904,0.492656269342773
0.608250502188712,0.602468595486298,0.516781305815088
-0.573957386932776,0.663208656867725,0.480340707665932
-0.58402818821753,0.606929804485991,0.53902438515706
-0.545284080499145,0.638779394156629,0.542794765224474
-0.541823358969342,0.658284968542231,0.522578556646303
-0.506197125656171,0.6910323304485,0.515983321680406
0.574646400156291,0.653918292743223,0.492110131173098
0.544783841568033,0.652812058645479,0.526352526405477
0.57832172633833,0.599136828053614,0.553695802869145
0.54791602957676,0.627911179866065,0.552734633193946
0.508593723707489,0.701950725162485,0.498595631398042
0.512123114908065,0.680870988997506,0.52358820796349
-0.458187300564794,0.730058913196393,0.507028974382774
-0.4929862684487,0.694752103933643,0.523721350720785
-0.426251093385186,0.736316988043054,0.525497191721458
-0.398310661313542,0.768761590664408,0.500354108410332
-0.473804098115279,0.678323218262137,0.561593525760104
-0.436734496018317,0.694367882392209,0.571940752079956
-0.418024083531761,0.725696765074421,0.546461408287861
-0.372522300535938,0.734122252684745,0.567707366269355
-0.362983448491754,0.776263711484,0.515419893246389
-0.349852379644796,0.755731359887868,0.553600419200444
0.470587423423558,0.745565833380843,0.471888826961081
0.47270851538304,0.731241032792069,0.491765402855417
0.397318891408147,0.770230204751028,0.498881880027117
0.413809519438427,0.742296489953429,0.527027136516666
0.441767126760401,0.727169874246633,0.525419622494246
-0.335297757701464,0.801632533214658,0.494935041568305
-0.279422357709937,0.834630975596829,0.474672814247989
-0.308145910688744,0.807854011567344,0.50241217513149
-0.243992925879031,0.839643375437492,0.485248858015065
-0.287147774851297,0.793353809670425,0.536782905912039
-0.256604128244848,0.799006802327789,0.543822076787642
-0.227397298589769,0.824393264790868,0.518330216716649
-0.1949595173996,0.827054155541922,0.527230699387046
-0.164166735292518,0.850702748550534,0.499353698926886
0.273563484471342,0.837180190019153,0.47359513236877
0.24010500911976,0.840804948734738,0.485176898438883
0.224283927982633,0.818670451693525,0.528654339973295
0.297673568237385,0.819115966769919,0.490346285552775
0.291124756881778,0.797327594362732,0.528691860348033
0.270002306205513,0.795029554897221,0.543163659943881
0.163901201192716,0.844812989057498,0.509340170973506
0.205525974864129,0.818056119846401,0.537162227300096
0.340855257193902,0.812178165926123,0.473481066607903
0.337195516301665,0.772281710668743,0.538405184923598
0.362316630244965,0.783184297552198,0.505320705607443
-0.13041146204759,0.851660121349146,0.50760997652742
-0.100542295450083,0.867260610460853,0.487596431866248
-0.0352083424062342,0.884697357574422,0.464834334065203
-0.0736522080947973,0.866293172249923,0.494076402953963
-0.0542942744830838,0.846625324211385,0.529412591616711
-0.00976061324589465,0.848867824156321,0.528515040033088
0.00690434875946682,0.867260105397915,0.497807432199847
0.0331232109658502,0.870937586462068,0.490276017548217
0.0673028856814139,0.856917418494982,0.511040956733264
0.0989304477608247,0.8592510623044,0.501896780657739
0.131457099984972,0.842888832774607,0.521782949556041
-0.0687635640720858,-0.838211881830015,0.54099206409622
-0.116898802921967,-0.826215175557011,0.551092690529196
-0.00631733375315621,-0.840205619032663,0.542231139865824
-0.0464376213062452,-0.831257338026877,0.553944749324233
0.0577193118532073,-0.838709519310554,0.541511609531182
0.020195755166517,-0.831420054671929,0.555277249815424
0.0856982524928491,-0.828245783631576,0.553773176865933
-0.331765232525135,-0.756429855577249,0.563689368428149
-0.255340328249816,-0.765041373161984,0.591196256855287
-0.292524455048979,-0.73614095017768,0.610349035118269
-0.328268733454189,-0.7401641043359,0.586853250215945
-0.184473948928836,-0.788735528673217,0.586400569555643
-0.223418896879394,-0.76228909612796,0.607453150820384
-0.11848916818866,-0.804374463367135,0.582187289198925
-0.156356456666707,-0.785543243792183,0.598727375849047
-0.0474419212229664,-0.802813128300454,0.594340260405697
-0.0778247244643766,-0.790741588125013,0.607182882722806
0.0198771062981873,-0.803642420928045,0.594780430016087
-0.00747954069867431,-0.79281635115802,0.609414710855769
0.083471958070208,-0.797815064656617,0.597095934354675
0.065170214567821,-0.791388873087805,0.607829330228476
0.145172497424459,-0.790015748947096,0.595650956859052
0.13203725221567,-0.78559337735212,0.60449086799374
0.19276190618328,-0.777516121394679,0.598591286685634
0.248878000984552,-0.748301451523715,0.614902169676961
0.204300659226702,-0.759560905979684,0.617517992245455
0.325938725230581,-0.731719862290368,0.598623412944089
0.309361612050663,-0.710800339151664,0.631710591055187
0.265420892725294,-0.718100589043994,0.643337620320448
0.356365855309696,-0.727092120852738,0.586805270054092
-0.464126761291294,-0.684698546177259,0.561937941694635
-0.488141731267021,-0.665661831591806,0.564457240326915
-0.428957147410121,-0.685712639679992,0.588042465701984
-0.398529601374447,-0.711708960611234,0.578484668953293
-0.363115619832187,-0.710522545825276,0.602747673996221
-0.357955167324636,-0.689781094083522,0.629341036664964
-0.426089820303508,-0.660468938317069,0.618246105165288
-0.390126812343031,-0.660406468364952,0.641610759598681
-0.214512701226803,-0.740074039755015,0.637396828273465
-0.287535104562672,-0.717879599713176,0.634012968289911
-0.255060798836777,-0.712572550882498,0.653593412318052
0.386396216405232,-0.695493852839215,0.605793912655604
0.333297325474387,-0.680409812366039,0.652652572252368
0.377876465733054,-0.677723204666821,0.630793654455426
0.423104688562315,-0.692234387316799,0.584631486949447
0.49397803889171,-0.677731033117616,0.544670858263989
0.487350514564058,-0.656250950276213,0.576041809433755
0.452524823192119,-0.660240877139305,0.599419109262678
-0.560872865414349,-0.555917779687238,0.613495762878204
-0.516983186140207,-0.608005897804139,0.602542291863154
-0.519908195980008,-0.595337890801651,0.612591432790775
-0.58377179486051,-0.558326771402549,0.589475790733212
-0.492695518362597,-0.572163601430598,0.655652300677257
-0.555914655762212,-0.532845999202915,0.637992191678102
-0.521055725167011,-0.535207086889101,0.664871645819223
-0.490628492165419,-0.631733473684674,0.600163728412324
-0.454334905273554,-0.633735151174399,0.626066731280326
0.547034331402684,-0.618410106494193,0.564200656196587
0.516535050923074,-0.623183173818736,0.58722591311786
0.577012694010174,-0.584134563600697,0.570826736022539
0.57331545152667,-0.563178041406372,0.595096535629686
0.508562009447586,-0.600788806057542,0.616779938926832
0.534630573138868,-0.566231987597534,0.627336820604811
-0.671319091823036,-0.489753747312143,0.556302025834535
-0.699148600590842,-0.427122646938194,0.573373768814355
-0.670982510002297,-0.464325045257648,0.578087124590663
-0.641182846240798,-0.52449527646666,0.560168959021035
-0.61724909192624,-0.524200009849838,0.586700867725336
0.631580318580615,-0.51932072969607,0.575684185026434
0.597451787332673,-0.528859935770859,0.602792277778538
0.650776849142711,-0.487169062037684,0.582370842001219
0.635159554750861,-0.458552614123224,0.621531849617898
0.587569305333012,-0.502638799609124,0.634126602941384
0.613596243098702,-0.465304410332511,0.637958820128912
-0.641113268218429,-0.459949200272372,0.614345595315121
-0.67557890698538,-0.396089075452391,0.621857366880629
-0.640514825194435,-0.441010344092872,0.628689617465748
-0.692047854696233,-0.394293470093186,0.604650664642168
-0.614005971608427,-0.494350086394792,0.615316714311137
0.679826511366234,-0.413649510711383,0.605582361641957
0.660901744297803,-0.419262126855287,0.622437268621427
0.70666984526108,-0.367625066404892,0.60454076814511
-0.745328407974886,-0.362456984649157,0.559562774445069
-0.717871603415656,-0.358528336071626,0.596756058405063
-0.615066614625589,-0.428602059167936,0.661810648486425
-0.660205262930313,-0.366879425875311,0.655384236664659
-0.627770443856024,-0.385018512107961,0.676509434638559
0.760992861701842,-0.327217193658328,0.560195298635404
0.74772637690223,-0.302646241419612,0.591024972263649
0.703685640255067,-0.349180878285878,0.618788521175304
0.721743906596309,-0.31172634442243,0.617990630579564
-0.743880356750318,-0.29274505847853,0.600784774755005
-0.716871243398203,-0.330972947754826,0.613638760382031
-0.691884332495496,-0.321753556068458,0.646351854336756
-0.7321964978206,-0.25528515910602,0.631441031387304
-0.701555089648667,-0.26950983106733,0.659685460766046
0.765742846202045,-0.255905283899693,0.590042692660971
0.778632924707349,-0.194728296363002,0.596499504741825
0.807912482522104,-0.194199234479865,0.55638482897398
0.761914366210239,-0.241124830014881,0.601120050333329
-0.82565784715573,-0.118322973576234,0.551623778815093
-0.786077999020474,-0.159108000559333,0.59729893990696
-0.803100464390586,-0.120791624054,0.583471531142713
-0.744380347671352,-0.22605951683748,0.628327138398368
0.822847303025117,-0.156571810758383,0.546266953036821
0.816401999228758,-0.129243225601575,0.562835645896195
0.787383294710384,-0.129672277985012,0.6026712599197
0.772574293732153,-0.174534264408424,0.610464373417217
-0.838334933251258,-0.082544326034606,0.538870090031078
-0.829502656138712,-0.0491756453833648,0.556333622352587
-0.790150502529128,-0.0824869288294799,0.60733688338948
-0.801628024628155,-0.0517931099339532,0.595575338554353
0.829058237822081,-0.088805914735862,0.552065166268686
0.820653301641272,-0.0626659930516819,0.567979869203237
0.79257706041886,-0.0631111814652989,0.60649697614403
0.779848855813173,-0.107078041005319,0.616741481677168
-0.839142155846978,-0.0145672912135334,0.543717055376402
-0.829623699314546,0.0164484950179821,0.558080607571426
-0.791032376642099,-0.0124036799716778,0.611648532923208
-0.802314750329896,0.0163348491031139,0.596677646730506
0.831636703202825,-0.0185589361193588,0.555009873584294
0.821811264123192,0.00507866187541102,0.569737179192122
0.793720803885963,0.00376928977147531,0.608270563099382
0.783457409993781,-0.0392526346112629,0.620204577056564
-0.83783682306249,0.0524396097535282,0.543396305884989
-0.827330458749738,0.0817510399175324,0.555734720435343
-0.790057370629997,0.0603587441981545,0.610054237844502
-0.797320519164528,0.0807287932712671,0.598132804363857
0.82906803183441,0.0511832133727755,0.556800213055863
0.817608294555681,0.0731698885857609,0.571106683622332
0.790730712961339,0.0702977484349232,0.608114435073394
0.782527202420749,0.0292659620232624,0.621928195966712
-0.785280790429087,0.127624108745542,0.605843351907054
-0.790516311590823,0.142804501199284,0.595559262832898
0.821352535490908,0.120619553117541,0.557522139334737
0.807530365963756,0.140926836569075,0.572742817310768
0.783245305832768,0.137613179808176,0.606291517039466
0.776077362088851,0.0992744226648432,0.622774852621534
-0.777921702853111,0.190005149260788,0.59894562982336
0.807619975273574,0.194209616453378,0.556805711551294
0.776819762390406,0.21154941462141,0.593125536402751
0.765237552788265,0.16971028867418,0.620974963843756
-0.76169817582616,0.200800433623121,0.616031715741866
-0.749881968236051,0.246311762025704,0.6140094051415
0.771327256531121,0.266680222095151,0.577871891058438
0.766293524046405,0.237414096268292,0.597016567523592
-0.733674512049867,0.323319555625962,0.597650546154038
-0.728150497309159,0.355344316860755,0.586111994198368
-0.721052232616043,0.261834145240621,0.641503357922258
-0.71242215365989,0.306134418177499,0.631455772783596
-0.67950079917127,0.374275640409874,0.631028057158621
-0.684937775646716,0.327157724656772,0.651020788216116
-0.694400033762017,0.384321099410063,0.608363284279673
0.742234505573963,0.31135271602839,0.593420108318819
0.748203291328178,0.342196034487989,0.56841332569388
0.721788883089336,0.308036645372322,0.619785635003277
0.732981587753607,0.242577220618643,0.635526776816788
0.72018602031799,0.262995900507009,0.642000975431536
0.72629405760087,0.378101050086667,0.574052730868014
0.697658557362657,0.383811192570961,0.604947523175286
0.701037098114642,0.330134217385705,0.632106308763115
0.691550120311645,0.371455731870671,0.619499047906753
-0.689907327337497,0.420522835195044,0.589226972197942
0.680804809654887,0.448376520867436,0.579191942870053
0.676221976810748,0.43112098874322,0.597376373104288
-0.678256471825142,0.491221221388154,0.546506971671214
-0.659464314733786,0.449241513439582,0.602734502243908
-0.657154326077185,0.486738160630035,0.575529455983385
-0.620063744108801,0.547060380715979,0.562357442462232
-0.624180807415848,0.516274986510555,0.586394455940049
0.66106030580641,0.484010737595414,0.573352315753132
0.621339263635141,0.492716038744027,0.60923593511031
0.61793798533949,0.471286761244428,0.629318230270115
0.638333984462002,0.434777521111542,0.635215106414329
0.609798239323713,0.546122037315416,0.574366457652394
0.605648123055062,0.518364732778166,0.603728709646726
-0.585991386027839,0.577245716176721,0.568683988394958
-0.60189626220813,0.509112206177998,0.61524438320106
-0.567292890974875,0.536487175318054,0.624788193365259
-0.564709977487072,0.573688028456856,0.593282974078842
-0.521333401874317,0.631297676824854,0.574173081331487
-0.530457970144397,0.598456799392714,0.60038637657005
0.58110601062584,0.578261193317151,0.572651549127344
0.545952803474675,0.570801461654021,0.613287231035977
0.563374992816399,0.531106669921779,0.632877810192236
0.517162859492753,0.625323352603843,0.584391376946622
0.527976408309852,0.582996351681888,0.617540416648041
-0.488014465909626,0.651367470773639,0.581001117968713
-0.503870100159261,0.58844471887174,0.632335144521839
-0.46653883946305,0.614671699115597,0.636019035547534
-0.460219433147564,0.634614213607235,0.620856564144252
-0.414741410718231,0.679773317027253,0.604894866644789
-0.419808989103437,0.661337471197554,0.621605310352135
0.480906888423935,0.677100049129545,0.557013543942315
0.454526579901965,0.693756861221613,0.558665378979723
0.491805612965978,0.642435940382836,0.587710219036201
0.422354653003828,0.688131759971824,0.589992566058332
0.429077559718229,0.657473034412201,0.619371985778387
0.461175176163348,0.635948988146214,0.618778103496327
-0.366636407586075,0.707595831567521,0.604057848041597
-0.314489217809188,0.761880596556095,0.566245961109741
-0.349265495805272,0.704306376709705,0.618034093854008
-0.316642528333041,0.718566545418075,0.619192723678818
-0.300926586784958,0.750075049501563,0.588923262812043
-0.252005560359776,0.758548582387762,0.600913675751577
-0.232874045409347,0.777316844230735,0.584421254447386
0.341115884560361,0.75618410432945,0.558413425393829
0.315280564137685,0.746380280966833,0.586101221685209
0.264457461004449,0.770024063815117,0.580624829356041
0.318396836904413,0.720997403696286,0.615456089508001
0.382176241352192,0.732486929045776,0.563386385461168
0.35838968614348,0.700002029594374,0.617700567775144
0.388850160912455,0.70893971521039,0.588387654999465
0.247882596829528,0.765709684970193,0.593500544677002
0.252248258826791,0.731779556569408,0.633142556227216
0.293621047131505,0.713130457294669,0.636578063995371
-0.179206831382406,0.811228205703053,0.556591151436746
-0.204775478537269,0.782924376285021,0.587449082396545
-0.135102770316003,0.813074588488431,0.566265798903051
-0.116316981343629,0.825805906697206,0.551828745459234
-0.176264365900554,0.767100253703388,0.616837153616636
-0.127192700850984,0.78551317758817,0.605632780392185
-0.0735268420489919,0.827554715273681,0.556549186259939
-0.0584457968272064,0.812397459933136,0.580167610201933
-0.106761705858968,0.779506829163944,0.617228516393123
-0.0707822640213788,0.789612042042839,0.609510208414056
-0.00259975904085363,0.813872236549302,0.581038057124631
0.0118353323159807,0.82887727916818,0.559305266368666
-0.0347417728629395,0.770859898560382,0.636056621701101
0.00986810454175864,0.790604568930987,0.612247528454139
0.0549872801699104,0.830191577954463,0.554759716375472
0.0747768944147621,0.818350970315477,0.56983340148275
0.0366025598028653,0.782548183777088,0.621513147634915
0.0687410654637558,0.791051607634543,0.607875003580269
0.123211386042965,0.819808554472625,0.559225257264795
0.142413730325162,0.80593303906993,0.574621846043446
0.108795491612536,0.773920964770882,0.623866877861691
0.136587651717585,0.780698470880631,0.609798090324101
0.193195507324381,0.804413072431404,0.561778519392779
0.178802391640484,0.760573866380692,0.624145094126652
0.212185978304502,0.77686738774951,0.59283570444282
-0.1458368966612,-0.756544968822946,0.637472595270508
-0.189206508987024,-0.73587203365372,0.650148634577726
-0.0826174750559202,-0.770042394301397,0.632620789884395
-0.133556213057008,-0.754052178601351,0.643092567132001
-0.00635616178034044,-0.764674413847562,0.644385474707733
-0.0590026672875538,-0.753593348940965,0.654687520642402
-0.026192806932696,-0.753198532922958,0.657271562497337
0.0622474212488931,-0.762270542238017,0.644258394577845
0.0445040454189812,-0.753994767714516,0.65537110113315
0.130258601876218,-0.751939871853215,0.646234574867845
0.11694562068129,-0.746030540507446,0.655562471800847
0.183472177021792,-0.738624521054173,0.64866923555567
0.193426439548244,-0.718915863702513,0.667642264540344
0.254783801561059,-0.708407000450418,0.658213290791774
-0.324362413601439,-0.687776209601833,0.649425061225992
-0.249310002617296,-0.690284760065039,0.679228586425009
-0.280774722919542,-0.662900050675157,0.694067055682899
-0.316339771900482,-0.663737575512408,0.677776939388514
-0.18160720178246,-0.705332030544544,0.685219345136035
-0.208808500157259,-0.684557604890975,0.698412411006568
-0.117328950946518,-0.717892816432686,0.686195177325034
-0.140061052735341,-0.702488064517761,0.697777486536187
-0.0866158414435852,-0.718177718704942,0.69044801423915
-0.0115523157937523,-0.714424859377504,0.699616798185432
-0.0652272206327145,-0.701610427197819,0.709569036906083
0.0436272053142911,-0.722323530299584,0.690177791972483
-0.00051829448325843,-0.710225500106221,0.703974055182218
0.113188561325416,-0.718908671277027,0.685826998555599
0.0707191712193954,-0.708629908761648,0.702027386382112
0.183476440986371,-0.703013537627836,0.687101420108393
0.144796476700272,-0.696915162197264,0.702383966954506
0.261739731498648,-0.677676708000452,0.687202002608175
0.218409189857967,-0.665199019853917,0.714008186067201
0.405245053746999,-0.642593591428114,0.650269115573783
0.325537687310336,-0.664306119261007,0.672846634867872
0.358012871061464,-0.625994002289686,0.692790223120727
0.398554710944115,-0.628267301936043,0.668157421347887
0.28840001342365,-0.661431168097988,0.692339686949816
0.445189121494435,-0.640335489760486,0.625921006722264
-0.449772160165677,-0.604763261291259,0.657241509440982
-0.472300409547046,-0.578601730053285,0.664945382058585
-0.407977935797282,-0.609424172663299,0.679820698181691
-0.383995912873058,-0.635144188717425,0.670178333307837
-0.344609420507169,-0.636345381567363,0.690151362134134
-0.399917492477376,-0.578711456443295,0.710745418129367
-0.335735576124947,-0.607776764368471,0.719645070585384
-0.357988432251596,-0.583310042953708,0.729104708641624
0.352287503292052,-0.612027667105275,0.708036474852763
0.303949196853034,-0.608791788809222,0.732794271000301
0.287197997836054,-0.620574393479206,0.729660696623353
0.42866315341342,-0.586597095775948,0.687132991591065
0.375989319804342,-0.57538825333622,0.726333524846377
0.414518523949488,-0.567431233778926,0.711474657479003
0.473100854284701,-0.60597412866733,0.639508355739748
0.462418190622551,-0.582615455896392,0.668377623452495
-0.581861413088997,-0.496213582421191,0.644367423585956
-0.512924428849134,-0.508690646283961,0.691478384819797
-0.576190860086121,-0.476746451687586,0.663865132053576
-0.53068708056603,-0.48425783832989,0.695604462705902
-0.452655075039918,-0.547108431098677,0.704113448004901
-0.477153032601421,-0.514240504601963,0.712658183778159
-0.42028253401936,-0.55432086657539,0.718394716348453
0.530552301793751,-0.54833884800242,0.646404488561714
0.490708175913177,-0.545728010715449,0.679254314975269
0.559227332695875,-0.507800336264492,0.655288950658812
0.545784799234055,-0.483649949881537,0.684252642599668
0.488142130039708,-0.532315368691421,0.691634013865146
0.522562633037314,-0.48671603469816,0.700025568190769
-0.592036832499553,-0.442565538569049,0.673519215045112
-0.527001103352546,-0.447458745212653,0.722530627999891
-0.566800090314357,-0.420166084677623,0.708659381442392
0.596308674615847,-0.435667733466016,0.6742474253525
0.574612567836304,-0.441269427782386,0.689276206603111
0.667726691497527,-0.350768619342933,0.656583917824689
0.645707762362873,-0.390148056220402,0.656388589062739
0.621314581912793,-0.396886801681106,0.67561013680515
-0.67104417274023,-0.33731052688549,0.660243384430025
-0.606757216631163,-0.367301743155581,0.704936245018566
-0.612498194054565,-0.336047601047619,0.715484431773353
-0.645494878839859,-0.311144675721121,0.697513693171621
-0.573554637399733,-0.391457138666283,0.719580701870518
0.661657456829645,-0.325849181568777,0.675301207382813
0.710688485774072,-0.282975984671962,0.644085761593199
0.680551035817644,-0.288076367790228,0.673693026510088
0.623784778937419,-0.328319617322913,0.709294563948527
0.603970427711137,-0.364832364626303,0.708602193174426
-0.68766749344614,-0.256949086803894,0.679036512455809
-0.738595787145074,-0.200633993340274,0.643601012994761
-0.689592413778864,-0.215744352765038,0.69131517928412
-0.706287790233656,-0.195918034087759,0.68027471016204
-0.651863732650184,-0.282075165926308,0.70392277617862
0.670302054371665,-0.259416282298625,0.695268544077384
0.643265536077281,-0.259296116475733,0.720399176898344
0.615948846794672,-0.300438222976948,0.728247136833896
0.729802094271255,-0.239975492297724,0.640156751345914
0.723538586568761,-0.218444453739224,0.654808318805322
0.692686911242217,-0.216669661170674,0.687923760980752
-0.757653291434507,-0.154823454180611,0.634027750192405
-0.753471191158822,-0.140655251779361,0.642259499143914
-0.706164274365275,-0.14495407716247,0.693051464989536
-0.716095193469846,-0.131413190157647,0.685520420805955
0.741992236789574,-0.174328572382429,0.647346174311016
0.733672706175164,-0.149241940866974,0.662911157923798
0.701976818544106,-0.149314694217411,0.696371788858119
0.684007939538928,-0.189425252129512,0.704451000782439
-0.767165909241029,-0.0880886195053358,0.635371436887141
-0.753296049953432,-0.0690775667954126,0.654043844776618
-0.717831848632269,-0.0909374585340013,0.69025199436478
0.749128938837166,-0.10708369873302,0.653711644735168
0.739701591105141,-0.0811011635764972,0.668030057245227
0.707447653290047,-0.0809254830711386,0.702117428956231
0.691653407802865,-0.120385770581255,0.712125571592708
-0.752874603978181,-0.0289398873618754,0.657527424222123
-0.763232912837114,-0.0117176753784993,0.646017195472301
-0.701655588600857,-0.0702102358774335,0.709048628630802
-0.71541748261062,-0.0185363065771671,0.698451308906756
0.752901377378055,-0.0395855349327897,0.656941779282085
0.741919649203444,-0.0127484815831319,0.670367593446433
0.710176034580329,-0.0125486367255837,0.703912303930034
0.696226490712251,-0.0516198861653334,0.715963728817865
-0.752748573621516,0.0409400990027579,0.657033860013636
-0.761266744530495,0.0582285530932843,0.645819153692893
-0.70876872975505,-0.00163575577733885,0.705439020769655
-0.721750985113268,0.0402583743629468,0.690981026354328
0.753250540465825,0.0282378317584975,0.657127269366842
0.73989003353509,0.0564022664976551,0.670359248917602
0.710272934885571,0.05655685991723,0.701650682010173
0.697511913541727,0.017008249260511,0.716371307301215
-0.745751237258313,0.113148127545808,0.656545956777264
-0.752209986370697,0.12714928799082,0.646539399393126
-0.707264977074624,0.0701540693033969,0.70345906687156
-0.717987640780479,0.110103145926848,0.687292546841221
0.750063338347567,0.0973828596002761,0.65415714252997
0.732881164017042,0.127405164493227,0.668321123031047
0.7080975859584,0.127939021395625,0.694427401219318
0.695398941931785,0.0863660328105667,0.713415180618353
-0.739143136395259,0.179934911806724,0.649069219292431
-0.721615254299211,0.189623918454454,0.665818439450773
-0.696704565813227,0.143455800111809,0.702867826400728
-0.702569431369008,0.178423602745603,0.68888403384685
0.743982361944873,0.171941262024951,0.645698418403046
0.727896510996373,0.197624611305022,0.656590574319984
0.698783361457014,0.198411590096504,0.687266072686709
0.689335330469877,0.158929872369064,0.706794240097314
-0.710362528374621,0.249545332402992,0.658112608416748
-0.667671192236417,0.215543955750832,0.712569984069554
-0.679733355220822,0.256629120789392,0.687098290030697
0.687136707832737,0.264700837736369,0.676591908945454
0.68027983790368,0.228826956689012,0.696317144722279
-0.666559691077757,0.318205214210351,0.674124335623385
-0.628704869523317,0.35354316005271,0.692630797046748
-0.638038896195936,0.399845342562689,0.658050202470904
-0.663745422432427,0.283973303762612,0.691954606134063
-0.622466054393959,0.28251770552085,0.729876535582869
-0.617701845303861,0.350993235030935,0.703738715199558
-0.608951941590949,0.303399043522479,0.732889182088437
0.667997466914724,0.316419310694709,0.673541538448074
0.649195139410119,0.383583755795693,0.656817458093149
0.642509888704843,0.35633563846744,0.678384813858987
0.667010392667007,0.297941435171338,0.682882154754573
0.613908731326971,0.355486901823231,0.704801484272436
0.605064092722524,0.32371907276506,0.727394944734976
0.630920294039459,0.287874120085072,0.720463790592149
-0.637620513729168,0.400664647191285,0.657957385369931
-0.640729012565327,0.445112233553188,0.625572883042698
-0.581783614051953,0.377533740850753,0.720413840052983
-0.574036189328015,0.414319807261551,0.706273000087447
-0.58804870221067,0.427089584184935,0.686872048426114
0.633996080595265,0.41470516828693,0.652739299556838
0.592824947961397,0.419652038009029,0.687350527801817
0.585265549818541,0.395334816592234,0.707936875000579
-0.605581838591753,0.476009610033821,0.637718972528873
-0.581996398169355,0.465873462670997,0.666514898030668
-0.548292546245909,0.53242592869103,0.644901476342451
-0.546641274316138,0.491291964067262,0.678096986615455
0.575406062219741,0.474051226736378,0.66647077804695
0.553570295790851,0.515209310051744,0.654308256446482
0.57121872113348,0.459250170426588,0.680292917492003
0.516870839572066,0.52360988912875,0.677257129314004
0.50625963594543,0.487909283663364,0.711087696369093
0.528765611286315,0.458796496930623,0.714081719920906
-0.509203762339433,0.560086796919518,0.653463318278694
-0.53479681794644,0.488843127154121,0.68922040056033
-0.488338053864295,0.522487827670105,0.698950938968257
-0.485038964475369,0.547101090238079,0.682215215310364
-0.4432275779008,0.575160352550671,0.687560821340176
-0.437351684488725,0.596970039167918,0.67256990447888
0.501960553976061,0.58008347343485,0.641512872902645
0.466659394354049,0.606597621760985,0.643636803589594
0.499214790957901,0.545603660028506,0.673127951174484
0.435700248169971,0.595823734984974,0.674655001147388
0.452243178231888,0.552875966671729,0.699860181193016
-0.391312899059686,0.646352856548724,0.655058928540638
-0.353551509993595,0.666874024936638,0.655957593633961
-0.39856923601106,0.62155372600735,0.674398643082813
-0.327593773044513,0.660203983826188,0.675879441618467
-0.287661538225376,0.681749927192446,0.672657324496586
-0.285252411139371,0.706857114842753,0.647289796872586
-0.367366548510737,0.603989279985241,0.707275596000752
-0.329033020983064,0.625262260196008,0.707661202184589
-0.301909342675166,0.616995327502174,0.726751343064417
-0.260079147532069,0.671537410997187,0.693827314719006
-0.259112850103062,0.645845613147107,0.718153169518944
0.364710970241612,0.668477600751631,0.648169426522699
0.338681145046216,0.660032258383584,0.670561331932621
0.295656587603645,0.68245119295129,0.66846656718637
0.340010092733854,0.629851363406865,0.698341175109723
0.398747217342805,0.650310242288127,0.64660439639437
0.382162963308703,0.602353482099491,0.700800793434003
0.407676928998156,0.609986539724118,0.679496830690202
0.272391752110868,0.674271661993003,0.686411290127985
0.30905658801313,0.619264095875277,0.721800529901065
0.270934462083217,0.642605690283251,0.716695503035469
-0.241751814684852,0.731021356360982,0.638093908951285
-0.22052686516442,0.727491720112765,0.649710473140247
-0.215450464919721,0.695059956863869,0.685910164329319
-0.180743344045952,0.746393231358328,0.640491208187559
-0.146604716439526,0.732195943527898,0.665128677324153
-0.190209107304315,0.687883543186882,0.700454656998693
-0.150665923388071,0.705385494091907,0.692626222615298
-0.108208885807219,0.747586461470666,0.655290256037833
-0.0764235034610087,0.736501421100869,0.672104980516545
-0.119618988945168,0.691467638379883,0.712435121647637
-0.0751950308832885,0.709093908803422,0.701093100685169
-0.0353467934114059,0.754376133920549,0.655490085940754
-0.00117529287572902,0.737635866419901,0.675197709754423
-0.0509889864870062,0.697756679788144,0.714517836773899
-0.00262393975375157,0.710813716048827,0.703375416130694
0.0390595012822113,0.750955906324896,0.659196163607873
0.0727396233215285,0.736782456636632,0.67220574141518
0.0162033124528684,0.699037671531507,0.714901242442173
0.0716581085732547,0.705347658010141,0.705230314730807
0.104691732543257,0.746948451115145,0.656587886359303
0.14708105524896,0.726636514089947,0.671093540110515
0.0790893791608264,0.699562499206272,0.710181089447072
0.136258854352131,0.694689829883123,0.706285752983594
0.150044010573681,0.70503544595304,0.693117461070461
0.182171533370071,0.74425410052063,0.642572459951269
0.223991067114009,0.72292067030557,0.653615870598376
0.204469070215468,0.687439119675249,0.696864302475984
0.224322124942624,0.696814988526685,0.681269738081607
-0.205152577069848,-0.661160500245284,0.721650339871746
-0.269585419614039,-0.63503565293909,0.723915341063957
-0.237459872976363,-0.634740611602961,0.735334729703384
-0.134630293971738,-0.666434496595058,0.733307401908078
-0.166424511528411,-0.650858347395297,0.740733618508295
-0.0695672736246057,-0.677532307996797,0.732195579105045
-0.110255018309658,-0.660330539278153,0.742837404708568
0.00640324108712573,-0.674386758061279,0.73835052587181
-0.0350928200084771,-0.657202136195936,0.752896969155376
0.0710658334731741,-0.675503238438355,0.733924398131073
0.0320778726930543,-0.664319489654185,0.746760085803393
0.138688822244247,-0.672823326927529,0.726687127536104
0.0969649722342626,-0.662105164898759,0.743111394593028
0.215775932137841,-0.65682108587997,0.722514227024979
0.173464969117852,-0.643836386593547,0.745241311111447
0.250772512432036,-0.619156394324397,0.744149518830548
-0.404937718699591,-0.519878027463162,0.752165062027865
-0.362208024227222,-0.529614640925092,0.767016088034141
-0.347215349060145,-0.549884815527611,0.759650045105776
-0.295920945373383,-0.609436074921966,0.735539573832048
-0.221168711643636,-0.601654963334382,0.767525703859485
-0.232005117388168,-0.58468925362629,0.777375136082724
-0.284619204374938,-0.576811855516521,0.765689226668735
-0.171068450119447,-0.614179120407967,0.770402228338305
-0.100983806985235,-0.620616710061126,0.777584188316399
-0.148746308043483,-0.599150682951386,0.78669752444146
-0.0372851128323305,-0.636007968282339,0.770781217105381
-0.0811002534890126,-0.614403679659625,0.784812631973219
0.0345499643393678,-0.622542635943728,0.781822848474246
-0.00238227573623485,-0.612478235880287,0.790483861527412
0.10011596874103,-0.627665746436403,0.772018460629976
0.0560577241202255,-0.612904454950114,0.788166010856066
0.170449686688502,-0.629471495142202,0.758097975931365
0.124752131797512,-0.614328789190619,0.779125820637183
0.235807374672669,-0.596133602072019,0.76747613026766
0.200339926018729,-0.59700916313142,0.776816563404728
0.357608225841801,-0.553024186894891,0.75251618289544
0.310920302272451,-0.568396971435569,0.761743689503024
0.291695625690186,-0.555273377745422,0.778835757987781
0.260898176460025,-0.56198079163664,0.784926577044815
0.369551215688449,-0.523688501297901,0.767582081989638
0.434283448513554,-0.52976237600571,0.728525710813256
0.400960178781159,-0.509232719912603,0.761520171763161
-0.463236513196762,-0.485403696036174,0.741481749415134
-0.516645869709962,-0.443510209275459,0.732376774331406
-0.475820344735035,-0.462128476962987,0.748353038556069
-0.420269477576078,-0.497196774463854,0.759057925115515
-0.347482874084198,-0.494023871021165,0.796991886457729
-0.404943653891186,-0.462149619621357,0.788947632138591
-0.373061793877678,-0.464268092449265,0.803293244265311
-0.298803378731606,-0.55748450986471,0.774549909379299
-0.312814576923956,-0.495529740149959,0.81030692770752
-0.286331309231829,-0.524753975796124,0.801653070997515
0.340634155756534,-0.500571251167056,0.79586229615247
0.309181746557003,-0.511071069261697,0.802005617037478
0.415091364784363,-0.471408013346054,0.778121869525964
0.356574805319168,-0.462909957996756,0.811522506772942
0.391197163211564,-0.450939653962704,0.802258192840199
0.452494559902848,-0.520910089513754,0.723810301046553
0.47102987153963,-0.473626643460211,0.744183218516766
0.505438388455786,-0.463868062780778,0.727570241150107
-0.514531514243542,-0.394249169525089,0.761462351780457
-0.545147922804203,-0.37021834536743,0.752164954657996
-0.455546115016349,-0.427399801355635,0.780901496281494
-0.487963320619088,-0.390001559181932,0.780890889667728
-0.432434498626691,-0.429155485063124,0.792985481605885
0.452417439754889,-0.457211443017476,0.765686722217062
0.524237376705562,-0.424227141744432,0.738381002648511
0.504697315181809,-0.401676031841296,0.764157696743613
0.463632493336331,-0.420024158177791,0.78014397239854
0.554873856955606,-0.414444477503929,0.721353434824917
0.575116760012693,-0.373698260185351,0.727729567000644
-0.549885037256068,-0.343277127141164,0.761437626981752
-0.589875342096585,-0.316143477103213,0.743034577036309
-0.493915244442117,-0.332364295540673,0.803480993152567
-0.52917063793689,-0.321313759400677,0.785325349116701
-0.475475244900006,-0.29420390542571,0.829076204892855
-0.542529201409939,-0.277252101508189,0.79296490327554
-0.506750817004156,-0.254083991012167,0.823799086535636
-0.478400737339358,-0.35942306919916,0.801216445063763
0.513295292356675,-0.369784988304047,0.774459169530228
0.554296836718657,-0.346296169140818,0.756857965566911
0.559598846854869,-0.324854138317985,0.762442731892947
0.524868860847826,-0.291936289151793,0.799553551670297
0.489917968295286,-0.346332621487142,0.800021311988164
0.502218057503373,-0.303140915794698,0.80986579622101
0.58990166502138,-0.296493118509452,0.75107113929477
-0.628788902726964,-0.255130360377309,0.734529111078087
-0.660136032598061,-0.20588304910611,0.722379809073082
-0.630972858996741,-0.23893113063846,0.738095634739365
-0.593387911465766,-0.28500006733327,0.75277204261737
-0.565346617134254,-0.264173018395241,0.781406308425266
0.582343184444875,-0.251425957966474,0.773085637682684
0.541473918042057,-0.256566106910821,0.800612158828985
0.650791623985775,-0.18900326956013,0.735355714090493
0.631430222446392,-0.225774197068499,0.74183683254431
0.597198394132728,-0.228158693199653,0.768958834244537
-0.655141250211894,-0.166430790043661,0.736946900662619
-0.6680648099283,-0.142569868342742,0.730317220374953
-0.600325517798411,-0.20704630750667,0.772490193612788
-0.613511097279948,-0.169280521982135,0.771328878230168
-0.575842623790767,-0.220050013552705,0.787390160061211
0.658954006946163,-0.120385939480697,0.742486930730061
0.640704559268609,-0.1585188529963,0.751245260202788
0.605316309580421,-0.157078317219752,0.780332344334996
0.586829265577717,-0.189322608701082,0.787266386235392
-0.661897279441939,-0.11098609783949,0.741332636239444
-0.679769272947125,-0.0742645757948435,0.729656431712179
-0.60229283624189,-0.142335785397851,0.785483203898642
-0.621812876224541,-0.101918952629129,0.776505810703529
0.662681917920282,-0.0510488370998384,0.747159080713238
0.646438427946157,-0.0880281742866555,0.757870964878758
0.613751859317782,-0.0881845683669303,0.784558561922502
0.595020734308406,-0.12377110949199,0.794122810526311
-0.657347316531073,-0.0351430399295176,0.752767874044788
-0.675977380479672,0.0029726548940303,0.736916375447527
-0.616398382084126,-0.0802361598391872,0.783335938929354
-0.641526895472438,-0.0368660082140725,0.766214160547725
0.664603884970428,0.0182168347384576,0.746973776657739
0.649945644310538,-0.0188732901085545,0.759746311845104
0.61458704377723,-0.0177729834801683,0.788648772698835
0.598269682710872,-0.0512319103599191,0.799655349578745
-0.663515391041365,0.0356806779429294,0.747311324062976
-0.674457285452555,0.0697941379909712,0.735007583907859
-0.613390106694594,0.00136509377917288,0.789778901673227
-0.62326196399267,0.0346951238872765,0.781243094445286
0.665203760003157,0.088401505988841,0.74141023152946
0.651026782685238,0.0489660234255765,0.757473733390402
0.616043784055259,0.0517445281270903,0.786010534239702
0.60110515596743,0.0173577669736617,0.798981413673096
-0.660041762691278,0.0995348839095862,0.744605720088488
-0.670127988172704,0.136858141743155,0.729519244781256
-0.611450417780459,0.0613700243821494,0.788899300737069
-0.624005025913265,0.101178735208438,0.774842300843601
0.662775799361037,0.158149856822995,0.731926815035632
0.649842830606289,0.117898931415164,0.750868921637304
0.618022801660534,0.120875412433391,0.776812043738202
0.602406445735968,0.0834679768587959,0.793813309900292
-0.642736187862457,0.173831662111252,0.746105050284258
-0.654768971225712,0.212077327611197,0.725465920242512
-0.610800190367775,0.126354125078202,0.781637871729877
-0.624125667734397,0.170183997947985,0.762564461352307
0.650063906982122,0.228236833286248,0.724792980630058
0.640199319456994,0.19192808480514,0.743847055267299
0.615676110493895,0.189514261402144,0.764870754894125
0.601727440605499,0.152354771995222,0.784035784051111
-0.619887087605988,0.249892560043649,0.743837150896753
-0.59414596806104,0.2005084678507,0.778965289956474
-0.59404661470081,0.235377975712553,0.769224172859881
0.628575969245788,0.26172820260791,0.732386918811601
0.588866249625411,0.251468266515158,0.768114738166092
0.58762649765472,0.226770507674323,0.776704729033612
-0.572651861436163,0.312268183034836,0.757996324171707
-0.556377537967748,0.357289790245002,0.750192002777709
-0.561763624885397,0.26174936594121,0.784798636074881
-0.55578609723238,0.289523389852428,0.779280450705366
-0.529564163824873,0.369174704820533,0.76372235381265
-0.514017996081187,0.309701648916792,0.799918988625036
-0.504397819901105,0.33961072964401,0.7938812200762
0.581054025954275,0.322570758476641,0.747211030899661
0.561049495426713,0.39361797203399,0.728209005556289
0.548942756360511,0.356029929605536,0.756243703751907
0.568746313929616,0.279008565813688,0.773745339626717
0.533030455841639,0.354620695776629,0.768194438454324
0.538506407466115,0.282768128056365,0.793758801446282
0.518825895928114,0.31124699785125,0.796206628987083
-0.515158787290062,0.400311723545138,0.757866708511565
-0.533562418852865,0.433232719335108,0.726374941807182
-0.523449899349075,0.453261086057697,0.721494692106076
-0.468171476366767,0.356839636168742,0.808381681370577
-0.456780131677078,0.39176993777236,0.798666530638985
-0.476085074263359,0.414184432407586,0.775753993231655
-0.4770114717446,0.470046929353727,0.742641191982497
-0.461901617001324,0.453130258562581,0.762443351985294
0.525595514406803,0.430912995932389,0.733528012533959
0.495918147406084,0.420459111307298,0.759789001494491
0.501120190712634,0.381159018987753,0.776914639265104
-0.466800392195788,0.506346161984813,0.725059279017314
-0.426738939676101,0.524502264561095,0.736743681231404
-0.416929905332983,0.555654323622084,0.719317542312931
-0.423967104991564,0.463935177481904,0.777827773340542
-0.405837022014662,0.506193695238351,0.760962715553931
-0.375453157737439,0.576146179473916,0.726009990442691
-0.349503487745989,0.556208699317351,0.753975593011531
-0.372555860456753,0.514610428431052,0.772255293144267
0.47183394380305,0.493044869562615,0.730944242793693
0.443418776573732,0.541275769683916,0.714423074749786
0.455337406196235,0.471568345532176,0.755176232418984
0.469988236588572,0.437247858051496,0.766762915181572
0.413039006483298,0.542638741616236,0.731397275918114
0.397402414922892,0.509921596540615,0.76292285717163
0.417698495266635,0.482389901211559,0.769953213033812
-0.326999007805433,0.561551013224526,0.760086908478741
-0.297955429179985,0.593275092237632,0.747828340698987
-0.351049140201663,0.49287426642504,0.796140351106293
-0.306404897827978,0.504829375706374,0.807008884716234
-0.29531512876905,0.528487988832328,0.79592048621711
-0.258493918073591,0.545621253846621,0.797168954281215
-0.253881529304706,0.584849315664204,0.770386556895313
0.339776155577535,0.5663313439445,0.750880132222825
0.310330299860522,0.592254506345928,0.743592431847863
0.379776626453433,0.575218102521804,0.724495582133435
0.263796184006147,0.579914048372196,0.770786137527373
0.292821913381537,0.531206876205826,0.79503118285714
0.338522426486472,0.543563291454657,0.768076503317665
0.274449744429892,0.542224195090041,0.794147505216332
0.244392643568852,0.635593520145294,0.732320362217754
0.241877346376213,0.593132744489476,0.767912037100854
0.365129473929742,0.514551671849803,0.775833129135617
-0.226881604659821,0.634074237206889,0.73923920294955
-0.189122613006972,0.653674487964996,0.732763468680798
-0.228859824966329,0.60076500119873,0.765966444337525
-0.159540426058499,0.644009878547688,0.74819658431863
-0.121103451551714,0.662101607898022,0.739564341244976
-0.191005634947651,0.590106486570686,0.784404985913173
-0.158293459869294,0.608808077860861,0.77736471806609
-0.0889457728878874,0.648254315157584,0.756210944356764
-0.0506969645652736,0.663470802084924,0.7464826271017
-0.124293163881588,0.598117576226211,0.791711168559335
-0.0907145812967553,0.615331231309904,0.783031506719105
-0.0211518801581825,0.651099607201897,0.75869750195141
0.014870547496917,0.66277345244906,0.74867230317803
-0.0524584624662828,0.599490431386464,0.798660962105789
-0.0224009027558018,0.613362472038324,0.78948380442588
0.0446098647850472,0.649419508429944,0.759120716378146
0.0772023063023591,0.658445073395461,0.748658726806041
0.0151389024531282,0.599545286477375,0.800197640021062
0.0427473486495406,0.61048272532144,0.790875152136886
0.10756024181331,0.645126237781018,0.756467402937874
0.142630320164208,0.659059778838799,0.738442143764025
0.0776058046230939,0.596484381177657,0.798864019780531
0.112319100694633,0.611984526559231,0.78285334442105
0.177741311165521,0.643787705055035,0.744275095059033
0.204832480943092,0.654090615263201,0.728154600188247
0.143063281347323,0.598007031558996,0.788619355415611
0.178578314730946,0.61303303165542,0.769610477843968
0.216286505961309,0.590196548099847,0.777745576618777
-0.150008326384229,-0.581275727534126,0.799759983116857
-0.219011332265807,-0.55506380233172,0.802457607403786
-0.191292207887583,-0.551241377860517,0.812120825084502
-0.0694562582726078,-0.57913219297384,0.812269494224718
-0.113132003881058,-0.554190100878586,0.824666285103277
-0.084749484581453,-0.559027464682523,0.824806534039231
-0.013519474969204,-0.580547664085505,0.814114017519303
0.0640713887551949,-0.575000421892089,0.815640467342628
-0.000417097548946673,-0.562981466234438,0.826469415469295
0.0439872751903249,-0.55789824126309,0.82874282622348
0.130810262296615,-0.580749077613671,0.803504314940972
0.113250447851669,-0.565683825320912,0.816808512340375
0.181286764715443,-0.569194387532954,0.80196811541357
0.192660589533001,-0.545042319615033,0.815972283272821
0.232753539191127,-0.533855983222035,0.812910560376748
-0.250993935241045,-0.523465162095832,0.814239687404267
-0.236182704414191,-0.489415310560065,0.839458387250371
-0.297500845899904,-0.4602945008505,0.836434228840278
-0.257540980640283,-0.462785693494006,0.848234663986396
-0.174179901004834,-0.515253873310805,0.839151242699527
-0.194610518909274,-0.490942168266902,0.849177562908521
-0.136660000045467,-0.517433570912211,0.844740518787048
-0.0579273026585444,-0.523983878787753,0.849756036976053
-0.113117007893044,-0.488770782981746,0.865047781471484
-0.0840582538427767,-0.490972637666075,0.867110188513617
-0.0230754505406683,-0.524103927134452,0.851341645371933
0.0563259267229871,-0.519293499736437,0.852737738762792
-0.004390201591315,-0.502083763313432,0.864807851922616
0.0349524396267302,-0.498593100606506,0.866131195022862
0.121260826540872,-0.529626435874809,0.839518701619667
0.102277728011944,-0.512180769946269,0.852766160943293
0.168973096533005,-0.518987926753793,0.837913852691222
0.248118480750127,-0.502122138854692,0.828438638151455
0.217280618795508,-0.475086857466908,0.852690805953752
0.180752722213809,-0.486402100415568,0.854834165276295
0.280465034795937,-0.491492366053836,0.824484456110433
0.2947727031169,-0.45093780306811,0.84247501521485
0.329414338257232,-0.438808425032417,0.836022344121926
-0.357524137161622,-0.429121974694429,0.829476233644576
-0.415290434682604,-0.395160810240119,0.819378904360801
-0.378832307014967,-0.399470850766731,0.834810830397774
-0.318909147305355,-0.432416946741974,0.843393466855963
-0.241623189524371,-0.427022415676888,0.87136105650502
-0.262980584898816,-0.398353462315598,0.878723921961529
-0.302916052618111,-0.396597102133876,0.866575215226742
-0.179234990544706,-0.455187966457278,0.872168982111223
-0.199632750879167,-0.42837610795776,0.881272191157407
0.266165956513743,-0.429174190091423,0.863113664677194
0.23114711238685,-0.440782352273478,0.867341876286093
0.342369517578694,-0.403666425436801,0.848431806574935
0.312920421630751,-0.375708135516718,0.872309696514366
0.278917719911551,-0.387852371102241,0.878507509216461
0.405082578810098,-0.411404771362697,0.816488957944055
0.379488540771212,-0.388798796992239,0.839537934152308
0.441083094737072,-0.397579142169133,0.804597122322236
-0.43566068008988,-0.363366135626215,0.82350763402879
-0.422458886378086,-0.330511537769362,0.843973111373531
-0.447424251970415,-0.294418346852996,0.844469878554033
-0.362194687276274,-0.364178137212227,0.858014739317148
-0.3857456446353,-0.330648218292097,0.861319948326496
-0.325134524516802,-0.365962285876027,0.871985748899388
0.389621152063405,-0.35198074740236,0.851061050291259
0.326182861533868,-0.341522398680269,0.881457424973693
0.362595054471145,-0.328638219924568,0.872078979724817
0.453259988966854,-0.361553055915948,0.81476056001724
0.428178418177551,-0.33419870371826,0.839627577346055
0.475335832287302,-0.285148513983091,0.832313745841659
0.435569663015352,-0.308505465038319,0.845637893369369
-0.505778565266108,-0.240812965236062,0.828370182159868
-0.547046531043679,-0.196998210895889,0.813591911081284
-0.431288655677629,-0.260457258890532,0.863800967685852
-0.443507287383295,-0.233202658379703,0.865400373331645
-0.480137278150181,-0.220130217071749,0.849123596222882
-0.371072572055864,-0.296733745637221,0.879917172504294
-0.387170346345813,-0.268243571323568,0.882124996445539
0.528866726008305,-0.225955390863182,0.81807343647201
0.476277225307004,-0.242707330503348,0.845134992988575
0.489190618551967,-0.226627329267219,0.842218850626102
0.425231098909582,-0.239231818312059,0.872895554821569
0.407331702010541,-0.273750379086366,0.871287331761037
0.548934116681306,-0.189044134621367,0.814207375739481
-0.571157394444583,-0.141626243915634,0.808530294921362
-0.545893045349343,-0.184684515104778,0.817246849440078
-0.5008582153707,-0.158588242796524,0.850876499465339
-0.554725878662793,-0.109360304825071,0.824814841810184
-0.508988418023062,-0.124527274264849,0.851718115506855
-0.487985740509396,-0.168593886607386,0.856414629988367
0.480682743156362,-0.181053140633415,0.857999918821938
0.416281888847234,-0.209583686951031,0.884750850342508
0.437794316516416,-0.178493199048698,0.881178934336997
0.537093075448394,-0.156831767312174,0.828815314208857
0.499186447778326,-0.15481911187899,0.852551425399933
0.5575125913905,-0.120168730284343,0.821425095004346
-0.562186526489124,-0.0776140905610662,0.823360408557803
-0.583495589678036,-0.065036464743247,0.809507970979891
-0.490413493194308,-0.0932966072900334,0.866481591703555
-0.49850974542304,-0.0661795268522154,0.86435426992864
-0.532369932281257,-0.049929352834916,0.845038055313686
0.567643118788752,-0.0523332349875707,0.821609714041596
0.547019516230747,-0.089562949056987,0.832314920579281
0.507236660620056,-0.0828086042958836,0.85781915645291
0.488005772373711,-0.116192299245373,0.865072087011257
-0.588943556781588,-0.00958554847629246,0.808117320805501
-0.561307836671349,0.00781308301651002,0.827570219513189
-0.536906585139651,-0.00948607043480402,0.843588367215542
0.562555566409655,0.0192049209725023,0.826536391039108
0.546134021129981,-0.0113676203215157,0.837620682751222
0.521420656626406,-0.0142633352986846,0.853180553053951
0.500322123275328,-0.0613459003423583,0.863663391300368
-0.559831085766938,0.053673461344909,0.826866564178446
-0.569455159328601,0.0659734072243932,0.819370692088289
-0.499117435795352,0.0130969243655222,0.866435373156727
-0.494534262754749,0.0353608054560399,0.868438527703093
-0.512747544430971,0.0646755015873494,0.856099897894185
0.567155202605193,0.088369963814595,0.818856352270208
0.548832806369645,0.0589289378840412,0.833852463528338
0.512729763617537,0.0646009305872192,0.856116177436199
0.494628148710916,0.0150631960392789,0.868974162232626
0.493962934758071,0.0419544819220735,0.868470172505564
-0.562154598077362,0.117888279301953,0.81858692969269
-0.573749190491348,0.13207679577102,0.808311565195861
-0.504454111193632,0.101084346404457,0.857501023096665
-0.521488813448235,0.125607168758976,0.843962236480227
0.569891463698163,0.155771754180155,0.806820227934081
0.552241445325839,0.130408610479352,0.823421508328069
0.519427572666217,0.136217522985761,0.843587448451971
0.50062673819883,0.11093764121588,0.858525310495769
-0.563974479019325,0.182492804540859,0.805375169288011
-0.54108696667629,0.195214540885529,0.817995218518974
-0.509933307266722,0.167137658186906,0.843820493562357
0.55098240774064,0.205485950898017,0.808822545645128
0.503943828443133,0.177771249442112,0.845244343752662
0.536470705490426,0.212222632069271,0.816799079693529
-0.53032491816116,0.231734710462331,0.815508740078424
-0.501625938532583,0.247561457345066,0.828905750148045
-0.490982700702084,0.279465140371109,0.825127397999027
-0.48201549128049,0.179714862108092,0.857533459698861
-0.469945333761973,0.21539061992038,0.856013004647512
-0.454058870161993,0.294650774159701,0.840839737235523
-0.441478444482655,0.228548422698347,0.86767643827597
-0.428798116457667,0.265938767058193,0.863370573680807
0.521723456649886,0.243589371899055,0.817599445131366
0.483128964151614,0.253853024363985,0.837940956165198
0.486192707532533,0.316125172656533,0.814666512356474
0.468014250568081,0.291496635190574,0.834261573451499
0.46216191519617,0.222928671902766,0.858317640146046
0.475947378878446,0.188331372692205,0.859072398927243
0.433385848857326,0.299553788328503,0.849967195783612
0.426872844004731,0.232655523893547,0.873871261830444
0.411234861950998,0.273336387705318,0.869582145327485
-0.44189353376195,0.330105522126332,0.834122562385815
-0.409391983081302,0.343243042392858,0.845329768810761
-0.394755423558133,0.382210190334498,0.835513929253071
-0.416522409645664,0.40590176732107,0.813481922078544
-0.391891603914794,0.278669416255382,0.876792066127981
-0.379662129805785,0.316130379780922,0.869435592882478
-0.347707164525384,0.329403994182737,0.87783411664971
-0.335325960964134,0.367419878839533,0.867501661403033
-0.357601795382786,0.392366938484174,0.847448607010221
0.46430227772951,0.363610466943454,0.807595705303311
0.41482765253889,0.342728481654752,0.842885049429459
0.454224384140565,0.36824217356143,0.811220013598579
-0.4031176534858,0.443156936380597,0.800692254980568
-0.365792065428993,0.455344504160065,0.811700404952724
-0.340258336101099,0.431974173185612,0.835238036977674
0.432519074732044,0.410484269668909,0.802763921926813
0.409789524647207,0.420597044516455,0.809426137231458
0.396354970402604,0.444837615176248,0.80313276210192
0.378431226559363,0.386356826022221,0.84114101656667
0.394928405499554,0.351334468516198,0.848879052493357
0.331970310234148,0.422984122438284,0.843137085703243
0.354701365431757,0.460359371400283,0.813791245052921
0.343587409660595,0.399366619393197,0.84997293794401
-0.290036714503271,0.480544505656226,0.827620494141948
-0.313219864770976,0.439469834902139,0.841878602010966
-0.248419514080683,0.480528842708351,0.841058723484449
-0.229262998272682,0.496113073532609,0.837442712006647
-0.228977006117291,0.532676736547368,0.814754579619414
-0.280537341413138,0.413019076016786,0.866437558580588
-0.243597027270832,0.4321972108637,0.868254605070686
-0.216064444106862,0.423316548751219,0.87984047164594
-0.182939004658252,0.446976923839602,0.875639737637309
-0.184484125429983,0.485921835850649,0.85431000047282
0.276827287509804,0.472091332143289,0.836956645833665
0.247355038528329,0.482286900043268,0.840365891122018
0.303719414396913,0.493008644689478,0.815289515190671
0.228298046179702,0.524966391508169,0.81993310086703
0.209782306676402,0.456973673973984,0.864387901986282
0.224379030151618,0.423643527366221,0.877599118361525
0.264045109696435,0.410324114653713,0.872877025118111
0.28961629263178,0.437186305374401,0.851463761668871
0.17093622911167,0.500170340456221,0.848887764139047
0.208462041754417,0.53314196085881,0.819940989778656
0.186071746307288,0.466077062584913,0.864956343960997
0.345197478123949,0.477664227477126,0.807883399313011
-0.190726034776631,0.553758659976507,0.810539897944208
-0.158225141133536,0.541191738044976,0.825879111846964
-0.122561979097103,0.561036585647895,0.818667521552158
-0.157230114102418,0.505091032223378,0.848623438509014
-0.0888197892388529,0.54890005686102,0.831155684945688
-0.0554699604198434,0.567099930749285,0.821779016545919
-0.117918935599886,0.492470354137674,0.862303934191711
-0.0858384171623199,0.509941572261897,0.855915509275379
-0.0116271012695785,0.545559056675104,0.837991722033003
0.0126051943283587,0.558094721300046,0.829681499813614
-0.0611774782000988,0.500682969120091,0.863466201188076
-0.0169005321402779,0.517213918659158,0.855689274420694
0.0567674259674219,0.544090449660214,0.837103961248291
0.081760043227388,0.559789324130604,0.824591540049288
0.0099166736525501,0.492368454909923,0.870330376462458
0.0458188173246386,0.492593980151639,0.869052246241466
0.0602563352895767,0.504109836541155,0.861534936470901
0.125173567032908,0.546331334054777,0.828162817051203
0.1491228096003,0.565081092272843,0.811446699920977
0.108823088616908,0.493985164109947,0.862633290004012
0.132953930601774,0.512693005905647,0.848215263970751
0.198620328847007,0.549558163380976,0.811502181161601
-0.135694358777212,-0.455807436919855,0.879674156403718
-0.0527079849231737,-0.455652563531869,0.888595864086804
-0.118761090745743,-0.424528921735672,0.897591776886814
-0.0735228273077096,-0.424708473299022,0.902339795516464
-0.0282312125597456,-0.459273371867471,0.887846252754885
0.0493824677602767,-0.461353406908422,0.885841072547383
0.00951650845204108,-0.431595202997731,0.90201719319325
0.112225069235077,-0.475118414275463,0.872735943027186
0.0826634428281835,-0.450643273014169,0.888868604298109
0.152952191682264,-0.462944361872652,0.873091143506745
-0.183674560989192,-0.392929447980487,0.901038347993679
-0.24675292833721,-0.362624587910417,0.898674802472959
-0.20362170348549,-0.364123026120419,0.908819357033385
-0.138955898517701,-0.393542950023048,0.908743750874962
-0.0563240447080653,-0.391017303005021,0.918658299226869
-0.122161175361698,-0.360606744609508,0.924683417703801
-0.0827210740858689,-0.358437582616439,0.929881564109195
0.0104191834609897,-0.415899258807757,0.909351003265056
-0.0194543674911584,-0.386769992196567,0.921970986919755
0.0914125666078879,-0.420372867510757,0.902734952755759
0.0608992982386619,-0.388370880855736,0.919488626562275
0.162448242764799,-0.425860334658302,0.890086256374823
0.135016254332249,-0.405124030161137,0.904237320205314
0.200292120465861,-0.412883481129978,0.888487646222096
0.211228476034968,-0.381205759241907,0.900035943744885
0.250030456989154,-0.366172356442334,0.896327270563193
-0.308787467404904,-0.33061326234101,0.891821266139074
-0.327850658766521,-0.300344986069287,0.895715822618646
-0.266697795264015,-0.333055782397845,0.904403743807307
-0.186982019664701,-0.328542384513318,0.92579567178747
-0.208891123896409,-0.297030690979627,0.931738840541415
-0.249870812963058,-0.296852243051199,0.921652495588577
-0.145570432416687,-0.327878367960817,0.933437210008991
-0.064074047972263,-0.32083873928265,0.944964030930261
-0.0866308492866406,-0.291469295517755,0.952649329880759
-0.127825387976335,-0.29199647859893,0.947838977186802
-0.00215083547208227,-0.345345116880809,0.938473294320809
-0.026052709190135,-0.319331769653395,0.947284792041911
0.062613402796691,-0.37513542561466,0.924852947359269
0.0335527752244005,-0.341881292590811,0.939143968223817
0.13979864957017,-0.364995883393588,0.92045333541907
0.110831814774092,-0.348144618378729,0.930866066374648
0.177733606398988,-0.348046951585018,0.920474923422027
0.257873890383786,-0.324194724170029,0.910164181606072
0.184455121281647,-0.326991850027936,0.92685092557988
0.232589730720379,-0.30650589055743,0.923014710726226
0.29668227034282,-0.308751048705214,0.903688231851926
0.375175125042406,-0.282958446228537,0.882710679247366
0.30542525002059,-0.284224936718902,0.908807791558257
0.355324346609149,-0.266265875391514,0.896017350450744
-0.369295280869165,-0.229662449165538,0.90048662120603
-0.420823751221558,-0.19497131466674,0.885942185960765
-0.390972042645145,-0.196827778836476,0.899110497852284
-0.33272751406957,-0.231528717307234,0.914159096898976
-0.311266408815248,-0.264160953521271,0.912870315750267
-0.271558728842347,-0.264837351922574,0.925265925999746
-0.254354187050614,-0.228591045255031,0.939707444665112
-0.313604294336152,-0.193711536739037,0.929584954217808
-0.275875377439345,-0.195595259518818,0.941081968043414
0.232332142235537,-0.263228779067939,0.936339887837023
0.158571444450158,-0.288851233242322,0.944150444611122
0.181395035750411,-0.255438260205238,0.949656325324287
0.284162249170454,-0.247408639866139,0.926304907180123
0.248604152674636,-0.247167380766665,0.936538446171791
0.35604792056045,-0.222000473268122,0.907714530088237
0.309752802837678,-0.211997619255761,0.926881983083117
0.374591997868118,-0.20412571083023,0.904441003775937
-0.445162220962654,-0.158012553863372,0.88139811087225
-0.435815045821918,-0.125913031714654,0.891185252503465
-0.446769475498916,-0.104721049194127,0.88849903636307
-0.370806087152532,-0.158186353723408,0.915139291707181
-0.388317400452929,-0.127330313937395,0.9126864673359
-0.333524532670027,-0.161254716568958,0.928847836026712
0.300758257046292,-0.17985497940639,0.936587773356669
0.235533648423038,-0.195846617571765,0.951928570243709
0.254802093215278,-0.174257753511865,0.951162514312939
0.367644204541527,-0.155523645792056,0.91686974781949
0.321003283782267,-0.151670188576858,0.934854558580136
0.427033695941487,-0.137797386092651,0.893674494945775
0.385055919450424,-0.134740619771396,0.91300432873005
0.444812903803657,-0.113775131975861,0.888367435216777
-0.428157703520527,-0.0585729401671153,0.901803854281078
-0.450272155919194,-0.0272887965309944,0.892474261358708
-0.471186998877248,-0.0270407989318948,0.881618742587847
-0.372872341100816,-0.0888395968910391,0.923619912770526
-0.39235013244543,-0.0583861647490957,0.917961017329137
-0.312616408730912,-0.122084884184925,0.942001200660456
-0.333459114320075,-0.0885283766169797,0.938598820375582
0.434878494339627,-0.0673805903825108,0.897964671465756
0.395972310896317,-0.0622335729284259,0.916151140044039
0.374301460647985,-0.0899677195437706,0.922932405973958
0.330234897819338,-0.0844336068400935,0.940114821869235
0.310143531820045,-0.112436756463529,0.94401746036085
0.454440156496722,-0.0450411261087577,0.889637814575173
-0.375420276771857,-0.0194571616719373,0.926650438217246
-0.426847073081854,0.0152805280855407,0.90419471446303
-0.398613468961016,0.0157701587793387,0.91698342648869
-0.315267435449559,-0.0510068008522776,0.947631125708666
-0.335642601796707,-0.0156372414545382,0.941859607658609
0.453362813875539,-0.0138590809960269,0.891218314931195
0.408226740543046,0.0126800039321846,0.912792498767316
0.383060308528287,-0.0226411720615505,0.923445817229085
0.422646605842505,0.0143831706819604,0.906180429589463
0.341109607287352,-0.0155225284249131,0.939895359562737
0.319583821047303,-0.0479411619620125,0.946344454368777
-0.449832901698854,0.0501106584493618,0.891705827310196
-0.374724244474884,0.0564843523202679,0.925414101116731
-0.441371386563002,0.0802903278523569,0.893725216370677
-0.39710705035158,0.0921618880607978,0.913133164960148
-0.323212031590204,0.0114765862558813,0.946256979156954
-0.344667848403329,0.0562201365494715,0.937039684604328
0.447068611742877,0.0630811510481954,0.892272617968708
0.398553243488833,0.0948698813016786,0.912225310834081
0.371779688057477,0.0578760543350962,0.926515097493012
0.44039794077983,0.0831430273352614,0.893944568059124
0.358014728237687,0.0567427610386266,0.931990189559208
0.330720976829336,0.0136310985128058,0.943630133388281
-0.462049273958039,0.111658320177314,0.879797072039927
-0.386040349493641,0.124533347630172,0.914037359133012
-0.450936941407839,0.147065167891717,0.880356581884139
-0.421104925709145,0.159574352338127,0.892864305266686
-0.318782466668078,0.0878243222841511,0.943750299263712
-0.318712495235993,0.107273085324072,0.94176155716057
-0.359591412860367,0.1363278276414,0.923097361716337
0.461307810816831,0.117967522544204,0.879362705204266
0.416482666958655,0.163489423928283,0.894322870325144
0.385917539676464,0.130649572080338,0.913235096722245
0.447488350053193,0.153569484508779,0.881005442658772
0.356666751525267,0.140555255858433,0.923597882417984
0.321564356490511,0.0933575813146185,0.942274231126973
0.321346814700454,0.111535307189696,0.940370193026115
-0.407506577521278,0.197906691300612,0.89149948447284
-0.382926323740733,0.208084156567448,0.900038007181931
-0.345754903851189,0.181845510333777,0.920535581514535
0.401479905516747,0.203516428733228,0.892969735602465
0.341283925642203,0.187077579208676,0.921155394846965
0.368682866786598,0.212402198135546,0.904963120776313
-0.368096511277889,0.252803414242692,0.894759963416047
-0.328620764540629,0.261607289671602,0.907507586251162
-0.313964295178185,0.302347686315896,0.900006832158895
-0.309789507375727,0.238170591524701,0.920491841600282
-0.325565100512295,0.190295922442216,0.926172136932593
-0.285486487172527,0.167132872688615,0.943697021563988
-0.254679199086563,0.19226606888436,0.94771950718996
-0.263794242907907,0.241784340384018,0.933784198920559
0.354024395934668,0.256944112973998,0.899247713308796
0.374807759028343,0.281854866755234,0.883219665688294
0.296903044445348,0.300854906568731,0.906275293380882
0.309563009181311,0.26449768978415,0.913351912159524
0.331384283001964,0.332774956187158,0.88286198554129
0.359081420074001,0.321655010894193,0.876127038576196
0.314168191582429,0.193879466909386,0.929359510474154
0.294406027314149,0.242618221674201,0.92437086150135
0.252968681865996,0.240329466548264,0.937149184230348
0.28157128418468,0.16751850045868,0.944804299274016
0.241280108868846,0.194356630034202,0.950794094126581
-0.274035892220006,0.363246602613235,0.890480901235466
-0.290735902970784,0.311325358735191,0.904737064418258
-0.28875065784562,0.380028725490329,0.878749808191113
-0.25448399616715,0.292993307259306,0.921625096010331
-0.219043119800311,0.319671045889038,0.921862535353485
-0.230674920573103,0.363395279416035,0.902625587891643
-0.252277500893977,0.255290889153849,0.933371643268493
-0.198045587003357,0.24879013998994,0.94809356696071
-0.18104444533595,0.267322490935084,0.946446826109771
-0.190067131321222,0.312184213321433,0.930814429703472
0.265126666666826,0.31423841874429,0.911571207754625
0.317385141419999,0.365211168690719,0.875149972444361
0.254468184878122,0.353578476489818,0.900126770987272
0.275265981822725,0.377726895562644,0.884053749282123
0.230225922530989,0.289677501144284,0.929022588490483
0.228055632130238,0.266738661539991,0.936397946972083
0.186799030757689,0.327093231205184,0.92634558357437
0.204779471015513,0.364020594105365,0.908600228548168
-0.209774548249873,0.385733872360109,0.898445334241676
-0.164578544843053,0.377527303255595,0.911255747786482
-0.139890799857464,0.433288761077065,0.890332192858116
-0.139386239365228,0.399347646127227,0.906141784605623
-0.158522507364898,0.335589293872874,0.928574413009885
-0.0909720917388276,0.380772907185464,0.920182629524266
-0.0655664662363106,0.439459909959691,0.895866075953043
-0.0659533253991842,0.399732918885337,0.914255846264161
-0.118239334877681,0.450016864179666,0.885157772174872
-0.124501425745254,0.325491684742216,0.937312412246351
-0.0921668639469991,0.349629432897758,0.932343568027242
-0.0179390923204528,0.382042797920554,0.92397050251821
0.0111046956250945,0.425554306167707,0.904864751350828
0.00476908423993147,0.393924528074746,0.919130416217743
-0.05181097735721,0.450989824712672,0.891024017987688
-0.012806269776792,0.450934318583213,0.892465259703871
-0.0472421485710259,0.324325940939814,0.944764977881747
-0.0265364063975727,0.331999517955803,0.942906219733764
0.0492383408229268,0.367472319143838,0.928730144044035
0.0781773460575872,0.43171101783669,0.898617771714872
0.0853089189164955,0.393317397041948,0.915436406058578
0.0594344921381071,0.44029854483451,0.895882097466457
0.00930149747198454,0.313845512399868,0.949428499936274
0.0504565067111294,0.340008277931539,0.939067895238965
0.124244877042631,0.375745611051771,0.918356383058338
0.145557399443458,0.44032972063823,0.885958678827583
0.158128884272179,0.400351083434233,0.902615236937574
0.117289409049679,0.451707490371559,0.884422714354966
0.0863175406561008,0.316444333077957,0.944675746612524
0.128987158728769,0.340823657024219,0.931236569135747
0.19272929134119,0.38875374241222,0.900958349769631
0.161790999992125,0.32037319765805,0.933372747911521
-0.191853186857282,-0.261223313741005,0.946020472849755
-0.149149482610878,-0.260578376303491,0.953862328452038
-0.00654314533510876,-0.274263370463065,0.961632357437791
-0.0678785846403724,-0.250807307161014,0.965654282039831
-0.0213725338307435,-0.253249742295044,0.967164816784165
0.053112092734101,-0.304807408177418,0.950931937378048
0.0398521286902877,-0.277547285549118,0.959885051515633
0.105609490708675,-0.31035718477182,0.944735440921301
0.122097259607473,-0.291052311442577,0.948883981949468
0.0598700731416176,-0.24479802347886,0.967723876962257
0.103238350567979,-0.244024407436062,0.964258228664647
-0.213451621802868,-0.228184107484743,0.949931796626009
-0.132635915576902,-0.225157717687042,0.965252151546444
-0.196754118129475,-0.194178044679271,0.961032103503118
-0.153107042952327,-0.191514293901246,0.969474346555855
-0.0850283401044307,-0.224179386953986,0.970831490962268
-0.00263399997717933,-0.206472321763509,0.978448896156415
-0.0710058749901251,-0.188893647502301,0.979427054787728
-0.0198894782064383,-0.184350889728594,0.982659227867398
0.0402823220637315,-0.207053795239804,0.97749990302094
0.123308199650082,-0.217526562189099,0.968234105287171
0.0626558004855075,-0.173808509308585,0.982784235098146
0.112792248479796,-0.184021743774978,0.976429161025462
0.171106388199977,-0.223686648474943,0.959524302564143
0.19282496736063,-0.194188027313566,0.961826149577166
-0.25488127974685,-0.15646853499853,0.954229076684431
-0.276862256421625,-0.123561845060164,0.952932191404223
-0.219848220053108,-0.157383723652106,0.962754965538417
-0.139486113338422,-0.162473663713298,0.976803937740486
-0.196969892145423,-0.121330889379793,0.972872898620641
-0.163415166579875,-0.121953805495909,0.978990680577061
-0.0921072048747221,-0.155045269402508,0.983604202535791
-0.00954186915161961,-0.140172718698379,0.990081088429528
-0.0824984808457299,-0.130061833382309,0.988067771033637
-0.0419363104910467,-0.116332344620553,0.992324609922319
0.054088040688058,-0.145761983315441,0.987840031621758
0.0179721738289657,-0.130087300236265,0.991339646783635
0.137221134681437,-0.150246557069516,0.979079328903177
0.0894751997190714,-0.108686983402136,0.990041074033889
0.118128689368562,-0.111291049030685,0.986742071239346
0.176915882073383,-0.15308060129226,0.972248476562549
0.245091082755822,-0.129553192772049,0.96080504338609
0.199190964786455,-0.124841554592331,0.971976103509963
0.263467806784656,-0.107720801846122,0.958634937626264
-0.254471669223004,-0.0816300018614381,0.963628928768206
-0.275312062414949,-0.0512358665184076,0.959988621948685
-0.220499237767235,-0.0827799944431242,0.971868076780005
-0.138319906618153,-0.0871733958575795,0.986543664764922
-0.196028368568472,-0.0463585069060503,0.979501795584789
-0.161553903696496,-0.0479300424540565,0.98569926814966
-0.111958726761608,-0.0882272757470713,0.989788457861663
-0.0375781681383602,-0.072631337734486,0.99665067604365
-0.0794235586237358,-0.0498502408779299,0.995593718250549
0.0248369408210409,-0.0717381525462747,0.997114218051222
-0.0032028518923063,-0.0544234346400156,0.998512809883649
-0.0836288779970444,-0.0288347467054756,0.996079699696458
-0.0043063195831718,-0.0120778418973534,0.999917787293911
-0.0587097705491619,0.00405667664785775,0.998266851205948
0.0622938605768525,-0.0632023206649057,0.996054688055331
0.144920749120746,-0.0771287320962838,0.986432529451205
0.128916767891046,-0.0395779181159635,0.990865306363147
0.0760741955935922,-0.0390318934907302,0.99633790857084
0.185807438049141,-0.0817838228503727,0.979176696151207
0.253432102779683,-0.0617579993209227,0.965379779568925
0.207062728213966,-0.0570081387210788,0.976665295126302
0.271245458046755,-0.0403560508034901,0.961663813737707
-0.255146343167397,-0.00595604893632064,0.966884103214741
-0.275028788122717,0.0208928532275455,0.961208954591957
-0.218317097597937,-0.00650972639129445,0.975856171963227
-0.141532087566745,0.0125763646038423,0.989853778718024
-0.135607289866171,-0.0100712908958789,0.990711477694108
-0.193440671178174,0.0298250573335904,0.980658540313184
-0.064721666804254,0.0343162418073897,0.997313141091752
-0.114963945323749,0.0501643954708523,0.992102224925759
0.194624121805369,-0.00912195926252411,0.980835481143857
0.148152473432601,-0.00490776640095972,0.988952353981099
0.0625575365858645,0.000425430916203267,0.998041268497873
0.0152154930578707,0.007299151547396,0.999857595439318
0.263881067635529,0.0011023379863999,0.964554595134198
0.21452277457289,0.0130863978491655,0.976631314970436
0.286358476895961,0.026780556838475,0.957748205158979
-0.267099377818887,0.0575957805161778,0.961946281470798
-0.199340648053572,0.0545838917902579,0.978408863814413
-0.243999279151125,0.0740739129676463,0.9669422977569
-0.167633049408347,0.0914145652914244,0.981602026280834
-0.122032667789225,0.0764080740764519,0.989580635526066
-0.0383789271288242,0.0654595791453109,0.997116894576839
0.0059900987870365,0.0540598785164974,0.99851972852383
0.209140796252817,0.0523584215326788,0.976482832945538
0.150884902391211,0.0635943831243379,0.98650367493762
0.134291627275002,0.0227570549238096,0.990680511211877
0.172116818318296,0.0723438384487597,0.98241649512337
0.0823683647186844,0.0266030858732854,0.996246820981421
0.280184192529081,0.0609832103404479,0.958007237088217
0.247508407158567,0.0804837113988236,0.965537135787796
-0.242760000001136,0.114652863625188,0.963287238191181
-0.285179081484473,0.137333008363648,0.948584490858596
-0.176014703314527,0.124624647250145,0.976466856331988
-0.212605156824775,0.137291050943113,0.967445199803301
-0.0944166936231265,0.111813255811276,0.989233685127108
-0.143360345504107,0.15651122442697,0.977216479581323
-0.105028817441503,0.144942463848176,0.983849902007649
-0.0477660640806128,0.101402772056239,0.993698083394326
0.180073786579561,0.124194487499157,0.975781307805043
0.105626050071031,0.126748138044603,0.986295111540465
0.10333696511811,0.097628602554372,0.989843486417655
0.148496710567008,0.145101086430124,0.978209794301599
0.07047493538503,0.0714049971886256,0.994954576781759
0.24361592861832,0.113748430553544,0.963178370744505
0.210128979154631,0.134948568959073,0.968315390694236
0.282586591594961,0.14185738982635,0.948694523649419
-0.218785381413311,0.183069095529352,0.958445962557043
-0.152764007160308,0.1939655308881,0.969041036769663
-0.192765248498345,0.204822280430943,0.959629820509158
-0.0715407137929455,0.18097858634359,0.980881581820696
-0.123041398291184,0.223407118751661,0.966928163617976
-0.0850248842346032,0.213728249688162,0.973186007064491
-0.0388148920968503,0.172681232416595,0.984212678298037
-0.0252105137894405,0.128645373608545,0.991370161868709
0.0231377654051702,0.123766807996543,0.992041541998319
0.0171979570289297,0.197302879100412,0.980191718069848
0.0397702319200065,0.145898536028222,0.988499846149634
-0.00399379206485212,0.201295725192902,0.979522373733243
0.0352005265085852,0.0814263081247672,0.996057568255314
0.0924097240906473,0.202734480044859,0.974863669183764
0.0797802965918519,0.150129334433661,0.985442178526078
0.0530428846271231,0.222780176975015,0.973424596534018
0.14964363602632,0.190283086634395,0.970257248948808
0.11380855258405,0.210316956148649,0.970986298211818
0.21695172965664,0.185785768355592,0.958340020700124
0.183104277790788,0.205842048299437,0.961302176532752
-0.133557887674205,0.263028096142581,0.955499090151118
-0.050150587385001,0.255372124303331,0.965541297259596
-0.11598497893042,0.284168044420432,0.951733159658093
-0.0648713784714377,0.28025853532586,0.957730054677318
-0.0248434973487619,0.249737310124797,0.967994874248368
0.0496855651157593,0.260246620120059,0.964262952381358
0.0143218350545925,0.278094551583747,0.960446930038357
0.122954564480838,0.261463531631904,0.957349986525252
0.0877739677050331,0.283476772353155,0.954953742403031
0.183764154401168,0.249459037643036,0.950789631882591
0.153165938822481,0.270630915780467,0.950420487262587
