-0.0107348958722922,-0.0302425633924097,-0.0947108725001786
-0.0117038321774754,-0.0366328551032538,-0.0923095566043184
-0.0072243638234801,-0.0411240913481213,-0.0908659324402572
-0.00529642422222725,-0.027204548957896,-0.0960825707848799
-0.00468937508247744,-0.0342117022616646,-0.093848650446688
0.00106651393825865,-0.0293845359539681,-0.0955793471148782
0.00288956859621474,-0.0355134683787311,-0.0934368447576263
0.00807445884392701,-0.0306301873021566,-0.094850380819521
0.0091392034094912,-0.0371594364598783,-0.0923885882618831
0.0146102742985887,-0.0331514897375234,-0.0932068592605822
-0.0197571131461456,-0.0212813736582884,-0.0956909588999411
-0.0227418172113939,-0.0277557053845959,-0.0933404015732008
-0.0162320920570709,-0.0266401654031048,-0.0950095825413913
-0.0116733051943755,-0.0225669634136702,-0.0967184889594835
-0.00540210807085308,-0.0208552152626999,-0.0976518162970444
0.000779245029457739,-0.0225659823513644,-0.0974174995552657
0.00689043724201345,-0.0243006265880728,-0.0967574360115622
0.0197304677537448,-0.02953758862274,-0.0934785510262454
0.0136762057185281,-0.0263591722697506,-0.0954890330627042
0.0197542296467878,-0.022994828130186,-0.0952943245489683
-0.0199075424681424,-0.0149928679194118,-0.0968447399882675
-0.0259423557410803,-0.0164342474076139,-0.0951677975518138
-0.0270130924946199,-0.0226190743601928,-0.0935877679434153
-0.0138288480440163,-0.0163281074826729,-0.0976839591149709
-0.00763122161676724,-0.0153240086325106,-0.0985238002497731
-0.000314550696536625,-0.0155146343001907,-0.0987886490458197
0.00597292425043194,-0.0172229062675748,-0.0983244408820519
0.0125232750802525,-0.0199968718786789,-0.0971766056971469
0.0173648755653681,-0.015994875112911,-0.0971731705133617
0.0284668721035343,-0.0225720658011248,-0.0931672637746526
0.0237264988523382,-0.0184752657264316,-0.0953714727229509
0.0294005343605487,-0.0154410404051955,-0.0943248792692251
-0.0301193854200913,-0.0106864604015714,-0.0947555918353927
-0.0368215619503687,-0.0113075105614354,-0.0922838706389379
-0.0323968212884383,-0.0171131356065341,-0.0930461528556097
-0.0235380474800981,-0.00951962034114696,-0.0967229918266434
-0.0164850714006259,-0.00925933533015534,-0.0981962684126374
-0.0101161177540685,-0.00925578222280731,-0.0990555130048612
-0.00316340985240321,-0.00963678333658699,-0.0994842964689559
0.00438115253817118,-0.00968583048354707,-0.0994333454630951
0.010912390422985,-0.0127301484006451,-0.0985842941697557
0.0167592633973224,-0.00893281551293016,-0.0981800992989389
0.0230546010607788,-0.0118440182959441,-0.096582630936758
0.0349968245081934,-0.0125591047930363,-0.0928304430679307
0.0289494174459036,-0.00866221785753251,-0.0953252181251904
0.0406687724905433,-0.00933730302666511,-0.0908783016699812
-0.0270162030116584,-0.004116850259419,-0.096193431794003
-0.0338987510163081,-0.00507090851580931,-0.0939423257460936
-0.0200739730324004,-0.00325824921911557,-0.0979102620690835
-0.0132055913353189,-0.00279938135729998,-0.0990846901396846
-0.00650418628452274,-0.00291993292408988,-0.0997455239796651
-0.000147521094348116,-0.0038425726312404,-0.0999260370111687
0.00523419049878155,-0.00178869137734482,-0.0998469019676604
0.0105662219340113,-0.00557317601539882,-0.0992839093874488
0.0165860179870035,-0.00175891596500451,-0.0985992404721183
0.0227230522722263,-0.00501235272865056,-0.0972550215424369
0.0286805745878719,-0.00177508801894733,-0.0957824289899686
0.0347981667818376,-0.00564078650102791,-0.0935802816621106
-0.0299568259663879,0.00126920264736655,-0.0953990445636231
-0.0367384608566149,0.000649928216685911,-0.0930046401394113
-0.0232972070344422,0.00254666376390328,-0.097214991880705
-0.0161894043849284,0.00313821570954595,-0.0986309017900109
-0.00889275423697202,0.00339180310072334,-0.099546042582663
-0.0016058404165298,0.00313238357317507,-0.0999380280465188
0.00501231882274618,0.00492521910112684,-0.099752788813313
0.0110634765632436,0.00221731652123684,-0.099361375754882
0.0164053860812198,0.00581532135395009,-0.0984735768923476
0.0224705456063677,0.00204270763354282,-0.0974212601247204
0.0287320273393562,0.00507404475661086,-0.0956489658835984
0.0347743735239499,0.0011168262124937,-0.0937523100784363
-0.032794835910861,0.00670019788458394,-0.0942316618104316
-0.0381225668096308,0.00806770020381769,-0.0920955053923358
-0.0267226339416623,0.00836202502576404,-0.0959998821524628
-0.019714941648553,0.00888571777100264,-0.0976338317100148
-0.0124502822344136,0.00930394727096393,-0.0987847510325879
-0.00523250965866024,0.00954922017697538,-0.0994053984262323
0.00180924443093191,0.0102775858426348,-0.0994539987277972
0.00987228432977665,0.0100408370578138,-0.0990036342414545
0.0168944410177199,0.0124401401729161,-0.0977743359791727
0.0229029522252799,0.00905092265071241,-0.0969202537095421
0.0291676316664461,0.0121178942156806,-0.09488100917471
0.0347808567319178,0.00796880549727954,-0.0934172903939137
-0.0319752968129221,0.0132822345151011,-0.0938145118835179
-0.0240018777147446,0.014325775188422,-0.0960139679052088
-0.0279604358632254,0.0189025865229342,-0.0941323868272707
-0.0164600807208869,0.0149728137212523,-0.0974929771387094
-0.0094195615225706,0.0157092488344823,-0.0983081449395371
-0.00228282473044152,0.0160819998849609,-0.0986719716570174
0.00516526155517786,0.0161058746313644,-0.0985592252135101
0.0118717283114751,0.0171478521396442,-0.0978008856494369
0.0185293556943552,0.0190875642732024,-0.0963967212451083
0.0237084981732834,0.0160513173249099,-0.0958136854893801
0.0348579959407727,0.0151298335759914,-0.0924986932733761
0.0291533925361234,0.0195560344396516,-0.0936356834835231
-0.0239935369998718,0.0244967162046213,-0.0939373252778812
-0.0201502318817694,0.0202693846513164,-0.0958285980358599
-0.0253161344118138,0.0301701936165197,-0.0919176411525546
-0.013565573418501,0.0217695228641882,-0.0966543485376179
-0.00635698696237526,0.0219802604085696,-0.0973470948125731
0.00103354368060302,0.0221187798752778,-0.0975176464300058
0.00815372096570271,0.0228421263150463,-0.0970141953595848
0.0152505319396017,0.0240672375638248,-0.0958550434344357
0.0232934491008803,0.0239639653187897,-0.0942504302103026
0.030161792864058,0.0262059744917314,-0.0916706777173843
-0.0179235763305503,0.0277556562845528,-0.0943841562803732
-0.0105473325504204,0.0277973712225854,-0.0954780599261953
-0.0140308387279721,0.0336444873761921,-0.0931191926095544
-0.00314884767338202,0.0279519182173808,-0.0959623625488961
0.00404533393153779,0.0284447247683471,-0.0957837820618673
0.0111885648803733,0.029279293664024,-0.0949607233472363
0.0187309497581625,0.0296019314257936,-0.0936636384986175
0.0143350183942341,0.0351329162111659,-0.0925212702421313
0.0254318357431852,0.0308285560367942,-0.0916669071354761
-0.0103898069517995,0.039487060997927,-0.0912843027286239
-0.00692752849351738,0.0336991699213366,-0.0938955552488339
0.000139870250506433,0.0340963691467222,-0.0940075425097034
0.0071173912059114,0.0347001982247561,-0.0935159825155043
-0.00844448949138002,-0.047593190843734,-0.0875418687459551
-0.014560427653451,-0.0497665447206306,-0.0855060522557585
-0.010040323685056,-0.0539447236006506,-0.0836011883645042
-0.00201477564300176,-0.046005951460809,-0.0887659456546378
-0.00374344822855256,-0.0521436776763837,-0.0852468385039231
0.00335295122890346,-0.0492481025572436,-0.0869677072994287
0.00183885688986899,-0.0547158176945627,-0.0836827216233353
0.00964944766432542,-0.048243499134504,-0.0870600537155446
0.00856187531191979,-0.0542357382519753,-0.0835773832331674
0.0153817271622347,-0.0511838743425666,-0.0845198998837009
-0.0250630095217244,-0.0403563447206994,-0.0879955169017687
-0.0299636737166935,-0.0432702649768647,-0.0850285976843343
-0.0253661587350061,-0.0473404575102727,-0.0843530620298716
-0.0185583829112554,-0.0388457838961348,-0.0902584704967324
-0.0197919789862601,-0.0451079653780424,-0.0870261399192749
-0.0135242084647305,-0.0432573928840509,-0.089139742809891
-0.00112988974110831,-0.0398352139829696,-0.0917162966765255
0.0046167883018741,-0.0428381524645507,-0.0902417750254464
0.011191788988354,-0.0425610273047059,-0.0897958952984179
0.0166968631123135,-0.0452990725421571,-0.0875740189087717
0.0167251858089389,-0.0386750025859359,-0.0906890971131031
0.0226375290869969,-0.0415254942934303,-0.088108884917148
0.0223194525064997,-0.0478588303252023,-0.0849198115812903
0.0286299797773154,-0.0442638803657315,-0.0849766624022489
-0.0308383241360835,-0.0357094775397968,-0.0881693312825473
-0.0383668591128222,-0.0350124189007642,-0.0854524115709657
-0.0348430961248486,-0.039878521331276,-0.0848272490973842
-0.0242724198435581,-0.0341794283340669,-0.0907888556582298
-0.01755499640506,-0.0328218284778927,-0.0928145984078152
0.0224752291365565,-0.0348819235137327,-0.0909841496494022
0.0285196324419869,-0.0380346368818566,-0.0879772525214481
0.0343826833448798,-0.0400809589932445,-0.0849196550428181
0.0289272216583066,-0.0319697673178529,-0.0902283205207929
0.0347940098773253,-0.0336467967435215,-0.0875058280717194
-0.0399892762046101,-0.0242323933193065,-0.0883948465807537
-0.0462758009913534,-0.0245996370850029,-0.085166942533902
-0.0423505730545721,-0.0301124064714124,-0.0854381175984716
-0.0355017745813612,-0.0299116835767598,-0.0885715258151224
-0.0292322478655656,-0.0291831837120226,-0.0910703984342049
0.0255750336168207,-0.0275108978516959,-0.0926772256529144
0.0336405169079579,-0.0269218054258971,-0.0902415204543373
0.0401807930793057,-0.0295187008543004,-0.0866841979120889
0.0397982385444604,-0.0234063234041624,-0.0887031241404989
0.0461267784308039,-0.02586637926537,-0.0848719667191171
-0.0386895635077458,-0.017884643396522,-0.0904613575459041
-0.0449606402444443,-0.0185611033103987,-0.087372914968045
-0.0336321472057266,-0.0235118237165325,-0.0911925041758771
0.0344863739027369,-0.0198788597950552,-0.091736148532667
0.0402277206624351,-0.0164120662383032,-0.0900687213819127
0.0454925914056408,-0.019865851248385,-0.0868088249026538
-0.0477539716197303,-0.00846599182288377,-0.0874521879469388
-0.0539943295573636,-0.00969873281181117,-0.0836094908254159
-0.0500343288835024,-0.0144333065100882,-0.0853712222967006
-0.0431728419659164,-0.0122555504787524,-0.0893639032163722
0.0459531504884927,-0.012986973704673,-0.0878615187407516
0.0508892947226473,-0.0165487124925257,-0.0844773330435284
0.0467378635956014,-0.00659031781071893,-0.0881597403463304
0.0522790149665458,-0.0106782172437733,-0.084574702315459
-0.0462411120111837,-0.00273138160518797,-0.0886244837148177
-0.052439836886628,-0.00326760534240027,-0.0850845829813069
-0.0407902099327903,-0.00550775950371169,-0.0911362900223772
0.0408206539920528,-0.0027399086286717,-0.0912478334407587
0.0466631697377425,-0.00010247940179344,-0.0884451134216815
0.0524363982734578,-0.00425145866199005,-0.0850432198077779
-0.0486803442759206,0.00311460233897095,-0.0872956088941828
-0.0544306376169033,0.00295167199925146,-0.0838367062857128
-0.0422786128683517,0.00219749288970578,-0.0905963019014839
0.0407078256677221,0.00391808181834198,-0.0912552549979489
0.0464303812226716,0.00642923868506497,-0.0883339379231174
0.0523158080239717,0.00216937519040786,-0.0851959508560942
-0.0501996819681367,0.00931744376585071,-0.0859835866363507
-0.055726296525898,0.00964347812443697,-0.0824717115491219
-0.0441809404957974,0.0087001478532345,-0.0892880278902205
0.0404877628096345,0.0106994987617056,-0.0908089301170217
0.046153250436092,0.0130066805213104,-0.0877536536959237
0.0519856690219368,0.00859815641606106,-0.0849915403054414
-0.0519703105595282,0.0156143835230595,-0.0839957013545081
-0.0391114885081716,0.0142475070698161,-0.0909246941617997
-0.0457260552820504,0.0149814918096235,-0.0876623224154795
-0.0348429723390005,0.0194033329652419,-0.0917032057779157
0.0355495748162869,0.0219176887977323,-0.0908616676485913
0.0408813432087245,0.0175487064611604,-0.0895586884667407
0.0515810633683613,0.0149833892321984,-0.0843498189071121
0.0467943828000666,0.0198133181415476,-0.0861261758137627
-0.041564262935026,0.0204627218143666,-0.088621041875756
-0.0479393777137458,0.0211662995485168,-0.0851692657343458
-0.0371733256439878,0.025635310392664,-0.0892242944595453
-0.0306414717729263,0.0249689715881847,-0.0918566854822394
0.0368301363862932,0.0283945943387894,-0.0885284590690018
0.041884710566645,0.024189182282491,-0.0875245935747165
0.0481088434051114,0.0263218972825245,-0.0836223469450477
-0.0436753913263929,0.0267329510098023,-0.0858941762967216
-0.0322640690713125,0.0309592851987354,-0.0894458076423454
-0.0389828605814537,0.0316102022742765,-0.0864935355583194
-0.0275113391012908,0.0360929144007612,-0.0891090778299565
-0.0206404858602848,0.034502839992016,-0.0915615878798098
0.0211338497673398,0.0360938324597678,-0.0908327895250808
0.0276337639127691,0.0375048443689,-0.0884859409154395
0.0320404168266443,0.032778934484841,-0.0888760549468168
0.0433545040460533,0.0304367850084368,-0.0848173867646093
0.0385529651072768,0.0346721705380352,-0.0855073650091526
-0.0342959887218892,0.0367608539488371,-0.0864431881337748
-0.0231934890844669,0.0411418029353383,-0.0881442801039511
-0.0296701063716351,0.0420264471839642,-0.0857523324767448
-0.0170040539562426,0.0400200060814706,-0.0900514367610598
-0.0136405671455635,0.0454814219051171,-0.0880078132283872
-0.00353564803772995,0.039740552202236,-0.0916961706126313
0.00318936957022398,0.0403213944979721,-0.0914549783638223
0.0100818469124127,0.0406186278209899,-0.090821161827852
0.0169085258630773,0.0413505518675437,-0.0894663825944499
0.0235003699287867,0.0425186231747672,-0.0874065174756001
0.0339685534361014,0.0392514195723712,-0.0854720038384739
0.029697939912154,0.0440480074765875,-0.0847219298829723
-0.0258960898283533,0.0473574335716309,-0.0841823379214588
-0.0196468002908686,0.0466527741599374,-0.0862410685336316
-0.00701224444092061,0.0453429432589213,-0.0888529455004996
-0.0158967829212074,0.0520677684395582,-0.083882297196741
-0.000644984010996456,0.0459826096904026,-0.0887985563078044
0.00599939093818502,0.0462614553128545,-0.0884527278262342
0.0126442335825845,0.046540430748376,-0.0876020071772386
0.0194204397412332,0.0474376392700586,-0.0858633618152523
0.0149303162926193,0.052158715755061,-0.0840032977092065
0.0258329519847379,0.0488632092227413,-0.0833369388405453
-0.0102921277773374,0.0508459477660829,-0.0854912960611911
-0.00449889547787427,0.0516926595407136,-0.0854846704927319
0.0018395696937998,0.0518024087564183,-0.0855168195692334
0.00839767791725675,0.0520620574569368,-0.0849648231867988
-0.0167924762931226,-0.0563957730342911,-0.0808549907074032
-0.0224161064050943,-0.0633696297401445,-0.0740392342126493
-0.0162942321729568,-0.0625873608179806,-0.0762713593846922
-0.0110157336728676,-0.0592096618501491,-0.0798302546594068
-0.00898428954748632,-0.0638095469780566,-0.0764697603985443
-0.00439803260612319,-0.0583699874959136,-0.0810777519926011
-0.00254158319912119,-0.0637622886759953,-0.0769929275696815
0.00270638684064708,-0.0595350203036946,-0.0803010387699687
0.00415625791740341,-0.0645080042579797,-0.0762983807597828
0.00928053167366664,-0.0596488191664168,-0.0797238364799284
0.0105307404418149,-0.0646365475971814,-0.0755726155428328
0.0152723373876969,-0.0567424098533028,-0.0809138716985861
0.0160722466665784,-0.0621155487650065,-0.076702943153162
0.0216461294893437,-0.0592150096807685,-0.0776210519541102
-0.0310130970095359,-0.0499620701190992,-0.0808825034384869
-0.03689572129387,-0.0522813173008141,-0.076846402729343
-0.0303915426724307,-0.055834883701671,-0.077193392821109
-0.0252113573482644,-0.0534951942490451,-0.0806390206543891
-0.022739130385667,-0.058382499990669,-0.0779385376052418
-0.0199953151723569,-0.0516117710209188,-0.083285127491035
0.0215731866534638,-0.053564722920034,-0.0816420117218468
0.0275324463340627,-0.0556327202300581,-0.0784025818287027
0.0282763039459502,-0.0500932631804988,-0.0817992397307399
0.0341464583518813,-0.0521226471387324,-0.0782128444498883
0.0326054347706746,-0.0578909808973138,-0.0747363362311685
0.0393349897191617,-0.0541960702603474,-0.0742667122841356
-0.0406422376180521,-0.0410977430812395,-0.081603823650814
-0.0465855907352399,-0.0425039809291296,-0.0776092413415951
-0.0409946688117837,-0.0468387514237905,-0.0782660110992239
-0.0354809104333793,-0.0460682611863565,-0.0813561325612767
0.0346869891824695,-0.0464582746270493,-0.081476631608748
0.0407802544146668,-0.0486263520657233,-0.0772816196466096
0.0399023437377714,-0.04231163949604,-0.0813481906805488
0.0451077126319949,-0.0441052804815281,-0.0775887781471104
-0.048145929274878,-0.0311167910597591,-0.0819372614060455
-0.0548020329878882,-0.0311090298421445,-0.0776464129332463
-0.0508064087292762,-0.0362075251156279,-0.0781519286879504
-0.044623604720345,-0.0364693477606817,-0.0817234395775289
0.0404364870880198,-0.0360058864026718,-0.0840741735489775
0.0459458498972385,-0.0380899613317515,-0.0802379817995669
0.0461668898883567,-0.0319436321930457,-0.082753988664966
0.0516929306646857,-0.0345978287797386,-0.0782996242845363
-0.0518411301096646,-0.0263785235925676,-0.0813429205428914
-0.0567425536148058,-0.0235742343422424,-0.0788957418642869
0.0519509558256794,-0.0284184604078545,-0.0805821896994922
0.0571581494888707,-0.0307185267004247,-0.0760875683918519
-0.056588868931799,-0.0166709760238494,-0.0807451451781115
-0.062472920457401,-0.0152005761214387,-0.0765903172390184
-0.0615186621768516,-0.0215015909678847,-0.0758494284012997
-0.0514543940705617,-0.0201299601057094,-0.083350045226963
0.0518025023229049,-0.0222459486785213,-0.082593090028716
0.0571635604082457,-0.0237480511121171,-0.0785388911853044
0.0566143234516927,-0.0165029454075568,-0.0807618175400633
0.0617717959590613,-0.0196496132113636,-0.0761455049556232
-0.0589607027266937,-0.0102721712287614,-0.0801131576820207
-0.0636467370785741,-0.00807829902228531,-0.0767061532422431
0.0576201980300197,-0.00890620089430911,-0.0812440297065334
0.0616020838087753,-0.0128122672327633,-0.077724057266141
-0.0583208402979978,-0.00350193630174461,-0.08115673741387
-0.063828166156836,-0.00177339269524341,-0.0769598615064765
0.0578638996317243,-0.00206589255441277,-0.0815322096341885
0.0629223057130987,-0.00511753162478641,-0.0775538156054851
-0.0596737520805118,0.00338724225160374,-0.0801721267349288
-0.0648237203687271,0.00469731797522923,-0.0759988189503258
0.0576876547487317,0.00460487424798013,-0.0815532318302228
0.0627853250231771,0.00202575976903417,-0.0778068072808626
-0.0607684556113211,0.0102758766666179,-0.0787502454580302
-0.0655234490553379,0.0111651903847949,-0.0747128914406879
0.0573810107521746,0.010827277793514,-0.0811799831328123
0.0627410563360076,0.00895290451135623,-0.0773524747543222
-0.0578103885583304,0.0164045842106929,-0.0799302733068471
-0.0630534541038862,0.0171005780127398,-0.0757088644454568
-0.0541341575449177,0.0216914661532658,-0.0812340647841516
0.052550608415446,0.021644571875235,-0.0822796819642529
0.0567713005699725,0.0168298187458041,-0.0805839725664686
0.0621415634087431,0.0153837867395913,-0.0768229471147081
-0.0602196132408682,0.0228575503128151,-0.0764926831502658
-0.0497749816211347,0.0272418805757467,-0.0823427662153633
-0.0556997489462437,0.0273917129246946,-0.0784042857926748
0.0544810133194531,0.0271738178294642,-0.0793309700732326
0.0588585041060191,0.0220016141106539,-0.0777920656148215
0.0644278979690404,0.0210304802963496,-0.0735307069301089
-0.0512162837023207,0.0332930518363156,-0.0791736381827297
-0.0569167586195467,0.0327422637904239,-0.0754216596902783
-0.0455132965893161,0.0329626738633059,-0.0827163947795468
0.0451035472570986,0.0362280785192479,-0.0815671278886128
0.0499277120009889,0.0321476573322852,-0.0804596277822305
0.0605490797387099,0.0272747034144191,-0.0747656304482889
0.0560452572197706,0.0327251204885478,-0.0760788777144412
-0.0536103495262427,0.0386741057225882,-0.0750349516611254
-0.0409772078488779,0.0372435775313201,-0.0832693483072038
-0.0475914142133427,0.0392318658164976,-0.0787141537264873
-0.0360459243784566,0.0424459130918711,-0.0830604346109946
0.0355433180508504,0.045684746219012,-0.0815449354898472
0.0402417198432533,0.0407488904669585,-0.0819764106909348
0.0515002312756493,0.0379982964309966,-0.0768365515065162
0.0465986035005461,0.0418070054751506,-0.0779791282666096
-0.0422960570758493,0.0424390007306177,-0.0800623180463026
-0.0322450329863515,0.0477975966011171,-0.0817046363791067
-0.0386815563873003,0.0478195517645534,-0.0788481303754641
-0.028565785951356,0.0530930504392901,-0.0797817264042615
-0.0221572089601213,0.0526793369189093,-0.0820606212020688
0.021559266227411,0.0533655556738071,-0.0817760081312791
0.0273204048544786,0.0552671116477374,-0.0787346292843774
0.031641715677738,0.0506262749008911,-0.0802233265207276
0.0413166808961823,0.0467340010846934,-0.078159228646087
0.0374209141479886,0.0520066362167536,-0.0767788055011891
-0.0350175008849841,0.0530120956023201,-0.0772236515028621
-0.0311094873124312,0.0582170088357581,-0.0751197689262741
-0.0171701709250041,0.0575627615264819,-0.0799481939553843
-0.0242386863051934,0.0580271307348214,-0.0777517728768597
-0.00999677596883243,0.0567578403085016,-0.0817227754901553
-0.00293693506913151,0.057156433611622,-0.0820031493757514
0.00392353879121164,0.0572492360122228,-0.0818970745493494
0.0106977963232239,0.0575829691311415,-0.0810540487545589
0.0167446313573592,0.0575484628891585,-0.0800486835562703
0.0221489815150081,0.0595488595243217,-0.0772227683181555
0.0332421811342262,0.0567574530447547,-0.0753229640784533
0.0279758133002939,0.0610839486039013,-0.0740682461810376
-0.0199056390131821,0.0625298767644644,-0.0754571404666307
-0.0128192883574409,0.0621087713986604,-0.0773186029518605
-0.00610341727338729,0.06213110841075,-0.0781183311738856
0.00083907874653639,0.0623259538590324,-0.0781970039263335
0.00782580573816609,0.0622445912564038,-0.0778740497393309
0.0152787739286067,0.0627139723355506,-0.0763774622554968
0.0217108099020931,0.0647909475818395,-0.073012148615861
-0.0194603287220406,-0.0678794049545349,-0.0708073582998941
-0.0234184033973833,-0.0715687440440442,-0.065798884946904
-0.0163007627333979,-0.0724431053283991,-0.0669797105506346
-0.0131013173037261,-0.0678605177875713,-0.0722724401709062
-0.00985431264048584,-0.0728060711182735,-0.0678392845636732
-0.00617057969517743,-0.0686428956238865,-0.0724574138961244
-0.00275700722318144,-0.07309616183554,-0.0681861425684444
0.000624182419870234,-0.0688319092629863,-0.0725381186803368
0.00443835017384642,-0.0731785082877142,-0.068008874211034
0.00771766193740623,-0.0691693163012167,-0.071805594323598
0.0122878397002622,-0.072370499889848,-0.0679081713973242
0.0151601371322841,-0.0678866240558049,-0.0718441126077314
0.0198521131925257,-0.0708767063181966,-0.0676933239203608
0.0210735959380212,-0.0652125143727224,-0.0728232897055051
-0.0352414198511181,-0.0584121855805586,-0.0731167484395046
-0.0392521791315055,-0.0613503359703981,-0.0685230086251867
-0.0331040479834246,-0.0643332348432358,-0.069031564542121
-0.0286818107625553,-0.0611601337220694,-0.0737346036659412
-0.0265908323262176,-0.0667286291369485,-0.0695716730493593
0.0269221902913303,-0.0615492143107416,-0.074073543791524
0.026419700966134,-0.0669862959984545,-0.0693890160478356
0.0374408027915132,-0.0595398219274316,-0.0710858346615067
0.0321416193652466,-0.063851914823531,-0.0699274572509288
0.0385007434384543,-0.0638116216286211,-0.0666766053278069
-0.0443663027794024,-0.0496654584843533,-0.0745987494086191
-0.0481997965282651,-0.0526602445980112,-0.0700262682958465
-0.0414585928549414,-0.0553253048609586,-0.0722516139846217
0.0455465782245619,-0.0521113526649113,-0.0721797487912048
0.043387829605432,-0.057847924741075,-0.0690732498559684
0.0487840753931995,-0.0470713515858767,-0.0735146369662029
0.0494106981762652,-0.0557489004076899,-0.066713139708861
0.0523675028304206,-0.0503189334832926,-0.0687433602673196
-0.0528325308163582,-0.0405097434415647,-0.0746169174805529
-0.0567241788577513,-0.0428523952358957,-0.07032808653859
-0.0502702323331532,-0.0464515631367584,-0.0729051165926366
0.0510222416004686,-0.040786491851148,-0.0757178509008979
0.054994121305928,-0.0439547869310942,-0.0710184717268663
-0.0577610088866334,-0.0358265796939572,-0.0733493151924806
-0.0634689527707826,-0.0327684743098571,-0.0699851350324503
-0.0619303281627661,-0.0391623792386313,-0.068051028691368
0.0565666879901628,-0.037338042713604,-0.073526052364843
0.0606736315544196,-0.040380417405846,-0.068469937366043
0.0617655712303868,-0.0337629662980812,-0.0710287006580532
-0.0600430818272908,-0.0286759729124113,-0.0746492927065224
-0.0652579641215171,-0.025931104175566,-0.071196741180955
0.0619326198754555,-0.0267594991664934,-0.07381246371707
0.0663052014031488,-0.0297100357021516,-0.0687090535994144
0.0664723019234319,-0.0227534347063257,-0.0711597799779009
0.0706266226878621,-0.0248410319529129,-0.0662933126115082
-0.0667645555349937,-0.0191823190748234,-0.0719342252278721
-0.0716985193780591,-0.0162186143837847,-0.0677958617298059
-0.0704163553295487,-0.0230491437989769,-0.0671585726039562
0.0666869613908538,-0.0162646349218675,-0.0727207730455255
0.071113315845691,-0.01769043565691,-0.0680436976920674
-0.0676761106461363,-0.0124639429447419,-0.0725575232217011
-0.0726065267328491,-0.00949667203680021,-0.0681036378933227
0.066301556752394,-0.0104882809769489,-0.0741221932607715
0.0715578169673856,-0.0110909322280773,-0.0689671664821618
-0.0685857836593416,-0.0056415113005787,-0.0725545562146897
-0.0733158167811343,-0.00272684893164654,-0.0679511243911941
0.068488975340751,-0.00531732787183119,-0.0726703947998925
0.072691960176852,-0.00369993907797475,-0.0685725118189226
-0.0690877726389705,0.000913393593803525,-0.072291392186123
-0.073731062512563,0.00402417914562685,-0.0674354239540412
0.0675194034196746,0.000375320662352943,-0.0737630618672989
0.0720909033436749,0.0028686868029997,-0.0692435722006734
-0.0696800094791567,0.00771859991499579,-0.0713100238004391
-0.0731146886446882,0.011466601110805,-0.0672514636549565
0.0673815670064204,0.00707908820947056,-0.0735500573595153
0.0717404292435199,0.00945572664218797,-0.0690210116170186
-0.0685909528570862,0.0154533023139096,-0.0711089068598017
-0.0718837910103558,0.0186852231595969,-0.0669595626151681
0.0672301158140364,0.014242793180917,-0.0726447133006741
0.0717149587748974,0.0162426379906233,-0.0677727186887021
-0.0661451586695156,0.0220084834727111,-0.0716968942151661
-0.0616465393631299,0.0287620628979452,-0.0732969843969548
-0.0663959974829181,0.027949663804873,-0.0693569593619134
0.0692074198828169,0.021420115196167,-0.068931209900876
0.0712587523508993,0.0267577544085015,-0.0648553220021431
-0.0597466474820643,0.0365072363512655,-0.0713971974928534
-0.0645472296384249,0.0341629646377606,-0.0683121291911127
0.0617813277341511,0.0327955780086244,-0.0714668986690204
0.0631341460949801,0.0376915961257687,-0.067774797520183
0.0659177406215396,0.0272670061737328,-0.0700811090522285
-0.0625916169874224,0.0409229429776058,-0.0663897749735948
-0.0509082537008522,0.0444135315695413,-0.0737277961064532
-0.0569786422261591,0.0427503660744977,-0.0701843325202858
0.0527561870540743,0.0439501883134013,-0.0726991449344645
0.0572790109118914,0.0383445266240118,-0.0724486865703375
0.0639726413057285,0.0425192237275066,-0.0640282498392262
-0.045424951988075,0.0463848045616205,-0.0760593429099525
-0.0539771016891469,0.0486909390865037,-0.0686706993160629
-0.0418344519736777,0.0521174609074556,-0.0743884997670086
0.0432174628055589,0.0524721808255406,-0.0733411286280676
0.0470754863165848,0.0471466107399899,-0.0745727543046547
0.0585630990349234,0.0434800997592993,-0.068409387915263
0.0557182735408731,0.0490456562195971,-0.0670074443492303
-0.0482014513418704,0.0509007950623064,-0.071314298372006
-0.0445120929765212,0.0564454603759046,-0.0695167863311591
-0.037820488074637,0.0573912259928194,-0.0726351007579323
-0.0402847961070647,0.0615511544412836,-0.0677391363280771
-0.0269903980119916,0.0628229886183219,-0.072971162222749
0.0339219829296213,0.0623036778632572,-0.0704808541287575
0.0392501916428308,0.0578514095899406,-0.0715027052879646
0.0502372147613014,0.050503063566839,-0.0701830664959231
0.0465255898798053,0.0558907645247423,-0.0686410367602653
-0.0340008771753566,0.0627509576390692,-0.0700446833592998
-0.0225784894676184,0.0670983388033329,-0.0706259495035202
-0.0298447551103203,0.0670580532255588,-0.0679154480991617
-0.0155691239214512,0.0669386212621284,-0.0726417466983352
-0.00890530600763799,0.0671238729881293,-0.0735872353036573
-0.0022927445068593,0.0671843573501527,-0.0740338128851608
0.00424645181371189,0.0672385039187635,-0.0738982492149417
0.0106058209120404,0.0667402526505671,-0.0737106182220776
0.0161787058304774,0.068289525520861,-0.0712375615948168
0.0225101630204366,0.0698203253845444,-0.0679589193889749
0.0280748120608426,0.0662727712975064,-0.0694242372084695
0.0386842110089535,0.064225092323367,-0.0661715145301865
0.0434065669176457,0.0606407947727031,-0.066622548407295
-0.0249977455519093,0.0711029593654216,-0.0657227653583653
-0.0178217933437868,0.0713574656985995,-0.0677531974998614
-0.0114132995007254,0.0717416720870684,-0.0687231335238534
-0.00458728831407887,0.0718083512395151,-0.0694443480605409
0.00230158180559059,0.071842000941256,-0.0695228712100698
0.00922412674889777,0.0715043105905575,-0.0692968184885328
0.0164816170494873,0.0728084697439774,-0.0665378316027494
0.0278990346700361,0.0716130085390098,-0.0639782843952667
-0.0196665773668352,-0.0759834594715139,-0.0619656325931412
-0.0219457422629681,-0.0788936972658528,-0.0573948510764416
-0.0156164819988304,-0.0810012827951737,-0.0565236028177506
-0.0130897441434798,-0.0771157507005707,-0.062304250195843
-0.0087825179731921,-0.0809384643035797,-0.0580674812235657
-0.00626628117980795,-0.0769936081445088,-0.0635036851516653
-0.00240831414408347,-0.0808565339821442,-0.0587913338428091
0.000871898917545474,-0.0770659168361335,-0.0637187904192569
0.00500331235747281,-0.080162086823524,-0.059573540286516
0.00859303377682133,-0.0764538065072894,-0.0638825112243844
0.0121626155331036,-0.079877030398634,-0.0589213950738545
0.0159088822103903,-0.0756297542357604,-0.0634590241087278
0.0185537779670761,-0.0794455533495668,-0.0578287244797879
0.0223972903458062,-0.0751509031311983,-0.0620540340682901
-0.0372812654316641,-0.0672083251661462,-0.0639777170238094
-0.0429417957469514,-0.064093448785093,-0.0636241463502178
-0.0348201071386814,-0.072052344411758,-0.0599668225282332
-0.0305069172245472,-0.06979031977098,-0.064796907875325
-0.0272940437514225,-0.0746197404568515,-0.0607200914892104
0.0265361871294657,-0.0710319212137037,-0.0651943014536432
0.0296084015453519,-0.0739185528803177,-0.0604928929543213
0.0331317170914207,-0.0685701926498026,-0.0648106318552396
0.0359850392639955,-0.0721230805234568,-0.0591890040867124
0.04019480919061,-0.0673954251529069,-0.0619857562937097
-0.0454807184437451,-0.0583125732434027,-0.0673138028435901
-0.049445106346597,-0.0605160610969928,-0.0623938122585214
-0.0466533155616228,-0.0658470240591864,-0.0590562238105146
0.0448737615821556,-0.0619704133592894,-0.0643895440944561
0.0468499393744869,-0.065641583425331,-0.0591292288541554
0.050842161247899,-0.0598528481240862,-0.0619088944416188
0.0526171526590765,-0.0640160855361433,-0.0559765668659354
0.056038420773403,-0.0586226363646829,-0.0585071098479374
-0.0544009798487148,-0.0490271480918499,-0.0680945823146066
-0.0556552585621734,-0.0576334362538966,-0.0598404480140486
-0.052141134015338,-0.0550071269342894,-0.0652343324605934
0.0558683895743474,-0.0536406543346916,-0.0632566458860584
0.0608515636421397,-0.0548898370209858,-0.057307878996258
0.0620506930421673,-0.0496780087427858,-0.0606778949937817
-0.0603511438323164,-0.0457527678367324,-0.0653025548798595
-0.06378269202493,-0.048620448444826,-0.0597312329853286
-0.0581216420029977,-0.0518052247716456,-0.0627542302787755
0.0582203403016112,-0.0473707452565893,-0.0660787747141827
0.0636345639257746,-0.0436817741089097,-0.0635810104229687
-0.067306285383125,-0.0360739664966537,-0.0645641765224048
-0.0707745402036499,-0.039145845011479,-0.0588095849005019
-0.0656307554038065,-0.0423742383983427,-0.0624261793226388
0.0661966990981842,-0.0363851116160161,-0.06552954052266
0.0682584220623097,-0.0406232723434214,-0.060749794753023
0.0719608013262429,-0.0362586544216003,-0.0592195326882171
-0.0688452425994153,-0.029672082268338,-0.0661808137192257
-0.0724442398051534,-0.0328108806507074,-0.0606240730302539
0.070729963322509,-0.0312282192777094,-0.0634197966654932
-0.0752044835841568,-0.0198257786964451,-0.0628587634915376
-0.0796012887398828,-0.0164395225731328,-0.0582526988969317
-0.0739326715360135,-0.0264222015462854,-0.061934056413321
0.0747616334220054,-0.0201219023345901,-0.0632914466090882
0.0751352476597014,-0.0257437757362592,-0.060761439828632
0.0789238755317659,-0.0187763680750315,-0.0584676822991336
-0.0763734104824195,-0.0129843288245244,-0.0632337676804337
-0.0806800722212769,-0.00937357429468,-0.0583340556736283
0.0760537123755317,-0.0138532823309907,-0.0634343708327589
0.08030543702678,-0.010803485324773,-0.0586030842820862
-0.0771759042670193,-0.00624685686225083,-0.0632839361912357
-0.0815665349451747,-0.00322199561061849,-0.0577626100582065
0.0760918676434954,-0.00765279286789474,-0.0644318433719885
0.0797466588613407,-0.00417508283495954,-0.0601916861642041
-0.0776816538057658,0.000327689672547637,-0.0629718451482014
-0.0810569391982603,0.00378201364199117,-0.058442013817832
0.0766611420175398,-0.000119930167473548,-0.0642110186869381
0.0809443923165657,0.00262170981036931,-0.0586611625338144
-0.0773107456204872,0.00767519840605369,-0.0629614162812027
-0.0805723399441528,0.0112476003056483,-0.0581514361042566
0.0764322128363534,0.00610955177314927,-0.0641933814145822
0.0799325151731171,0.00940996805413765,-0.0593485089918586
-0.076458374365804,0.0149031039608694,-0.0627057771068381
-0.079803851294747,0.0181389683077151,-0.0574658432993411
0.075581304439204,0.0128196641661773,-0.0642115459344893
0.0782435546891613,0.0163295362050795,-0.0600940296289518
-0.0757056297024359,0.021717132304188,-0.0616199950925546
-0.0708945114790201,0.0247344711661601,-0.0660467575163108
-0.0743860890565691,0.0281155354691229,-0.0606318927574959
0.0745955853931521,0.0209380744218564,-0.0632225883593834
0.0794177847679615,0.0215817205514809,-0.0568070840743162
-0.069749530686655,0.0315474149355665,-0.0643409945413941
-0.0726248719986597,0.0349991550979445,-0.0591666046849887
0.067498478394426,0.0325953499125691,-0.0661928891840912
0.0725324943520192,0.0323831616106576,-0.0607484000401789
0.0760366070029925,0.0268097554612298,-0.0591580206593531
-0.067645893362765,0.0380606889893168,-0.0630509085288673
-0.0598541662294696,0.0469598484866318,-0.064901859880715
-0.0655472471991831,0.0446761188793085,-0.0608900877534691
0.0686090142191055,0.0379868110857515,-0.0620467996806163
0.0730201859023899,0.0381783475170023,-0.0566609762633625
-0.0566008791043351,0.0526961618078616,-0.0633991720419465
-0.0628965803014757,0.0502318031124543,-0.0593362127476078
0.0613851096971794,0.0479017095346239,-0.0627478647448364
0.0636464247394957,0.0512463949802032,-0.0576449444461406
0.0676062095419751,0.0443019184972312,-0.05887903234256
-0.0590192784068813,0.0556404543463764,-0.0584881579066758
-0.051062973704478,0.0549607223411715,-0.0661202821998856
-0.0535037899676701,0.0591998950503802,-0.0602720240777833
-0.0473566233350807,0.0600629734725625,-0.0644188593706806
0.0523770883285136,0.05511350696937,-0.0649549225738141
0.0545645090714084,0.0594207680808724,-0.0590921878981251
0.0578741200868425,0.0536810767298558,-0.0613915973463318
-0.048619464985913,0.0643394517965824,-0.0591319082108535
-0.0427527146564041,0.0647710976261678,-0.0630627489174331
-0.0365518469576381,0.0673115801865236,-0.0642892965931403
-0.0425331605068668,0.0688940177420326,-0.0586902426012025
0.0333891359239148,0.0679986986035465,-0.0652789597883742
0.0389827171897168,0.0691985885386649,-0.0607610327731206
0.0444542192020728,0.0653617745974926,-0.0612508025898038
0.0490438628607176,0.0605671093529858,-0.062660392434994
-0.0370508746594722,0.0721872884634199,-0.0584485078655669
-0.0312858620217146,0.0714528408924581,-0.0625754454003174
-0.0201984972892372,0.0750288933596248,-0.0629498678971798
-0.0257572513145002,0.0756427439819854,-0.0601227019321995
-0.0139842812077613,0.0763052941048744,-0.063102630454806
-0.00786797510178844,0.076009908871713,-0.0645026257005714
-0.00099289491342772,0.0761610478413586,-0.0647959022665645
0.00505212472413652,0.0763272283635478,-0.0644098613966843
0.0112175920281115,0.0755649836936874,-0.0645298292874854
0.0219745365520707,0.0748352786839751,-0.0625843495360996
0.0274544649500813,0.0763805841441637,-0.0584145420255554
0.0333913053293921,0.0729418549157897,-0.0597034884242333
0.0388794921670357,0.0738110992961513,-0.0551389763173083
-0.0187676305988444,0.0792086875422151,-0.0580840757902082
-0.0106941660486916,0.0803986418932857,-0.0584952407816167
-0.00414608616218552,0.0796871188752516,-0.0602724900445942
0.0023997362690141,0.0807609166789271,-0.0589229632934495
0.00921685148185505,0.0798356315529757,-0.0595090042218515
0.0161401703145212,0.0777846270911344,-0.0607375229240239
0.0214388630979308,0.079473387950926,-0.0567834109335355
-0.00964916381795755,-0.0843519677490103,-0.0528359647721916
-0.014461725502362,-0.085297251521918,-0.0501521423014277
-0.0080962246575446,-0.0881482783288441,-0.0465223835709435
-0.00380665236798161,-0.0849659336877032,-0.0525956225325908
-0.00172290450993228,-0.0881905470717074,-0.0471111346405642
0.00195119711434041,-0.0837054131499424,-0.0546772040112391
0.00379969443099242,-0.0868278020988199,-0.0494620572235988
0.00856423441369523,-0.0834792727026441,-0.0543862566949374
0.0101372960815731,-0.0868202494236768,-0.0485744739505414
0.0149724775840517,-0.0835738281052429,-0.0528321888004361
-0.0325293965964552,-0.0763014102554812,-0.0558563617528306
-0.0385992507031726,-0.074816241509077,-0.0539687673801312
-0.0342223116920992,-0.0795919704522435,-0.0499394795760875
-0.0274295112802138,-0.079048065533008,-0.0547633567870641
-0.0278744306368189,-0.0821229730730935,-0.0497878841631884
-0.0211338084060986,-0.082857798525941,-0.0518454179843698
0.0212753254551594,-0.0825833197652147,-0.0522240923648296
0.0281467969601566,-0.0814195675863328,-0.0507800338071672
0.0252859726919525,-0.0784511393074696,-0.0566218891122484
0.0318337913135405,-0.0771111785394225,-0.0551405102738665
0.0342462906562809,-0.0801022486188828,-0.0491001154895549
0.0378828868508853,-0.0755883551947546,-0.0533974479111588
-0.0415521272562034,-0.0699146111042917,-0.058183914217545
-0.048674539139193,-0.0686154601169377,-0.0540620742530445
-0.0446225913411855,-0.0729552079270499,-0.0518301261551498
0.0425961833660535,-0.0705082833695385,-0.0566934488239406
0.043672846001366,-0.0738075199294602,-0.0514308518825661
0.0490006771307346,-0.0691731366481703,-0.0530472507057196
0.0475352807094155,-0.074231879469824,-0.0472231421839752
0.0524424340069599,-0.0709234022797162,-0.0471132903217239
-0.052749044180199,-0.0631497324190707,-0.0568300064528147
-0.058634224279467,-0.0603177120062052,-0.0540721865903602
-0.0550435351788892,-0.0659105558566958,-0.0512445885851376
0.0587800744159898,-0.061253639294407,-0.0528478431437942
0.0556159742317991,-0.0662912732975331,-0.0501231532712592
0.063472273139721,-0.0575236130526907,-0.051597524007526
-0.0614145402793009,-0.0545600544512079,-0.0570215284142805
-0.0668756571776992,-0.0513267378630151,-0.0537885903901914
-0.0642327835188213,-0.0571773122681744,-0.0510382648994141
0.0663271950139067,-0.0513979660421517,-0.054396252529261
0.0689967896986766,-0.0533629735969849,-0.0489064010230082
0.0721021001539978,-0.0471383342762313,-0.0507864607515372
-0.0689974426261083,-0.0452882806009197,-0.056465250834449
-0.0739554574154307,-0.0418907840733791,-0.0526854109804161
-0.0719780940401779,-0.0479048597066001,-0.0502421973388175
0.0676612153122776,-0.0462283419625654,-0.057314050128789
0.0724955432625472,-0.0418495122778839,-0.0547084502638678
-0.075630658862945,-0.0357293602410483,-0.0548034329237751
-0.0801046990008517,-0.0320523208134315,-0.0505557704880469
-0.0785842298763201,-0.0383413007638057,-0.048522813934007
0.0794483831958448,-0.0310174004068749,-0.0522099155408987
0.0764943812144151,-0.0366471624613386,-0.0529678688057686
0.0828971127273625,-0.0274403091463858,-0.048734978572421
-0.0773108643797297,-0.0292675484040344,-0.0562711369940362
-0.0786393915492418,-0.0229097775374242,-0.0573671351076143
0.0755368102820773,-0.0311922739824751,-0.0576301339373023
0.0793496923442173,-0.0249984007070583,-0.0554860909261236
-0.0829786548081743,-0.0190983755544824,-0.0524384867767602
0.0824412210075343,-0.0154423253162183,-0.0544516268523145
0.0829269279252901,-0.0212077431319954,-0.0517045090481611
0.0861490646771706,-0.0155317907511241,-0.0483435841778244
-0.0833803151413228,-0.0125612277291661,-0.053758149203985
-0.0887319726249538,-0.00829037772985889,-0.0453641562276472
-0.0864267036032011,-0.0137608245220391,-0.0483845493050444
0.0847387313169058,-0.00984239821461142,-0.0521773381184535
0.0885932808621661,-0.00960730687479825,-0.0453754365411253
-0.0852024163146846,-0.00664743976455035,-0.0519264845452052
-0.0881472610309232,-0.00194298169214899,-0.0471835267240591
0.0832638377406249,-0.00418500836335608,-0.0552233558416003
0.0870792990918097,-0.00441958503006043,-0.0489659364908817
-0.0847660512294736,0.000299165588428782,-0.0530530588787447
-0.0874893640001589,0.00460351280106938,-0.0482122272663868
0.0849520482056244,0.00174804104717432,-0.0527265953518548
0.0884518681060303,0.00107577158157007,-0.0466380718365003
-0.0839610495326427,0.00732008725780591,-0.0538234009098133
-0.0865127697634947,0.011031621833448,-0.0489269249825379
0.0837746022865162,0.00814744614165068,-0.053994769497831
0.0873539907762793,0.00738241735446261,-0.0481121627902579
-0.0836488304588593,0.0148441070669224,-0.0527496506949561
-0.0829919085622522,0.0210708627698273,-0.0516561889290721
0.0821955986025363,0.0148870173788494,-0.0549750878468041
0.0858247293782797,0.0138518082453052,-0.0494190574084031
-0.0791119123756533,0.0248497868461698,-0.055890906346869
-0.0818111618994768,0.0283657799256416,-0.05002315780317
0.0804475285333593,0.0269019191460584,-0.0529573592572289
0.0835703904632879,0.0204499617394346,-0.0509685089384265
-0.0772763285126703,0.0311643529270802,-0.0552915197712795
-0.0791916588231221,0.0348406796753948,-0.0501478634904554
0.0769800179475867,0.0326686998974527,-0.0548345956967619
0.0812463543903399,0.0321008204409647,-0.0486679281134373
-0.0751278459018315,0.0380679840940466,-0.0539132206175425
-0.0702554666067847,0.0417640472484078,-0.0576188664311065
-0.0732659408567975,0.0439520552410997,-0.0519645912990249
0.0723007160602537,0.0433428956241092,-0.0537959092999498
0.0775791090274265,0.0381163431727765,-0.0502854474494564
-0.0684266996258215,0.0483460536380634,-0.0545934600049993
-0.0733835226652667,0.0481143827909323,-0.0479569053466442
0.0681137357770275,0.0491001078505288,-0.0543111260024516
0.0714134878186452,0.0496097983485885,-0.0493860472813089
-0.0689679291428789,0.0531895011525866,-0.0491355443397023
-0.0589419204618942,0.0598981269919841,-0.0542039149412277
-0.0643035940246053,0.0543332850118986,-0.0539716771482667
0.060689274147663,0.0568874971922072,-0.055503375275079
0.0619979842464421,0.060873794923795,-0.0495038487406727
0.0660591495378357,0.0550632416075085,-0.0510316390541301
-0.0586703289536183,0.064337704253373,-0.0491777623524185
-0.0537690602674216,0.0641710775652313,-0.0546896787573133
-0.0531076279817664,0.0689080360689798,-0.0493078332051938
-0.0481016237133389,0.0689501117470559,-0.0541490155659407
0.0502280887309109,0.0651899794451458,-0.0568102603499705
0.0537603820210857,0.067065853992157,-0.0511076564992519
0.0568141419054551,0.0623845362314202,-0.0536686400010918
-0.0474326490061389,0.073384647474038,-0.0486295930829867
-0.0423854954241385,0.0732348629228393,-0.0532928196750454
-0.0311036600238316,0.0797534392610983,-0.0516909204681007
-0.0368197420819527,0.0768523400187393,-0.05232613521153
-0.0315401164165184,0.0758328763079235,-0.0570490659610183
0.0328498400812315,0.0774622590387752,-0.0540415250680206
0.0446078004781717,0.0698738217175239,-0.0559266767781042
0.037916599155699,0.0782728775551835,-0.0493526914143411
0.0489750538764027,0.0707621570054309,-0.0509329091279677
-0.0272011490254244,0.0831892459671612,-0.0483698960852902
-0.0251094411835757,0.0796598239813631,-0.0549893481109475
-0.0151144912817785,0.082630985834006,-0.0542556202985373
-0.0209232603043486,0.0831654252237955,-0.0514366525489785
-0.00955380598866587,0.0848911665412954,-0.0519828301902411
-0.0041518946132092,0.0832710604992233,-0.0552149640395395
0.00174888706211503,0.0848988518821285,-0.0528121798805871
0.00800579709020904,0.083635790029019,-0.0542306356282473
0.0147879612578139,0.0819369655364575,-0.0553863690850565
0.0266964959985145,0.0807766104208435,-0.0525588842217958
0.0201749749311394,0.0835748646998834,-0.051070660625996
0.0317595405420882,0.0817032339064581,-0.0481239353526888
-0.0151779913820515,0.0863285614831646,-0.0481353098009098
-0.00916833952356082,0.0887328087459006,-0.0451932539452228
-0.00408115737445599,0.0871694503652632,-0.0488347322874312
0.00134003771475809,0.0885355234625601,-0.0464722001317085
0.00732466627134998,0.08728326390617,-0.0482491565156743
0.0135900576767388,0.085710469567125,-0.0496892920089674
-0.0247292706793069,-0.0856447897107314,-0.0453148228407508
-0.0312418952466685,-0.0840414824405497,-0.0442828771592242
-0.0265380064482805,-0.0880093400404139,-0.0393711859038701
-0.0189326078307727,-0.0865705004130418,-0.0463368624414228
-0.0200158336823533,-0.0892818280748193,-0.0403499885723744
-0.0135322248190724,-0.0891193893544362,-0.0432968051021392
-0.00242825028131125,-0.0910058344852975,-0.0413768255240336
0.0045769121527787,-0.09002122981382,-0.0433039265835219
0.0115731386837745,-0.0893974309437398,-0.0432915904068673
0.0168556100362704,-0.0902029162768099,-0.0397406882625258
0.0172601040758601,-0.0867072684846477,-0.0467326266964182
0.0239208337222911,-0.0850472949190645,-0.0468481732989151
0.0226547675234061,-0.0880560174007039,-0.0416281072105102
0.0298889173621176,-0.0845840791376678,-0.0441835509538897
-0.0407946359628921,-0.0777318483051253,-0.0478910997668288
-0.0470359746377159,-0.0755691027691174,-0.0455733232858338
-0.0433543148621952,-0.0800526326462894,-0.0413760726406928
-0.037131307627385,-0.0819367093025454,-0.0436765573663639
0.0358010627545308,-0.0827119839391226,-0.0433244921484269
0.0409792927538968,-0.081870348787526,-0.040223669096893
0.0406011968068748,-0.0783801299762884,-0.0469904037402142
0.0458976043473509,-0.0778530741818244,-0.0428054757622316
-0.0511973753196124,-0.0709986499957414,-0.0483530812039645
-0.0573765498461792,-0.0682212076785574,-0.0453188520457871
-0.0534107393443559,-0.0731712306428113,-0.0423469471059424
0.0521368660360184,-0.074748093452604,-0.0411639371950776
0.0574662467110218,-0.0693125500815778,-0.0435132266134347
-0.0609930535736299,-0.0628889394899924,-0.0482164775440274
-0.0665461511508322,-0.0596092552625275,-0.0449260108873177
-0.0631593953938951,-0.0651135207500138,-0.0420846788003317
0.0613807795371207,-0.0638448056942216,-0.0464353387988784
0.0661233139673581,-0.0590519613893238,-0.0462663290781491
-0.0695392499708533,-0.0538270847508465,-0.0476123687828098
-0.0744956487653911,-0.0502847782050357,-0.0438387887080982
-0.0717179806933012,-0.0561422773864577,-0.0412865103163814
0.070981428346849,-0.0563806867516513,-0.0422238675537449
0.0734699273249808,-0.0509814320809096,-0.0447555958894426
-0.0767629029198924,-0.0443373336865201,-0.0462780463658588
-0.0811898189887391,-0.0407212131026497,-0.0418329546964701
-0.0790812001281049,-0.0465830223578383,-0.039701206734841
0.0769456088752897,-0.0413614047946383,-0.0486683415381832
0.0767727585412224,-0.0462906040932354,-0.0443071497494482
0.08082758091944,-0.0404816041864981,-0.0427567759070652
-0.0827404241118254,-0.0346282189647575,-0.0442143491333979
0.0812373511160451,-0.0348320628418691,-0.0467677258623665
-0.0818751242860163,-0.0252727830653059,-0.0515533748289936
-0.0873182307026508,-0.0250503644072031,-0.0418091596536726
-0.084091959013,-0.0281134398379827,-0.04624042528337
0.0862556335309744,-0.022011844591309,-0.0455570453641476
0.0854778359476312,-0.0289172139157162,-0.0430968015033442
0.0889120420727095,-0.0230159280161562,-0.0395590170807848
-0.0861492217011152,-0.0205796277410052,-0.0464197212682935
-0.0898356476690132,-0.0201316894721995,-0.0390419196288481
0.0891755033582479,-0.016183328858022,-0.0422590755774016
-0.089345322706026,-0.0148327820839726,-0.0423957767710558
0.0914660787438473,-0.0100717431504107,-0.0391473681044111
-0.0911653712965357,-0.00293643643708138,-0.0409908821098822
0.090710661944223,-0.00327583103858411,-0.0419624205806123
-0.0904547203955118,0.00379318068386126,-0.0424682862891256
0.0906437117272546,0.00483434455536081,-0.0419564850426323
-0.0894448140260549,0.0105419906712154,-0.0434567794126904
0.0892783109020762,0.0121997320421344,-0.0433653057388218
-0.0871618757167654,0.0170030830561608,-0.0459750213562922
-0.0907211725500413,0.0158034766789364,-0.0389861382581599
0.0874123775533589,0.0188285321983064,-0.0447723421967655
-0.0853489097234296,0.0233543776537586,-0.0465847255553616
-0.088588222312663,0.0218814512924149,-0.040906343725305
0.0844556570235309,0.0256354367778429,-0.0470113430708196
0.0879738594800094,0.0239856592892018,-0.0410522617709299
-0.0854605592995338,0.0285957337802409,-0.0433448591280347
-0.0823357248295227,0.0343544464966962,-0.0451730054615979
0.0819066262286943,0.0368624111138665,-0.0439598364993104
0.08520062763188,0.0306233041089974,-0.042462528151183
-0.077890461043189,0.0409784057653629,-0.0474746915755314
-0.0818204163840325,0.0396939273874509,-0.0415910037444619
0.0754629919848927,0.0441180610655845,-0.0485688534914524
0.0791464635312499,0.0427078456234794,-0.0437250183708205
-0.0776740264270672,0.0458304856591677,-0.0432008356829892
-0.0732821310888292,0.0527002047090047,-0.0430397221986102
0.0706677599580509,0.0543447781942094,-0.0453068734903879
0.0753943241499016,0.0490769736448433,-0.0436708889567464
-0.0686226534612186,0.0579343046033346,-0.0439834944284019
-0.0640092019905174,0.0590398987000412,-0.049164137566154
0.0663873076548854,0.0597251092918862,-0.045007073914742
0.0707496628434936,0.0582952430168689,-0.0399518441556706
-0.0633854207652684,0.0635721803725287,-0.0440552643557156
-0.0578630868758454,0.0687001859160271,-0.0439562012912178
0.0587399065730174,0.0660535689463896,-0.0467605539426347
0.0632336981912031,0.0648953706287001,-0.0423094585787202
0.0678093191915424,0.0630612331719556,-0.037751517880335
-0.0525873996812435,0.0731163387944743,-0.0434576391024497
-0.0411898127012396,0.0777257417587277,-0.0475616273790855
-0.0466429447535554,0.0771952855578194,-0.0431893921351807
0.0437244559124163,0.0747373659070332,-0.0500249746866473
0.0540352544381779,0.070995672602612,-0.0451642087154166
0.0488225981287468,0.0749059499872665,-0.0447822796193188
0.0588795313882089,0.0701158623113106,-0.040211523686319
-0.04028900892945,0.0813177110607518,-0.04200268594451
-0.0345667264445269,0.0816786606950387,-0.0461923999189321
-0.0216642714769581,0.0864674966199796,-0.0453214228528266
-0.0285184427223275,0.0857987498403714,-0.0427232132533594
0.0251752393918162,0.0847861911187356,-0.0466637880694201
0.036955726678477,0.0821304595999588,-0.0434610385434787
0.0303015733638118,0.0854051595414139,-0.0422820691906922
0.0429495007302471,0.0788308612178662,-0.0440571867946042
-0.0225593275234917,0.0891441419414408,-0.0392988383998398
-0.0157959861893693,0.0893264114120245,-0.0420865660794371
-0.00968656349638904,0.0915600609270873,-0.0390246810561861
-0.00281169443167382,0.0908415868512119,-0.0417121142250511
0.00520131139979748,0.0907296381386221,-0.0417262402315847
0.0118830695212926,0.0893330464756974,-0.0433405060831814
0.0184081283386831,0.0873695635364743,-0.04502999199959
0.0233382171893392,0.0883167769777801,-0.0406875229199536
-0.00857376500723721,-0.0915463000466261,-0.0393162243934235
-0.014850799386573,-0.0919012645434958,-0.0365186435946732
-0.0101110863402737,-0.0941732299864875,-0.032080659095414
-0.00375511416011679,-0.0937510062313788,-0.0345925996394427
-0.00517551549374388,-0.0959483654599937,-0.0276970251854474
0.00266734917936578,-0.0929589102893624,-0.0367631098625988
0.00136050275003708,-0.0954324089672578,-0.0298463456961349
0.00926829811782119,-0.0920528520011998,-0.0379522211015453
0.00784950920439984,-0.0945298942007693,-0.0316620326018032
0.0146850657867606,-0.0928636136325268,-0.0340690197459863
-0.0328852045483218,-0.0862995592926004,-0.0383529580143312
-0.0389966166319594,-0.0841341742698425,-0.037425988417804
-0.034520285359338,-0.0881392850192459,-0.0322461832565926
-0.0281270007480661,-0.090022808297906,-0.0332380176443182
-0.0216234930423005,-0.091408809719056,-0.0343053064962187
0.0224318655622654,-0.0909268508563425,-0.0350587963288656
0.0282992072659648,-0.0877453468387177,-0.0387286583284568
0.0295152865740083,-0.0897250068674421,-0.0328370370236231
0.0347380623874793,-0.0859549975572101,-0.03748340186481
0.0361555911859522,-0.0879409972943215,-0.0309702150809576
-0.0493135756066676,-0.0776705899315165,-0.0391848276616307
-0.0554085781206841,-0.075040927015596,-0.0360381567409396
-0.0510348627023495,-0.0794783701915016,-0.0328425252111893
-0.0453134483885107,-0.0821117955859942,-0.0347036658329247
0.0413182306757875,-0.0843077600824496,-0.0344239074306005
0.0474876437917058,-0.082218676761054,-0.0313849148382094
0.0472426786936514,-0.0799093336528853,-0.037183702155257
0.0528470984169303,-0.0773950328790319,-0.0348882942324839
-0.0594158231884996,-0.0702693662875606,-0.0391404664698629
-0.0650356720920401,-0.0670498958448386,-0.0357025604324715
-0.0612233182681873,-0.0719806366225468,-0.0327183931419882
0.0624431731390533,-0.0672609381170189,-0.0397091466881291
0.057669997554342,-0.0726025937316647,-0.0374571056794159
0.0627987383370895,-0.0703101119011594,-0.0333587563624517
-0.0685361777463011,-0.061762041294968,-0.038577747392744
-0.0734433773627195,-0.0583114718700378,-0.0347252439808185
-0.0701251340514555,-0.0637440517945532,-0.0319243078684425
0.0666991074408424,-0.062291334774095,-0.0408780953422262
0.0675721303784882,-0.0649379888202688,-0.0348864558867282
0.071885254087841,-0.0590842851058856,-0.0366272780416708
-0.076462892731806,-0.0525509471698342,-0.0373071572850009
-0.0808124239259334,-0.0487075159667918,-0.033119933990287
-0.0779334893146687,-0.0546777753965674,-0.0306057531072315
0.0760107799901286,-0.0524126363022322,-0.0384093332628448
0.0799181216511136,-0.0507086957934205,-0.0322757184485057
0.0830103151919377,-0.045265926227883,-0.0325619946265552
-0.0833117632847636,-0.0430258393313966,-0.0347552477724798
0.0797733128068911,-0.046429651738235,-0.0384773440093975
-0.0863402783332454,-0.0312601267634777,-0.039600010236844
-0.0885715742943749,-0.0328121092725373,-0.0328396363373746
-0.0850193285701549,-0.0372204710846359,-0.0372337253090957
0.0847118141038645,-0.0346749936144695,-0.0402685158650812
0.0839149193504051,-0.0402505788343554,-0.0365811045989453
0.0875521518380899,-0.0349545086257076,-0.0333587025251791
-0.089664125466388,-0.0265166126049937,-0.0354572117027093
0.0883862696553421,-0.0291241917717835,-0.036601212956826
-0.0922972683758728,-0.0210705744535881,-0.0322062904325154
0.0916592078911306,-0.0170599570704153,-0.036160025916914
0.0914881008820151,-0.0232702775199629,-0.0329912348967455
0.0940089763900637,-0.0173796385090152,-0.0293301981554455
-0.091763600026302,-0.00919538197902299,-0.0386637641843841
-0.0944409707537028,-0.00948303750004651,-0.0314797561191113
-0.0923524304576759,-0.0149159206804248,-0.0353347406499542
0.0937907873983853,-0.01141948449445,-0.0327549015138707
0.0954154893625672,-0.00579163268166111,-0.0293656496419065
-0.0938632497122924,-0.00368661988055431,-0.0342943025319527
-0.0961397425521536,-0.00374610265196287,-0.0272601653841322
0.0934409778012229,-0.00440557184561727,-0.0353464935283643
0.095622218943657,0.000641318422054734,-0.0292571351173172
-0.0930577680718668,0.00248413716797298,-0.0365250717008141
-0.0954386901376609,0.00203016854658133,-0.0297881660930519
0.0929807618650742,0.00169984803295488,-0.0367653157145546
0.0942948739768721,0.00630503595974436,-0.032691333144831
-0.0921627004960309,0.00950752577803581,-0.03762503941941
-0.0943617772800319,0.00793766614645429,-0.0321379595420965
0.0920616720747412,0.00985545982762435,-0.0377825150792327
0.0960293431303534,0.0078970542985092,-0.0267582097775242
-0.0937129535827596,0.0145333418031947,-0.0317279735626266
-0.0915585493737617,0.0207470282189756,-0.0344469571495844
0.0908678898502007,0.0170474987179971,-0.0381104891423542
0.0938019729037252,0.0132473703352199,-0.0320265055473047
-0.0887471248536697,0.0272236674729255,-0.0371862845794895
0.0885494778354962,0.0292570707733476,-0.0360972822708614
0.0907399299751608,0.0230323677825233,-0.0351535935701962
-0.085687969756994,0.0336954306468736,-0.0390152507465899
-0.0887498008377922,0.0324070702840654,-0.0327605654396897
0.0855320854412585,0.0355809930581267,-0.0376597303895837
0.0887357083605838,0.0337655275004118,-0.0313984587720179
-0.0853709353073528,0.0385897487744149,-0.0349661935674937
-0.0816144221448672,0.0443256175566774,-0.0370718994120032
0.0826160188193719,0.041619082753225,-0.0379795390326206
0.0858164341606237,0.0401952421701362,-0.0319355935221668
-0.0774003920173259,0.0501965762590749,-0.0385938213530331
-0.0812220622713194,0.0485644626011653,-0.0323182544558727
0.0749675863201432,0.0536058084393948,-0.0388108013505592
0.0791408866658519,0.0477122304718895,-0.0382133892942862
0.0823714293471343,0.0464912800912125,-0.0324577957078553
-0.0769195529691503,0.0540632654841382,-0.0340667828837768
-0.0677452718615936,0.0623763843666155,-0.0389841610786001
-0.0727838103016152,0.0572426821945547,-0.0377596649008984
0.0734630724046747,0.0588560509614384,-0.0337511815866562
0.0782223218930987,0.0528226423786394,-0.0330308463083521
-0.0712192544834784,0.0620420725122119,-0.0328420314260119
-0.0622133783109319,0.0680008522296781,-0.0387992223575711
-0.0660373036152329,0.0668611018641507,-0.0341857805042398
0.063606292262305,0.0684237239128031,-0.0356711871487731
0.0690263824095544,0.0649829433599767,-0.0318209931095767
-0.0574526119412548,0.0726207339645179,-0.0377548192814424
-0.051719655100624,0.0768401729234486,-0.0376917113202354
-0.0506786476829261,0.0802362792502304,-0.0315248181885265
0.0539070635681985,0.0746998880585102,-0.0389095775061392
0.0589988398058239,0.0734978197461256,-0.0334246524904926
0.0524181580372437,0.078349756651866,-0.0333714299771624
-0.0449751319435772,0.0833870400801404,-0.031997485106541
-0.0458550294283171,0.0805046849409104,-0.0376339206015703
-0.0342788928041755,0.0850905119202552,-0.039806560888079
-0.039690272735635,0.0844760690868041,-0.0358953479433262
0.0355386790277553,0.0854847665824596,-0.0378068376667856
0.0418316564651283,0.082588628155667,-0.0378051718254523
0.0466730572844115,0.0820851580645952,-0.0329188783276776
0.0478835467489894,0.0786520057068182,-0.0390003582953218
-0.0345015058941513,0.0879237446911254,-0.0328490671073702
-0.0286808676510836,0.0886726278446402,-0.0362570393310234
-0.016521588600086,0.0918405367617758,-0.0359493103990842
-0.0227309844134586,0.0917001913488055,-0.032777694442665
-0.010783205663444,0.0939429774346412,-0.0325336666665718
-0.0040931624351747,0.0935063311717561,-0.0352109649484467
0.00241492035483659,0.0930791145394436,-0.0364752874823526
0.0101974587218784,0.0923887303382712,-0.0368827106006838
0.0167643269935517,0.0907638984811745,-0.0384821006904254
0.0283778440897436,0.0886494353832954,-0.0365509996075126
0.0218305995938116,0.0914099893351403,-0.0341707297411163
0.0336082226230834,0.0883931560942808,-0.0325136483245569
0.0398372747657979,0.0861182006580531,-0.0315697173580337
-0.0168261681200725,0.0941597366769319,-0.0291688884726063
-0.00522257226301437,0.0956719986184753,-0.0286285420359335
0.000828890300478327,0.0954940014681133,-0.0296683101228836
0.0071777824075753,0.0946428329618808,-0.0314835450325176
0.0103188700593651,0.0958353216465568,-0.0266291578026758
0.0151767426770607,0.0936621650493826,-0.0315763411590185
-0.0165678607338973,-0.0940216402590638,-0.0297562960530505
-0.0231775443890858,-0.0931613474987816,-0.0279957991418152
-0.0184644344982352,-0.095579890285211,-0.0228811982263678
-0.0119291656540179,-0.0961318819721911,-0.0248265236210266
-0.00664456886945777,-0.0975349859270389,-0.0210422485506418
4.5767340006022e-05,-0.0973652500257531,-0.0228036398618966
0.00640585474173724,-0.096681180942361,-0.024732858232557
0.0128451379502215,-0.0953903519510966,-0.0271234803704151
0.0189671888694412,-0.0936250865325026,-0.0295734495373036
0.0189309381451073,-0.0954242426062108,-0.023148077716233
-0.0407310515609213,-0.0858305783270286,-0.0312104672065791
-0.0470703231786841,-0.0837788131984014,-0.027667582719839
-0.0419305271656669,-0.0872201509838739,-0.025188810115407
-0.0359718864908321,-0.0896062150174482,-0.0260144116000626
-0.0296946592477756,-0.0915901475449483,-0.0270087408882527
0.0248971581740798,-0.0926298994869481,-0.028281323104104
0.0316954249797499,-0.0910905364418856,-0.0264180659314091
0.0379268744745109,-0.0893793518256434,-0.0239349881882594
0.0424029103246529,-0.086148561788901,-0.0279359714046046
0.0483282604603175,-0.0839156350667252,-0.0249508603029139
-0.0571056475772663,-0.0765646140530126,-0.0296108914215494
-0.0526541787372061,-0.0806955716342505,-0.0267537320240387
0.0532364316927889,-0.0796735507982777,-0.0286008329301767
0.0582329169893606,-0.0752212635081274,-0.0308332433463497
-0.0664122984369687,-0.0689077994942594,-0.0290020996573672
-0.0621628290015925,-0.0739071538281137,-0.0259521733466974
0.0630007320296377,-0.0730188994459291,-0.0264414085525743
0.0673037940030061,-0.0705869272863847,-0.0220835914085974
0.0674243021928461,-0.067986305145575,-0.0288413901793578
0.0716402672828974,-0.0653484771068517,-0.0244386710688862
-0.0748356153388529,-0.0601820616601498,-0.0278881719048813
-0.0713288626138416,-0.0654295133787851,-0.0251231394772853
0.0721523273071759,-0.0622145469447088,-0.0303873627264291
-0.082126620588356,-0.0503566641345217,-0.0268220910626086
-0.0792348301173625,-0.0562277616245784,-0.0236702454501867
0.0760907943544479,-0.0562802293994996,-0.0322912804249821
0.0800648657577405,-0.0538060174423596,-0.0263539324797777
-0.0870529465167282,-0.0388509791228236,-0.0302057266642974
-0.0887625373603771,-0.0397355299110291,-0.0232873275514182
-0.085036222951588,-0.0447490261651756,-0.0276833062193975
0.0865189048343924,-0.0405796505165647,-0.0294579542710861
0.0842048871422172,-0.047072941628077,-0.0263377134079538
0.0881560235329358,-0.0412460640189836,-0.0229625285298395
-0.0904606027928611,-0.0337339090831456,-0.026055761758703
0.089826192753013,-0.0351492570846653,-0.0263777334555398
-0.0916777656068984,-0.0274712967399796,-0.0289916392849153
0.090849035258837,-0.029267944121671,-0.0298301900695919
0.0927657899167459,-0.0294696724713043,-0.022935706320752
0.0936608339444324,-0.0233428063844057,-0.026129706739081
-0.0946227305739397,-0.0155037040860908,-0.0283932037208804
-0.0963667220257215,-0.015830752064185,-0.0215137670886327
-0.094242436777673,-0.0217117917967804,-0.025435432108074
0.0959482593498594,-0.0170827152356936,-0.0224078639731316
-0.0964831940059662,-0.00968651815522264,-0.0244369523882151
0.0959952958356029,-0.0113513470065803,-0.0256134749398194
-0.0978097896069429,-0.00320482210528859,-0.0205663358666522
0.0971676569228895,-0.00435970229721309,-0.0232258357478539
-0.0972068774552326,0.00294570817467242,-0.0232840240897848
0.0974465397186269,0.00250820760688264,-0.0223132424978395
-0.0960307845414484,0.00911642773583048,-0.0263624574927034
0.0974681035601375,0.00946956312542465,-0.0202557686104847
-0.0939413359280711,0.0202195070839044,-0.0276802625695153
-0.0958954826809039,0.0151176851356961,-0.0239898311159882
0.0956460655269872,0.014696182106166,-0.0252161135318624
-0.0936023773880254,0.0258981641663915,-0.0238302337223304
-0.0914685330232937,0.0262877704064025,-0.0306995210539654
0.0931892135322901,0.0194018165302229,-0.0306486540652958
0.0945547457602375,0.0215037982697011,-0.0244333115851256
-0.0885410683106133,0.0369684541419093,-0.0281746804978227
0.0910721070066456,0.0325343174464883,-0.0254438501959182
0.0917524580256655,0.026773250469118,-0.0294054332594725
-0.0851018652314345,0.0428947893161569,-0.030293721843665
-0.0880583909707446,0.041071760279547,-0.0236395915532007
0.0885563018290484,0.0387112517446934,-0.0256752876447834
-0.0841464376754778,0.047452266057471,-0.0258391074278703
-0.0799429939129417,0.0532692494634016,-0.027775974994586
0.0817070758227194,0.0508593014244511,-0.0271529964739006
0.085448320833984,0.0448056248938093,-0.0262876481153428
-0.0755355676136576,0.0583590809122147,-0.0298093223667293
-0.0733879740961476,0.0629165026543534,-0.0256070098286086
0.0774836998186434,0.0568763607280348,-0.0275926775282827
0.0804491050840378,0.055195670195845,-0.021940361949445
-0.0683622446726861,0.0671329936382608,-0.028631532749423
-0.0703686403169048,0.067542857509758,-0.0220503255868796
0.0649426767101713,0.0701878513599952,-0.0292594303249334
0.0702114424613327,0.0667010971399192,-0.0249262309097512
0.0734687249175411,0.0618926074937645,-0.0277786176093307
-0.0650870991928303,0.0715549687917175,-0.0253684047595537
-0.0620015827925977,0.0717360413560731,-0.0317764708827883
-0.0562390130487547,0.0762259684790218,-0.0320433322296244
0.0561683312148835,0.0776270306166366,-0.0286210182326964
0.0613212668612176,0.0745928511259784,-0.0259924756774283
0.0664934626081071,0.0713437763125212,-0.0221062210992578
-0.0539454642271429,0.0801877499177927,-0.0256867991831008
-0.040343330338433,0.0868251242530489,-0.0288758289172417
-0.0470642215437356,0.0843044580535361,-0.0260330060234713
0.0449717029507979,0.0849507970679539,-0.0275845610948499
0.0509549205745803,0.0818950556653897,-0.0263968923677198
0.0566979679089334,0.0793167112326299,-0.0222306039997893
-0.0405728934319754,0.0885423108966677,-0.0226737623695479
-0.0346086163535098,0.0901306160961176,-0.0260521729384191
-0.0287459397485518,0.0911099621633705,-0.0295405779039062
-0.0291842964844164,0.0929490203839504,-0.0225556300877942
0.021508216386864,0.0936924103334499,-0.0275522934486697
0.0342105976420844,0.0900862837853997,-0.026722583768179
0.0275888066985421,0.0912967046337312,-0.0300627588255326
0.0399130093766142,0.0884108698915499,-0.0242995836996168
-0.0230203194004778,0.0937948544088978,-0.025934343633155
-0.0168953941687054,0.0959791562272775,-0.0224175651316212
-0.0106569147978215,0.0961071258995196,-0.0254921658184248
-0.00311935447922204,0.0973943812758199,-0.0224633952033203
0.00374513883285901,0.0969861515175223,-0.0240761365374929
0.00959712000117054,0.0974849342092679,-0.0201142459572077
0.0161195232743001,0.0957222550595799,-0.02402937483333
0.022471993593484,0.0952389782225924,-0.0206045269618143
-0.0254236635593865,-0.0942650748167889,-0.0216271357389788
-0.0282855181776745,-0.0946714284983467,-0.0154029245884832
-0.0210097744547344,-0.0963788838758188,-0.0164225491246406
-0.0138727521653205,-0.0974848810479877,-0.0174426120292298
-0.00769948533348609,-0.0985453787944934,-0.0151501235741754
-0.000699599791549977,-0.0987160341862514,-0.0159579182111565
0.00560822281438554,-0.0982739876772029,-0.017628703351815
0.0120813243366402,-0.0971522863913466,-0.0203832002224296
0.0163935430950227,-0.0973937582625514,-0.0156750629181441
0.0222590239743795,-0.0958589513702072,-0.0177650582278444
0.0265323100058336,-0.0938114193692066,-0.0222587987439755
0.0283396863366698,-0.0946896780904675,-0.0151897018848434
-0.045760931415004,-0.0865522667299675,-0.0203627670011934
-0.0390680734720079,-0.0899482867637307,-0.0195701645983033
-0.0322988795164308,-0.0923755710874754,-0.0205799963507058
0.0330759112345216,-0.0923041761329827,-0.0196449271986773
0.0393082722549936,-0.0903787097604612,-0.0169277450992331
0.0440557006678826,-0.0872974596780582,-0.0209343920891292
-0.0574021948808501,-0.0786919118215016,-0.0226400317128282
-0.0620837226117847,-0.0759509743119114,-0.01941805571266
-0.0561227344885372,-0.0811173046663965,-0.0164384170901281
-0.0513914768251088,-0.0831655103667323,-0.0210336395970338
0.0538424224716206,-0.0813450578063344,-0.0219994343798038
0.0569421866657995,-0.0805565829217653,-0.0163775555369597
0.0584475493876183,-0.0775464871697209,-0.0238835989235405
0.0623829082077487,-0.0757441050117993,-0.0192666374634665
-0.06705725343581,-0.0707293291470707,-0.0223760308929678
-0.0719640382314609,-0.066878273537383,-0.0186674510678256
-0.0672950550338705,-0.0721950693177478,-0.0161011656417974
0.067208526552214,-0.0723602872697318,-0.0157163222032873
0.0718517440285796,-0.0673089018969802,-0.0175168091978659
-0.0761128622210823,-0.0613731535955859,-0.0209801863865162
-0.080675866177553,-0.0567381023700057,-0.0164982531841502
-0.0764763976481935,-0.0627380390080534,-0.0146730727878956
0.0764169633664198,-0.0591106321708828,-0.0258143540491221
0.0756070389659623,-0.062176991971541,-0.0204351982696385
0.0797879278633565,-0.057247913195982,-0.0188828758926694
-0.0832356796098023,-0.0513576257812093,-0.0208378481456496
0.0828909413274635,-0.0516454103386692,-0.0214905429481182
0.0838119757848975,-0.0523887359888826,-0.0151977977129471
0.08763305209268,-0.0464947974558341,-0.0125969039671891
-0.0903191571184694,-0.0396390705803848,-0.0164679670903276
-0.0865350831172597,-0.0455802542984447,-0.020835541908684
0.086437470524395,-0.0464617288364585,-0.0192320420806938
-0.0920435027957015,-0.0340544366221807,-0.0191908556550179
0.0914757380028825,-0.0353790693023495,-0.0195066863348114
0.0898792141829729,-0.0408366134773865,-0.0159404472459555
0.0942297327793236,-0.0294673162719929,-0.0158881947750043
-0.0933481694149667,-0.0279811641422275,-0.0224315340308676
-0.0957267091644575,-0.022100621860598,-0.0186536770149596
-0.0945688697090991,-0.0284512192584588,-0.0157244079160596
0.0952229268117151,-0.0236406229674252,-0.0193317137335965
-0.0976434520469194,-0.0157037015138525,-0.0148037168122963
0.0970848377534579,-0.0178208569518753,-0.0160297017022756
-0.09797391932587,-0.00944171749014808,-0.0176625338441687
0.0976812261631742,-0.0101584668559712,-0.0188463154515067
-0.0989987172740061,-0.00294283124117177,-0.0138055684972444
0.0985245733670592,-0.00254155906896589,-0.016924801907299
-0.0985961114810449,0.00324391860324519,-0.0163793709162971
0.0987254079098598,0.00448831304047931,-0.0152692134565437
-0.0976086008156757,0.00934359600090956,-0.0196279969037983
0.0983974146478787,0.0114862314902695,-0.0136387417505965
-0.0973901890020607,0.0155058415868989,-0.01657467834578
0.0968929578165593,0.016405763342673,-0.0185096098261075
-0.0913932863771674,0.0313124022950104,-0.0258224837395388
-0.0956503273831897,0.0210773261233783,-0.0201683215415654
0.0957903813847242,0.0225639052617215,-0.0177502961669685
-0.0942351992583619,0.0283633993700901,-0.0177551343996432
-0.0914078908623278,0.0347877164435523,-0.0208425591965279
0.0934339575900245,0.0278987281278354,-0.0221755842419814
0.0940746728290748,0.0297877432380096,-0.0162063655900381
-0.0899666686970755,0.040222713420622,-0.0169744469429785
0.088308321917398,0.0424949904943286,-0.0198951266421472
0.091355555037716,0.0356992271300136,-0.0194866042615953
-0.0864640249406971,0.0461552220650792,-0.0198410651772328
-0.0822318930649794,0.0525952931500438,-0.0217175251854112
0.084648566255811,0.0489826210195635,-0.0208643971735202
0.0871523394608937,0.0468476891992538,-0.0144832228348249
-0.0781341229419114,0.0580767626770133,-0.0228505682429863
-0.0805885095966146,0.0570170804870173,-0.0159544556263075
0.0794233560188672,0.0584796603631077,-0.0164942366022211
0.0833400392691433,0.0530431583354539,-0.0155197039462968
-0.0756829303524495,0.062603706907698,-0.0187848325997667
-0.0721926478548724,0.067373480558465,-0.0157808654201858
0.0718730427271738,0.0670323778687896,-0.0184641827765049
0.0757326675347327,0.0616316890895744,-0.02158930217645
-0.0671735983185759,0.0718966495224241,-0.0178487948261781
-0.059319359408828,0.0761093911391514,-0.0262406970217748
-0.0624186564619787,0.0753499525748311,-0.0206469361507341
0.062177697529867,0.075975330981971,-0.0190179654698509
0.0675636947838191,0.0720920913489594,-0.0154232782433309
-0.0577250803616065,0.0793999518004366,-0.0190646990975848
-0.0514107817873405,0.0832482230480026,-0.0206558678313088
-0.0540106545709154,0.0828256778322498,-0.0149250220770777
0.0461541233752972,0.0860817019555364,-0.0214414898108861
0.0575311278624641,0.0803149161000328,-0.0154817175314744
0.0518441980131282,0.0833301672626337,-0.0191901630689087
-0.0480125156586647,0.0865419167906047,-0.0143281184843014
-0.0456100204274524,0.0867155474892261,-0.0200034962483924
-0.0352992857597362,0.0916071619371408,-0.0190286180765275
-0.0411965075764735,0.0898336832778383,-0.015256379386528
0.028195659304721,0.0929869053030407,-0.0236313401590291
0.0405999420047637,0.0897079477567365,-0.0174392894907962
0.0344345811603603,0.0917069002993305,-0.0201023395990257
0.0465627488811308,0.0872188428998557,-0.0149927936178396
-0.0291344698614064,0.094365770267097,-0.0156934402704882
-0.0232469954272582,0.0953667229158868,-0.0190988315053634
-0.0173403765761983,0.0972081820827577,-0.0158076145103083
-0.0102297013521448,0.0975959369841178,-0.0192454226622916
-0.0042518428991737,0.098646027591738,-0.0158392888902238
0.00278714709491411,0.0984997566044861,-0.0170302601114719
0.0102320602160349,0.0985099702767918,-0.0138235560227154
0.0163871926563602,0.0971352820252758,-0.0172103720026344
0.0226760923857462,0.096424532496846,-0.0137151144405026
0.0287033135645338,0.0943342176158782,-0.0166485788414379
-0.0355823526268158,-0.0923293409842804,-0.0144633666043838
-0.039137642058692,-0.0915791984563166,-0.00902747943337563
-0.0315784397015436,-0.0944075879405754,-0.00948733289040614
-0.024197937735072,-0.0964944540980324,-0.0101626836828932
-0.0171877920415636,-0.0979323281737448,-0.0106695315863192
-0.0108484803862699,-0.0989282004223082,-0.00977351705577626
-0.00348412198010138,-0.0994624683062413,-0.00975080988927356
0.00389919485050303,-0.099428819844612,-0.00993509254442121
0.0102640729285343,-0.0986448193642314,-0.0128003289297524
0.01621669182164,-0.0983012282658496,-0.00859577968214359
0.0224037217035871,-0.0968103762151684,-0.011217143621924
0.0286100964638379,-0.0954527545406168,-0.00838057462140107
0.0343730056556504,-0.0930629776868581,-0.0125609978451999
0.0404335057147221,-0.0909138413919059,-0.00999024820044019
-0.0495645636035954,-0.0855852171413862,-0.0147825790271052
-0.0526031835768793,-0.0844767571319254,-0.00982764381552937
-0.0462409258124546,-0.0882703629434684,-0.00837375707349119
-0.043011709941311,-0.0891473236499647,-0.0142389428261702
0.045540249523438,-0.0879039229433272,-0.0141062399173972
0.0466124527771985,-0.0881413927758619,-0.00764029626143556
0.0501800995666068,-0.0846188697363149,-0.0179333346741766
0.0520688392081264,-0.0845442931745385,-0.0118784879551077
-0.0623649220917847,-0.0770010520407278,-0.0134705040005813
-0.0579398248047707,-0.0808241362257611,-0.0105088394247781
0.0575941099517232,-0.081237635763603,-0.00913044548748677
0.0620002061513433,-0.0774325133885226,-0.0126562359470068
-0.0719009759219333,-0.0684027028344052,-0.0123012157591742
-0.0673514888820949,-0.0733038712984092,-0.00950365197116311
0.066737377441154,-0.0738324917723024,-0.00974092454768937
0.0719076380758783,-0.0686011132778582,-0.0110985964819992
-0.0801139646805325,-0.0589986624525325,-0.0100454213962711
-0.0757682428511704,-0.064742313640673,-0.00822229893155211
0.0766063496728179,-0.0626715118238917,-0.0142740602760433
0.0808616147492501,-0.0577362231079703,-0.0113105172848205
-0.0848506849813993,-0.0507778539631149,-0.0148986846537373
-0.0875624912772053,-0.0475311457758321,-0.00857906192667573
-0.0838160702306145,-0.0537230437657124,-0.00941811756007769
0.084969534244464,-0.0519515242393644,-0.0090120685726073
0.0887902659171195,-0.045591481561949,-0.00614047943239145
-0.0881689224296674,-0.0449576514615693,-0.0143195912250845
0.0910430360691016,-0.0403545561678772,-0.00909260025606607
-0.0930898506260658,-0.0345764227780064,-0.0117792486474524
-0.0955015846778817,-0.0281347262928472,-0.00937467346188486
-0.0909517333234138,-0.0405632228833233,-0.00907783857600542
0.092882850912365,-0.034932097076566,-0.0123500850603694
0.0952319707908953,-0.0293142130914696,-0.00845864354410079
-0.0968051043001604,-0.0219812648416071,-0.0120663075281743
0.0963937913011381,-0.02374765526863,-0.0120119052210073
-0.0984680130473303,-0.0154585873665293,-0.0080673714720946
0.0979493377194272,-0.0183070318710961,-0.00841307461260334
-0.0989824877928169,-0.00922406362648255,-0.0108343785592796
0.0983522133524812,-0.0127953076635454,-0.0127719314366553
-0.0997089634874678,-0.00288851339214708,-0.00705542978031436
0.0995114035522231,0.000142046420036243,-0.00987220273282616
0.0990842846216256,-0.00658904368079926,-0.0117851196400751
-0.0995101287597521,0.00341585591749519,-0.00927718712681995
0.0999248003422338,0.0026919282693511,-0.00279066269421393
-0.0987419089894235,0.00955802835185379,-0.0125968051871121
0.099447640010707,0.00679279546072251,-0.00800155140085142
-0.0982505783459321,0.0159727319547775,-0.00957578654645208
0.0976566595236811,0.0184145284137001,-0.0111392097040108
0.0989022578036042,0.0130562110479707,-0.0069194474617319
-0.0965556089577859,0.0222047832098238,-0.0135632585668764
0.0961044435429913,0.0249467157956329,-0.0118994665347235
-0.092942279668354,0.0341577774614681,-0.0139634840629012
-0.0953557775735327,0.0282316976150065,-0.0104998539357343
0.0948863089088986,0.0304316520464786,-0.00839660251485187
-0.0910711616537148,0.0400224091788572,-0.0102103025206066
-0.0879053341676706,0.045805469514826,-0.0132102682988264
0.0904441588839279,0.0404735286327902,-0.0134813799124433
0.0928233684927734,0.0350011946968486,-0.0125991520202508
-0.0843353992387171,0.0512485054057443,-0.0161595522483152
-0.088378070001475,0.0462665505353037,-0.00698018939059429
0.0893669272204551,0.0441071281404592,-0.00825309429063405
-0.0846815332882919,0.0521505127072844,-0.0104576261342382
-0.0813063536431981,0.0575728492926909,-0.00863966908218406
0.0810568488940487,0.0576975273308649,-0.0100390531352978
0.0853450459884359,0.0512457974333486,-0.00949164734548762
-0.0775911442796044,0.0618606530147863,-0.0123642200132618
-0.0740399420482796,0.0664181537433964,-0.010330335654145
0.0722001292361865,0.0682324356244697,-0.011466301301944
0.0762075513408213,0.0631696641568943,-0.0142127635804256
-0.0685974266725183,0.0719066949611486,-0.0111274558428558
-0.0628448844719334,0.0764947524949553,-0.014109335052799
0.0630941716392188,0.076622620447184,-0.0121696154682494
0.0679825106023764,0.0728641921325066,-0.00831791792019058
-0.0583493676588249,0.0804935090675097,-0.0107771189398651
-0.0522207774425003,0.0848044300428717,-0.00901105140466435
0.0524580826510059,0.0842520003509407,-0.0122372383506576
0.0583437271863161,0.0807393056222765,-0.00878487484028981
-0.0454500224862092,0.0886372235997805,-0.00881691830888503
-0.039787103026985,0.0913336231040339,-0.00866924010963053
-0.0347622198579344,0.0929540470930461,-0.0122936243425094
0.0349568625823339,0.0927450496454926,-0.0132805694796837
0.0409509892046451,0.0906308351184493,-0.0104435725954815
0.0469424252461719,0.0878743060282331,-0.00863221005261952
-0.0291867002069329,0.0952725681893818,-0.00844240976507732
-0.0233441101675949,0.0965094040760465,-0.0118738134564941
-0.0175752834727645,0.0980818504494808,-0.00842971068726966
-0.0117832728568154,0.0984791698271961,-0.0127674425689447
-0.000534536924989014,0.0995283237644578,-0.00968643592881537
-0.00686159476263177,0.0993212199663845,-0.00939221913089758
-0.00421420099961816,0.0998579967937708,-0.00325898570514233
0.00506449799813499,0.0993536316115257,-0.0101590720494671
0.0163957726075672,0.0981266546642758,-0.0101162386477585
0.0101201262144577,0.099283045922422,-0.00636080482871567
0.0229023672204633,0.0970844530475209,-0.00707746786922132
0.0291094390454622,0.0951834920072329,-0.00963033792074313
-0.0345058319002695,-0.0937812428319566,-0.00379816485825652
-0.0272249058108414,-0.0961317474110962,-0.00418230118883677
-0.0203233827408113,-0.0978264065753226,-0.00411755891154582
-0.0137666942604844,-0.0989819265014834,-0.00361335793546075
-0.00703483115730133,-0.0996957236567723,-0.00335765315464009
-0.000553484197057476,-0.0999205819943433,-0.00394600404130489
0.00483648579455001,-0.0998636583733579,-0.00196421528180514
0.0101061328528407,-0.0993316755376508,-0.00557533069625667
0.0162494564553795,-0.0986591478780396,-0.00152568190862791
0.022430799352678,-0.0973449405002621,-0.00456309108736125
0.028596891748922,-0.0958103161129079,-0.0016127953539584
0.0347117105352209,-0.0936057620581437,-0.00574964885390045
-0.0516623645616839,-0.0855535110680054,-0.00340541200681291
-0.0464684653586751,-0.0885350822143017,-0.00149028442442799
-0.0411854713508161,-0.0910770420408403,-0.00295454958640326
0.0408080418575527,-0.0912327902155587,-0.00335882545222851
0.0465975566200886,-0.0884743609970625,-0.000977324176008544
0.0522797753443474,-0.0850867901198403,-0.00520223381055352
-0.0627125455186268,-0.0776173968756672,-0.00653271288144793
-0.0572220540387685,-0.0819023846916323,-0.00419951331542537
0.0577234918662814,-0.0816212329766229,-0.00244393402454406
0.0629963672955857,-0.0774880367912415,-0.00520210172438187
-0.0716285479962826,-0.0695788316411053,-0.00530446032657226
-0.066958982119389,-0.0742313121692798,-0.00249138700730258
0.0691737986198645,-0.0720604700111237,-0.00471955987015154
0.0735240287023891,-0.0676515124001062,-0.00418211352967958
-0.0825715984834597,-0.0563295552389559,-0.00298535285119729
-0.0790342271524068,-0.0611562777027833,-0.00367432132969118
0.0765021388018752,-0.0638455337958166,-0.00843626532613206
0.0796349992308403,-0.0602999830201591,-0.00470945271852881
-0.0893876873567029,-0.044741169049294,-0.00284062327441105
-0.0860337612709395,-0.050898098084707,-0.00275236817234682
0.0829655468952419,-0.0557016962815064,-0.00374687336190815
0.0864986767647769,-0.0501040412004211,-0.00275026797025303
-0.0920529655324526,-0.0389724030776707,-0.00272090663981051
0.0913557099037639,-0.0406351101751148,-0.00170941217857789
-0.0961377535572652,-0.0273389303665636,-0.00318044457212649
-0.0940622409019028,-0.0336205607019568,-0.00468537471488703
0.0935581337491191,-0.0349698551660837,-0.00489743186411801
0.0955842316074713,-0.0293690496331012,-0.00105526906210118
-0.0975467390619898,-0.0213231145594991,-0.00547343427538839
0.0970506397183215,-0.0237504935344594,-0.00413368937808532
-0.0987931331484786,-0.015470326840009,-0.000765395637912655
0.0984257766944533,-0.0176269774880923,-0.0012869136213598
-0.0994604257096577,-0.00964903323628475,-0.00381049548544146
0.0991185776626581,-0.0117317561337393,-0.00615414172779445
0.0994507304046755,-0.010466508534744,6.64863761214446e-05
-0.0999242167143665,-0.00382696229995581,-0.000710825678072085
-0.0999275570256783,0.0032231418204671,-0.00202353737455652
-0.0993799242114349,0.00966768270800394,-0.00549241063942092
-0.0986399757407087,0.0162463906601873,-0.00249198262663543
0.0983652069940699,0.0177559844544903,-0.00300184422822303
0.0994744131802751,0.0102242041397159,-0.000553870185951128
-0.0972784099518526,0.022255759141084,-0.00644919712960124
0.0969696905767162,0.023792535794383,-0.00554926565000879
-0.0958713242435979,0.0282538109036336,-0.00322666350426987
0.0952678073972532,0.0303251233646859,-0.00210517619755372
-0.0937297310977652,0.0341611293265479,-0.00691048111494432
-0.0914366787667173,0.0403298515612643,-0.00358285480157234
0.0908634727434069,0.0417117859173845,-0.0019890292930528
0.0926771719160182,0.0370518607933038,-0.00617263466619931
-0.0886314705210515,0.0463053695839733,-0.00052457850279375
0.0873448029412442,0.0485432907651456,-0.00379925262953478
-0.085229788297002,0.0521321349735644,-0.00425719269359036
-0.0816309008711935,0.0577262105150902,-0.00202005990580263
0.0802210404482551,0.0596064309675981,-0.00341438950614199
0.0837406717866096,0.0545408268076428,-0.00357744317147464
-0.0775128619030914,0.0629888927829011,-0.00491483731168516
-0.0724334368182336,0.0687301899169393,-0.00543674774353577
0.0727560539570678,0.0684534967626592,-0.00454702018155429
0.0768019109981226,0.0635687447290411,-0.00777696338928018
-0.0683856076105675,0.0728678389384298,-0.00369955670819096
-0.0642264996901846,0.0762501938582682,-0.00780158142244213
0.0633462371254854,0.0772118020840991,-0.0050588397984562
0.0682926382290686,0.07303537893675,-0.00139606080748729
-0.0600835458202399,0.0798263115155186,-0.00421040519183723
-0.055198365277845,0.0833052985335895,-0.00365618744170983
0.0534414720981586,0.0843389546175751,-0.00556325381766882
0.0583224005692811,0.0812150836728442,-0.00161486154092869
-0.0487967426956445,0.0872113607584563,-0.00361337202493863
-0.0417774252674771,0.0908266024734802,-0.00227486740262508
-0.0349252644020853,0.0935848243125665,-0.00470176207181608
0.035257557388923,0.0933706216467354,-0.00623150552827285
0.041669176963335,0.0908403533731753,-0.00342197199372683
0.0484550009846375,0.0874280029968537,-0.00290812191553233
-0.0292552229399793,0.0956167762676195,-0.00125061126027312
-0.0234023642298359,0.0971253074587461,-0.00435935753000436
-0.0175984951369462,0.0984345752103573,-0.000963000841124773
-0.0117950255050376,0.0991763900235557,-0.00499209732113816
-0.0101155835289796,0.0994781886261258,0.00132851698209849
0.00307131047334216,0.0999137496838598,-0.00279457991654452
0.0162770726013902,0.0986178512083977,-0.00309456441284156
0.0223662968868136,0.0974629375626943,-0.00085121391093278
0.0291382205899621,0.095629283814354,-0.00245034262444008
-0.0374150455514272,-0.0927064094408817,0.00237402878599884
-0.0302426983316129,-0.0953050053413218,0.00152812154765339
-0.0233898673290974,-0.0972023512247408,0.00214872621396413
-0.0164394128254446,-0.0986067577758802,0.0025402805615184
-0.00930204170391062,-0.0995250585634651,0.00286962332572542
-0.00203454044822388,-0.0999376379297951,0.00288603012384565
0.00460889779749052,-0.0997800214936686,0.00476501537862047
0.0106773877684897,-0.0994035776975505,0.00221858760344984
0.0161695289861389,-0.0985066634012121,0.00591469335333723
0.0223205104189211,-0.0974498448960898,0.00230706425983161
0.0287194116552263,-0.0956502686331583,0.00512069387259841
0.0347882316044387,-0.0937492309261036,0.00092770736850237
-0.0557163811052188,-0.0830091428857525,0.00227312001942854
-0.050086736665416,-0.0864673272938658,0.00383668131912176
-0.0436212132996753,-0.0898694101644882,0.00454740217372471
0.0407337226045947,-0.0912658084847456,0.00336393278572072
0.0463991066719554,-0.0883982988950639,0.00573268301811318
0.0521549248073434,-0.0853104309868466,0.00141215591254383
-0.0615269591908753,-0.0788316547113948,5.92122134907284e-05
-0.060127910417185,-0.079629632901035,0.00661482823515647
0.0573777538314534,-0.0817873748976672,0.00431493590341567
0.0623751543264162,-0.0781372531580495,0.00197731952571891
-0.0709845374929789,-0.0704179659322871,0.00158288045034889
-0.065675260047702,-0.0753016206311703,0.00405291859724138
0.0669942063150463,-0.0742407151797633,0.00030418652148275
0.0719672608762939,-0.0693959476342431,0.00221716356780077
-0.0798092793546667,-0.0601731939534366,0.00310896388435092
-0.0755204687870746,-0.0655431980900269,-0.000864857608645202
0.0769098260842005,-0.0639126755600388,-0.000220347864118649
0.0809548972525072,-0.0586441519660744,0.00267732171284373
-0.0877703862311521,-0.0478070592680107,0.00329308147736929
-0.0839873339764736,-0.0541663485225978,0.00348344938461117
0.0849743217933007,-0.0526474725741167,0.00275830896451247
0.0888553868929935,-0.0458504154355346,0.00156831866465279
-0.0908321288304414,-0.041659540926647,0.00374259560625762
0.0910772449597347,-0.0408606676460404,0.00594485416147996
-0.0955327850371157,-0.0294561536350467,0.0024128810710884
-0.0934874573282976,-0.0353767816407246,0.00292893164216554
0.0934239678790637,-0.0355745506331439,0.0025325035322769
0.0951811715893092,-0.0301552145104364,0.00558637733421793
-0.0975141991306227,-0.0221158213044354,0.00136799705785652
0.0971410386769798,-0.0234576579532174,0.0036547077289911
-0.0983851543590857,-0.0168993417781675,0.00589691865843979
0.0985462136958755,-0.0161801928904147,0.00518122801152446
-0.0994737160415352,-0.00949577185701575,0.00384839345103514
0.0997721663776195,-0.00468503867970295,-0.00485440289772145
-0.0998763344048079,-0.00158077236393256,0.00471370174289282
-0.0997602365665964,0.00513105043720158,0.00464408477250781
-0.0994428464019904,0.010429327255113,0.00153278566663699
-0.0985450834204147,0.0162550544805052,0.00496384296887076
0.0984932713811735,0.0169069242796129,0.00363749973765955
0.0998335123727484,0.00431565999167484,0.00382686377446052
-0.0974796255930264,0.0222927866016942,0.0008684812669963
0.0971102283743335,0.0238360419438244,0.00120276799333409
-0.0957475605361656,0.0285868041509475,0.00389862524911613
0.0953216249069348,0.0298154920141729,0.00498239513762408
-0.0938928558996845,0.0344112072796966,2.06159273523179e-05
-0.091412501362347,0.0404190547794217,0.00317089979620829
0.0910474525143317,0.0410158881120797,0.0052970098040469
0.0933614497309728,0.0358050740158873,0.00127921037551323
-0.0884736717776193,0.0462181201714654,0.00602451402414429
0.0885166855439071,0.046486705504981,0.00194488922886074
-0.0853349337892397,0.0520936849954987,0.00204867241325111
-0.0816476110915029,0.0575588235307322,0.0045441651634124
0.0812528619995362,0.0582042490254354,0.00319965817641942
0.0851435793000061,0.0523813942504811,0.0026000848820716
-0.07785002039935,0.0627302094232027,0.00207247431579947
-0.0737090640727069,0.0675789409609876,0.000246194118913252
0.0727002643767758,0.0686173521275017,0.00251605777276325
0.0768428500074249,0.0639925476869368,-0.000360892970053932
-0.0692018283700449,0.0721339128282487,0.00279384523791373
-0.0640740076917158,0.0767756489747877,-0.000145821367325775
0.0635419412857152,0.0771945681931205,0.00184941613165167
0.0682173900582582,0.0729007913320186,0.00564467154060788
-0.0586145131312331,0.0809711504606549,0.00283048458664959
-0.0525752960165593,0.0850343271086641,0.00223639478542622
0.0528639206916773,0.0848635556774971,0.00189283040277166
0.0585489351906098,0.0809054389953212,0.00513148427348054
-0.0463441196218141,0.0885917627891507,0.00192928546494447
-0.0413238444393985,0.0908914154801918,0.00557588314213299
-0.0363333654288542,0.0931480163489643,0.00182581651451821
0.0361024692329923,0.0932539092749604,0.000565790174093332
0.0407966414776745,0.0911820445954235,0.0046334424383381
0.0458567369474899,0.0888427929078222,0.00202924221966519
-0.0309261269182698,0.094973568285938,0.00485757145976937
-0.0235958436334238,0.0971186498083516,0.00334724101923847
-0.0159251081302947,0.098578434694723,0.00535566451381337
-0.00276422707489577,0.0999182286078933,0.00295070165766471
0.00996373938228572,0.0995021533574226,0.000213014814827742
0.0169233966768657,0.098470383582031,0.00414514212902343
0.0246237826153908,0.0968182469263187,0.00446053716377073
0.031224447775884,0.0949109260655743,0.00411703496057459
-0.0377810191076003,-0.0921295162891648,0.00920580380629804
-0.032392674528422,-0.094324504482372,0.00732137214325484
-0.0264600012530327,-0.0960742642033282,0.0083429065501443
-0.0196723025360314,-0.0976700354672759,0.008576985741632
-0.0125913511042556,-0.0988029040623771,0.00891313790641619
-0.00547682397528023,-0.0994226958887488,0.00922669724466225
0.00156434273457392,-0.0994761727092546,0.0101016778591546
0.00962531066413031,-0.0990352575633476,0.00996850812069647
0.0167770111610612,-0.0977943241202305,0.0124419478115457
0.0228285091246934,-0.0969274441252579,0.00916131796390128
0.0292578474029426,-0.0948629146492237,0.0120418349499422
0.0348666630880706,-0.0934050850740654,0.00773342668009611
-0.054567106556091,-0.0833021150301934,0.00912077362502723
-0.0489574916960063,-0.0866012380266954,0.0101680666138941
-0.043404783613483,-0.0894143891471272,0.0110041707076744
0.0406003433140638,-0.0908123492093737,0.0102337360719765
0.0462160113638125,-0.0877938326438446,0.0125029294064072
0.0518558987493166,-0.0851218479286107,0.00807692821874345
-0.0641548336735974,-0.0759627984975671,0.0106682032664433
-0.0585215671029539,-0.0799597174935484,0.0134784925436598
0.057314972939994,-0.0812678098469088,0.0105136558536033
0.062620719310668,-0.0774785324092803,0.00870186929328737
-0.0730704265383238,-0.0673021179264418,0.0114515365405319
-0.0695896796814096,-0.0713869397971755,0.00782184830477301
0.0673007525572133,-0.0736529828495725,0.00677102815625487
0.0716244319913157,-0.0692112088896778,0.00893024671253719
-0.0782355351334,-0.0615607476756376,0.00945914308845193
-0.0750187336818918,-0.0658989318147765,0.00543326605354438
0.0762707133540289,-0.064410784929088,0.00583344404868101
0.0798694292347428,-0.0594669449358573,0.0091954735748481
-0.0861069328384057,-0.0500190422626981,0.00914830740221391
-0.0821049481183099,-0.0562743228563476,0.0095905203971885
0.083780680194457,-0.053918405312251,0.00857923046966539
0.0876227198043699,-0.0475938905949312,0.00755516731187622
-0.0893232300611711,-0.0438654262768091,0.00985824276488306
0.0897003678169613,-0.0424854750030638,0.0121995257395182
-0.0945155365095167,-0.031372315251662,0.00908796980689784
-0.0921548819547962,-0.0375708385085093,0.00979335614734618
0.0929499386740321,-0.0353875181936449,0.0103938663074615
0.0955008854070178,-0.0276093163603694,0.0108308141442853
-0.0966787929323114,-0.024469858735807,0.00737814417244849
0.0972383320945161,-0.0208361561532918,0.0105148165850715
-0.0972790625766506,-0.0197258351583301,0.0121521772426094
0.0983535201418106,-0.0137422951230335,0.0117360300504918
-0.0987050369036514,-0.0121411431918417,0.0104837175041604
0.0994177952828198,-0.00887898990341204,0.00610454895414704
-0.0993534479777011,-0.00510543343355096,0.0101403612051972
-0.0993928170519693,0.00253222249454735,0.0107077433598778
-0.0990036629834189,0.0102470734506511,0.00965775346143405
-0.0977935408552876,0.0172646270366868,0.011762483522108
0.0979781927222207,0.0168992371728915,0.0107093199492688
0.0991888205527068,0.0106777635836171,0.00689661092012547
-0.0970057881393492,0.0229306915210815,0.00800377753098114
0.0969109674939644,0.0233667212105426,0.00789054621729911
-0.0949896425778402,0.0292029896490591,0.0111424054610967
0.0947375513203997,0.0296750829795205,0.0120077400620982
-0.0935385062020274,0.0346524672220073,0.00705367789829656
-0.0909251907122967,0.0403858779392908,0.0100792141252355
0.0901230199566786,0.0416211168542358,0.0120633289395757
0.0930563689121047,0.0355208625231176,0.00887583958948402
-0.0878292105695894,0.046106598307953,0.0126574626907039
0.0877693761114285,0.047244528888204,0.00803063553929338
-0.0850879088609383,0.0518552077465101,0.00843120374292286
-0.0812400417882076,0.0573157756930936,0.0107218219566741
0.0803855614961063,0.0586341460271504,0.01000991636924
0.0841483477413061,0.0532706988447226,0.00901599790063718
-0.077408561826096,0.0626781747110264,0.00890847747537732
-0.0735723834634145,0.0673700142238006,0.00695597404027423
0.0724354147021053,0.0682979685653925,0.0094073474944392
0.0769721392915504,0.0635369715661191,0.00619217399905817
-0.0690447472105093,0.0717296340155368,0.0093638927011809
-0.0641817251167797,0.076441243034244,0.00611902963179735
0.0635760476541545,0.0766777099198618,0.0088665080118616
0.0678702242104557,0.0723119313970311,0.0128303251170005
-0.0592895928634342,0.079961781202534,0.00953193177187253
-0.0538741069054591,0.0838222625284578,0.00845037926969004
0.0535419160079898,0.0840159582200141,0.00863608663030285
0.0587883038247303,0.0799847100567,0.0120988218220568
-0.0478715832242156,0.0874430571862349,0.00787548540972799
-0.0426801185959848,0.0896131864917089,0.0121607681510005
-0.0360228598754815,0.0927829797020648,0.00967844221621161
0.035821242712772,0.0929256021642324,0.00903720268685172
0.0426465887730314,0.0897669948373255,0.0110975269225095
0.0479241664389511,0.0874618830920085,0.00732756956067109
-0.0280967653163176,0.0954649960570686,0.00984917804498809
-0.0211254619440081,0.0972425959618631,0.00987888605649717
-0.0139227812469312,0.0983212251500906,0.011793763059692
-0.0082744651838801,0.0993511032422525,0.00780330116086897
0.0102150058223755,0.0992587997878766,0.00658364033798507
0.0140776654531914,0.0983581200911953,0.0112915696906088
0.0209894896327434,0.0972386434451263,0.0102023303350278
0.0283435077054924,0.0953603898627349,0.0101509416275774
-0.0316233290056728,-0.0938425284990557,0.0139120417997006
-0.0276146057144056,-0.0941316234620344,0.0194080142170926
-0.0238749551098193,-0.0960408532091834,0.0143576123367769
-0.016444631987056,-0.0975267350618511,0.0147685485248127
-0.00947557333584797,-0.0983447909124604,0.015443950635589
-0.00239182879159862,-0.0987039492696912,0.0158685081932852
0.00503332015708354,-0.0985855797899545,0.015985904623082
0.0117660186396696,-0.0978283018575629,0.0170641191301713
0.0185274532834495,-0.09641964528801,0.0189732832206502
0.0237622649182422,-0.095808216839228,0.0160043853873097
0.0293432553618893,-0.0936141109101017,0.0193745090866436
0.0350463850514035,-0.0924708848006289,0.0148622461240138
-0.0524502766279215,-0.0836138615745464,0.0160527453541415
-0.0460023114929517,-0.0872227260538423,0.0166127480627112
-0.0386450054053832,-0.0908989204567235,0.0156188930119052
-0.0343904177341315,-0.0916673463513818,0.0203567379709942
0.0357911278838547,-0.0908342135818306,0.0216365618398454
0.0410669131450661,-0.0895475538628817,0.0171681170470612
0.046939454591808,-0.0861367761447754,0.0194201801851077
0.0516296382230161,-0.0843911842834486,0.0145776703322852
-0.063010306498927,-0.075680182668595,0.0173842234238959
-0.0577495838084348,-0.0791679460493326,0.0199354430180807
-0.0529070163965101,-0.0817479801424142,0.0227621475287418
0.0526026313972499,-0.0823210483221793,0.0213590302443438
0.0567792210427205,-0.0806317458877245,0.0165723146633556
0.0620624085275215,-0.0769342142564343,0.0151454324438221
-0.0715407860867216,-0.0674094192039642,0.0183816792230882
-0.0681061684531498,-0.0717758018011252,0.0144839253230879
0.0671002952552768,-0.0728288443465574,0.0139107802258848
0.0715296730852462,-0.0680832495509547,0.0157536345003335
-0.0798132221760372,-0.0580076803167367,0.0162775486074318
-0.076080729766553,-0.0630918402744555,0.0152033630320112
0.0754453693854225,-0.0644376865248093,0.012481217557412
0.0781617136303616,-0.0603038757590783,0.0159433086727818
-0.0841237217446827,-0.0519876253153169,0.0148487795566745
-0.0820071089140252,-0.0534130143837266,0.0205398145654146
0.0821635322748378,-0.0550324573203957,0.0148520236170347
0.0860364443961661,-0.0490903160118138,0.0137066082160626
-0.0903656810832825,-0.0396046993867083,0.0162945226704493
-0.0874335413731426,-0.0459184017484739,0.0157122953378288
0.0873835551505094,-0.0449050771592262,0.0186453300669551
-0.0928895810277729,-0.0333871614949145,0.0160257038314725
-0.0906652082567392,-0.0354290469942071,0.0229042057371179
0.0907883622516805,-0.0382663610237466,0.0171218834537541
0.0934680080807417,-0.0315366268602198,0.0164064814012963
-0.0953463815858205,-0.0267900400257861,0.0138333392256422
-0.0936162857847952,-0.0284546172546031,0.0206476583286895
0.0955602299445541,-0.0242029264507436,0.0168065702886331
-0.0974401705527618,-0.0150572095375051,0.0166941188266808
0.0970327601537277,-0.0170213048695996,0.0171731953514749
-0.098301079212304,-0.00810547538222623,0.016468123594959
0.0978967690592314,-0.0092184763536732,0.018200063216798
0.0989952469171175,-0.00706859413740951,0.0122464715799502
-0.0986368017558042,-0.00119768668344752,0.0164117910508651
0.0999407260100746,-0.00303903647060486,0.00161726392742644
0.098787987862263,-0.00157125393605569,0.0154422994827587
-0.0984762240796779,0.0061321293595747,0.0162736068396461
0.0996607079840376,-0.00150329832428197,0.00809217995567998
0.098204306058325,0.00462686914597066,0.018289514844187
-0.0977611033406515,0.0126207475107298,0.0168369654247327
0.099269476572341,0.00463444537840406,0.0111397010483
0.0983846151788101,0.0107813620959656,0.0142908966529718
-0.0963800886042073,0.0191222635532381,0.0185800311212244
0.0969488790914805,0.0167328211603954,0.0179144505857119
-0.0958684789320064,0.0240239148203377,0.0152343776811317
0.0962215154484242,0.0229679517301422,0.014625086556015
-0.0926101588247919,0.0348796684311058,0.0143794023701778
-0.093714315511678,0.0293835430408907,0.0188211175759369
-0.0909291430096081,0.0357466584193837,0.0213088564255153
0.0939627641684764,0.0288140098686419,0.0184594632952437
-0.0896372831837478,0.0409291382622727,0.0170283030477189
0.088382427679295,0.0429752110401677,0.0184845262878089
0.0918704994328928,0.0360902635399275,0.0160407048441183
-0.0843786383285348,0.0515799937825451,0.0148239547895605
-0.0861608724347638,0.0468543546189267,0.0195185428103999
-0.0822807577969671,0.0526064364259179,0.0215044121661086
0.0865626176924708,0.0480348335425475,0.0141268533719787
-0.0805894602832782,0.0567926221731772,0.0167313166784994
0.079153856520739,0.0587777572417846,0.0167284862190798
0.082769814161737,0.0538489338935443,0.01579399199196
-0.0768594068993574,0.0621151065100205,0.0153083347707329
-0.0727069033044209,0.06718703514698,0.0141282879547064
0.0718475023782815,0.0675265442354037,0.0166763972845457
0.0760355632141019,0.0636119117891378,0.0131193675349509
-0.0678700306667038,0.0716502029947539,0.0161216422386586
-0.0642181539567113,0.0755777538249029,0.0128074910610971
0.062953191820515,0.0760009549833391,0.0161477701943339
0.067183293654613,0.0713437459734152,0.0199116790751455
-0.0600259920918225,0.0782921117261247,0.0163470337937451
-0.054805953733054,0.0822813552983935,0.0150361566178053
0.0537085716294083,0.0829647342277181,0.0152394950021589
0.057491999735014,0.0794968130302677,0.0193630236129552
-0.0490776141595236,0.0859861626480636,0.0140629876986804
-0.0448322296468496,0.087343218245646,0.0190061414224651
-0.0386053153695688,0.0906505795308977,0.0170909934284168
0.0386135709965495,0.0908596393937556,0.0159222505365919
0.0445225063092141,0.0876025645185953,0.0185347543946495
0.0484629031472776,0.0863391131017259,0.0140322687555424
-0.0325746710219526,0.0933270313879869,0.0151312927348025
-0.0253355490095579,0.0954408296934563,0.0157847389832715
-0.0189243682031995,0.0967645783630345,0.016687859731436
-0.00676930308012501,0.0986895518171838,0.0146474877260851
-0.0119455013366526,0.0975723660490054,0.0183558813952848
-0.00107723706564703,0.099506666939077,0.009862190255763
-0.000508825490729632,0.0985857131937376,0.016751067174888
0.00378944791817926,0.09982821419592,0.00446852724083609
0.00540039764395857,0.098081256965954,0.0187323980001779
0.0059243899524837,0.0991099746984168,0.0119211794692741
0.0114226246881054,0.0978147153413927,0.0173725389192381
0.0183159053260516,0.0968452024906182,0.0168977621545105
0.0250246298917028,0.0954625649429825,0.0161451724984381
0.0321101763152409,0.0934814170909795,0.0151710658061767
-0.0236275152952134,-0.0939440243679275,0.024824600860621
-0.0252066146869801,-0.0918863712133517,0.0303565703065086
-0.0199433142511232,-0.0958739242445386,0.0202596857137976
-0.0133926140743826,-0.0967146811735362,0.0216080617475462
-0.00626122897121337,-0.0973920888704309,0.0218077517423702
0.00104176785513875,-0.097544751581449,0.0219985490360091
0.00812289956510799,-0.0970385276288322,0.0227495638886532
0.0152759514993647,-0.0958910692776048,0.0239070730134723
0.0234125546634732,-0.0942707999226123,0.023766963747419
0.0303897412455257,-0.0916745006532941,0.0259277757877384
-0.0478582652608608,-0.0848977454487197,0.0224044473822679
-0.0413083125896737,-0.088558912746722,0.0212354016682307
-0.037267257079126,-0.088937717255039,0.0264808232710864
-0.0304292041737639,-0.0917564304996706,0.0255894703982608
0.037109190119059,-0.0885089793141599,0.0280903647121189
0.0421227378689139,-0.0874974975465203,0.0238718009075623
0.0482560747601707,-0.0836155771971478,0.0260727155948248
-0.0616037617528505,-0.0749209027895155,0.0243276563404319
-0.0563324620852403,-0.0779936097553667,0.0272699569127814
-0.0502578738641961,-0.081393048165491,0.0291430579156099
0.0544892739238448,-0.0793662569369096,0.0270539514225572
0.0588172854475282,-0.0778690642131078,0.0218388592102106
0.0643067756780623,-0.0737027622518685,0.0207976305739473
-0.0667389769849648,-0.0713110719866254,0.0214625246015017
-0.065559801504673,-0.070072274867453,0.0281387405872228
-0.0602905340144239,-0.0734473999921299,0.0311533455935663
0.0690608420974641,-0.069182827024622,0.02107929158365
0.0709944150687616,-0.0652517595025501,0.026495299764573
-0.075336888997781,-0.0621736198948509,0.0214194805272313
-0.0740167833404591,-0.0610415566028389,0.0282036194940666
-0.0705878938306349,-0.0662766241262179,0.024995166252276
0.0743892719451882,-0.0636078406228118,0.0205007031896187
0.0791972084281019,-0.0572340175097483,0.0212619240922792
-0.0815024621946666,-0.0513306729534397,0.026879558553851
-0.0783752024175829,-0.0573025473168675,0.0239529897796633
0.0802803961185711,-0.0534807047949551,0.0263604289355282
0.0834895075114889,-0.051226350886823,0.0201336313342597
-0.0880712015508828,-0.0417981254824274,0.0222795907533619
-0.0851567577147197,-0.0478100527096405,0.0215064054843634
0.0844215622750665,-0.0473191870312402,0.0251772588205922
0.0880048170481578,-0.0410877659120771,0.0238106629074845
-0.0873491098557139,-0.0392818851196081,0.0287587640134972
0.0879251096760829,-0.0375251054904101,0.0293435094428048
0.0909688954832694,-0.0346739884224782,0.0228555153438633
-0.0956568270199067,-0.0223053103920788,0.01876817975473
-0.0917697187768562,-0.0296762523969038,0.0264128521605771
0.0933272716882394,-0.027965632233718,0.0225376080093652
0.0950488742576014,-0.0209292442436937,0.0229712480621497
-0.0957397466584894,-0.0177111275568127,0.0228082631893588
-0.0936487645943179,-0.0230664759230469,0.0264167859043232
0.0962148688800186,-0.0139579228584887,0.0234067382366878
-0.0967366708025174,-0.0111673071482758,0.0227444009070118
0.0966192402822661,-0.00727899683065356,0.0247333502484574
-0.0972832750832177,-0.00449928598890702,0.0227094873568729
0.0975499087806519,-0.00197361323780588,0.0219116440987617
-0.0974031947280496,0.00236081940096231,0.0225176417191787
0.0966689744013671,0.00376569962263999,0.0253165734886924
-0.096897411856945,0.009203152674823,0.0229389092334477
0.0970859010632192,0.010425954045723,0.0215783988409462
-0.0957847664574936,0.0160455495249433,0.0238289499465493
0.0954324955112162,0.016581068911513,0.0248537111022368
-0.0942481104503717,0.02382043253589,0.02344953456039
0.0949329785558894,0.0228176661892398,0.0216121190926944
-0.0917030909964305,0.0305411007187948,0.0256473052830706
-0.0885598415398124,0.0371197338653367,0.027915583894721
0.0916092673167866,0.0334287630711537,0.0221418142739583
0.0922963404944524,0.0282547929069159,0.026135267500938
0.089409345940364,0.0341524151123936,0.0289755310439804
-0.0875587514829358,0.0420512454537338,0.0237730476543688
0.0891105401917864,0.0389279136081633,0.0233222891340112
-0.0836140172986885,0.0482397391476785,0.0261079236901289
-0.079305533713131,0.0545460087144553,0.0271176189178454
0.0844487965491356,0.049525620627503,0.0203866049828566
0.0857161241359055,0.0448943342284051,0.0252437084974875
0.0820304454174857,0.0507959589342058,0.0262826288722646
-0.0777915226539947,0.0588776095512064,0.0219523596736123
0.0797484739904471,0.0558579793768524,0.0228049783684978
-0.073575241816434,0.0644006139249533,0.0209581658833135
-0.0690126109303849,0.0691554850782744,0.0213255343689869
0.0712186760769388,0.0661075722666423,0.0236154412943027
0.0755181736890086,0.0622603905704562,0.020509734470862
-0.0650019360412865,0.0711511161413987,0.026688330441552
-0.063328754876223,0.0745378325235121,0.0208225917861674
0.0619813061340445,0.0750352116130055,0.0229790057892964
0.0662097944129564,0.0700577119887166,0.0266116537629926
-0.0568565633683813,0.0793664504801782,0.021640188083959
-0.0509871755223367,0.0835188199860341,0.0206134577069538
-0.052998339247112,0.0803984040454877,0.0269679933185087
-0.0469534276896348,0.0844413318193232,0.0257883133922722
0.0509301218021109,0.083434949229291,0.021088668516735
0.0509451740083997,0.0815084881512217,0.0275854237843773
0.0454217287319912,0.0854926240238417,0.0250574897832051
0.0562369619411562,0.0786402998295263,0.0255559651317814
-0.0409781144151476,0.0879214384540188,0.0243025677274005
-0.0350919557153428,0.0908425695612651,0.0227196434647006
-0.0360566425353536,0.0885446864364757,0.0293216137524433
-0.0297087648188417,0.0931811208946398,0.0208486929912837
0.0343765530471271,0.0914326656346521,0.021408415498569
0.0330179128299942,0.0901691527842573,0.0279166853048137
0.0285212187795099,0.0933343330884416,0.0218000537899968
0.0395706841655351,0.0888218141575329,0.0233419426202808
-0.023856843010749,0.0944234819503737,0.0226948693950181
-0.0176105657854681,0.0956837281573714,0.0231190860226633
-0.0112949459143815,0.0962759684840983,0.0245634298930075
-0.00511436772059586,0.0973527953304772,0.0222772637906819
0.00141794438816866,0.0970389121474803,0.0241130454886371
0.00861197338749922,0.0965277558257328,0.0246622437862864
0.0149252674149634,0.0960769375940066,0.0233764508638495
0.0217491110165832,0.0949232836549773,0.0227276569903559
-0.0175825797374148,-0.0944700562150003,0.0276814264290124
-0.0135518145824244,-0.0932287690892142,0.03353721716764
-0.0102529257884407,-0.0955404949923446,0.0276928028353627
-0.00298181560767615,-0.0959817392309267,0.0279036648001168
0.00409270841950777,-0.0957928679205605,0.0284073264272022
0.0112507941399182,-0.0950016522335844,0.0291222544347175
0.0144811584498848,-0.092588597349967,0.0348948089304775
0.0188390051955094,-0.0937225495269841,0.0293457934434798
0.0256235549327028,-0.0917237024237587,0.030499112237659
-0.0438463742019645,-0.0856718595736556,0.0271629885690483
-0.0392152422305162,-0.0860057461486653,0.0326370404258415
-0.0325100237501993,-0.0892259701803669,0.0313340805054122
-0.0278103099974518,-0.0891311200892866,0.0358082405300412
-0.0203656450494358,-0.09175785480876,0.034142884807202
0.0213233923183436,-0.0909269943382664,0.0357434559208561
0.0278742997699701,-0.0885920953132942,0.0370737651080295
0.0323074327023294,-0.0889158310413063,0.0324068632036023
0.0388272328783518,-0.0855065356940956,0.0343668203530119
0.0435913973151023,-0.0847787794568099,0.0302051093905674
-0.0545146375236457,-0.0767819915905297,0.0336553125334076
-0.0489654317567568,-0.07921210427598,0.0364393884225264
-0.0451267490770358,-0.0829386378370826,0.0329356778140719
0.045294839900381,-0.0815191505948599,0.0360971683696226
0.0500378757729034,-0.0804192596443972,0.0320773076608906
0.0560070382090304,-0.0760902096884791,0.0327641826023166
0.0604508667927276,-0.074873143733539,0.0271975192281603
-0.0641952874412266,-0.0683598697458381,0.0347259741238598
-0.0587732643846292,-0.0716645391578336,0.0375485981101619
0.0616198482880109,-0.0715927792443129,0.0328248115956783
0.065732558759688,-0.0703389928128115,0.027049155431674
0.062839982051905,-0.0679190393947846,0.0379228261640026
-0.0727802201978331,-0.0591799987209853,0.0346520894140209
-0.0692556481252452,-0.0648344995144857,0.0316250355861875
0.0671792532526233,-0.0665659501945257,0.0324949566442478
0.0757302173200689,-0.0597496542331613,0.0263612026153464
0.0721189589023208,-0.0613244667664214,0.032220576386706
-0.0805132300620157,-0.0492448556881315,0.0330539555049166
-0.0773924018661813,-0.0554030249317355,0.0306744349944824
0.076549321766746,-0.0557827606262796,0.0320700008530727
0.0808831495049296,-0.0496700240307041,0.0314770525635059
-0.0846240604039789,-0.0453637268673358,0.0279446002778489
-0.083444340524387,-0.0431680437361585,0.0342572917108032
0.0808351060501493,-0.0459282320571494,0.036827749452068
0.0846735042764823,-0.0436058375250446,0.0304783301562925
-0.0890710934507199,-0.0335258418781762,0.0306978539541857
-0.0856671518294488,-0.0371652139507864,0.0357754939638249
0.0843326338700323,-0.039941295513668,0.0359541343443157
0.0873675305737689,-0.0339267925729183,0.0348695762411594
-0.0907818865364491,-0.0266158114152752,0.0324075247275398
0.0897905234288675,-0.0273556901326819,0.0344866368374972
0.0906306606882372,-0.0310392149009663,0.0286818842224872
-0.0945128183011098,-0.0157100813260364,0.0286447293939848
-0.0921492137271162,-0.0201160486638605,0.0332244939250831
0.0926876924117216,-0.0242227103424297,0.0286749364355116
0.0941033208814325,-0.0171367692710184,0.0291701240649924
-0.0953475234959241,-0.00872036955664543,0.0288583596005915
-0.0929296215804734,-0.0129492728202672,0.0345890411204977
0.0948268093964742,-0.0101534523471494,0.0300796214001853
-0.095744106659151,-0.00179543415671763,0.028806986257274
0.0954507328635003,-0.00239841831215421,0.0297221329177722
-0.0956077838297551,0.00504360067515245,0.0288741019801497
0.0946536900736032,0.00443294642146657,0.0319535278893038
-0.0948365532435914,0.0120025304759026,0.0293592818552753
0.0953449032182477,0.0102224224740705,0.0283699049821707
-0.0935981883436991,0.0193497686841257,0.029410297347966
-0.092432828571745,0.0148256848822842,0.0351620714479769
-0.0908215942718917,0.0215892074517114,0.0358516964267175
0.0934808948707654,0.0162255232138243,0.0315920035727423
-0.0916678705683349,0.0259202219895646,0.0304161732928371
-0.0885214455397905,0.0280540488589206,0.037106926876034
0.0931653223357787,0.0225849241235185,0.0284630271799915
0.0912363513046082,0.0219365419095589,0.0345646687772049
0.08989794951775,0.0284601897840427,0.033292285420619
-0.0889007534149934,0.0324309294875837,0.0323247715298486
0.0867193901088434,0.0352897515283826,0.0351337561006772
-0.0848104417470042,0.0435853061053239,0.0301249076550444
-0.0855165114736208,0.0388765162808567,0.0342861888542603
-0.0815224065717395,0.0453414379129482,0.0360312535654983
0.0863495104906474,0.040541983603708,0.0300018267021649
-0.0803999245241552,0.0500772918288034,0.0320642632714105
0.0783692028580931,0.0541725059791539,0.0303909137882739
0.0822319231314683,0.0472550466684573,0.0316997063621114
-0.0747639814667647,0.0605436425227982,0.0272912884401565
-0.076021014318043,0.0560835835487307,0.0327938567131354
-0.0714627157351015,0.0617232455730146,0.032913845339518
0.0753393135967091,0.0600431378236087,0.0268106215574039
0.0760098252146713,0.0539388024986443,0.0362368880268793
0.0732890152592603,0.0594360763069785,0.0331069943675873
-0.070166700946941,0.0658429378561588,0.0272275891753445
-0.0677520335340209,0.0630234485382582,0.0379171054582638
-0.0663285806012853,0.0673597627999599,0.0326064679306763
0.0700684532395727,0.0647587658162848,0.0299451851165635
0.0680286694004607,0.063597405247603,0.0364344642535821
0.0645441407247382,0.0687790615808222,0.0332188889965862
-0.0593606894514419,0.0759307127533865,0.0266614967253828
-0.0609652036418864,0.0723761563012583,0.0323254689711127
-0.0551820303118802,0.0768402932269,0.0324116162440536
0.0608660300397911,0.0736672185196171,0.0294697693365836
0.0588339785790311,0.0721857337307045,0.0364387542190281
0.0556756238903731,0.076577218700879,0.0321893535325373
-0.0486770984012541,0.0812260649086547,0.0321382400133432
-0.0424885433486769,0.0850502954506617,0.0310027567656308
-0.0441755486080255,0.0815443644070624,0.0374037102279252
-0.0377489133701609,0.0854351408627046,0.0357191299734588
0.045236811192954,0.0834489148674046,0.031462827566769
0.0506540698083218,0.0793190517492676,0.0338031542763622
-0.0313943500373142,0.0885508674242633,0.0342511118671396
-0.0293422876357179,0.0915206105752238,0.0276225993569272
-0.0252553018094749,0.0908329274785721,0.0333399012525937
-0.0218862547482975,0.0931821985851592,0.0289494338679001
0.0260183010053974,0.0924582810645825,0.0278300965773408
0.0285091860495203,0.089747741230802,0.0336536662860741
0.0218999862714325,0.0916474247182496,0.0334834308724095
0.0347153130756781,0.0871534473626135,0.0346283648416225
0.0394091808688257,0.0869815587543472,0.0296837480956987
-0.0156634816193888,0.0941586639703306,0.0298127714585355
-0.00808530412278262,0.0952026885700179,0.0295139957871586
-0.00194607631650952,0.0955001264469292,0.0295962605227311
0.00510630770394381,0.0951337973267926,0.0303889161863202
0.0123224518165879,0.0944064386339747,0.0305872771613245
0.0185099916250404,0.0938943118374595,0.0290041103459402
-0.00972756771707358,-0.0913227561988947,0.0395667616399935
-0.00655520221652606,-0.0939037535633359,0.0337507687382344
0.000302193457941133,-0.0939674196885601,0.0342057409914995
0.00726001821472735,-0.093540452976347,0.0346045631676696
-0.0349019407470066,-0.086083190873544,0.0370342919551863
-0.0297134037948534,-0.0859606398293712,0.0415678004470315
-0.0231163111132408,-0.0885957522637428,0.0402048360324504
-0.0163933993784748,-0.090348523584248,0.0396030395617066
-0.0126195163442866,-0.0882359023118494,0.045334019801862
-0.00320029502649619,-0.0915550639751749,0.0400927471175552
0.00348493822771711,-0.091432929770213,0.0403469275197074
0.0103289441570398,-0.0908633892958756,0.0404618017126484
0.0171663007964536,-0.0895678045791054,0.0410234871572087
0.0237855570314001,-0.0875368572347839,0.0420897363073123
0.0299957825916319,-0.0848717915037955,0.0435549312127043
0.034235863977256,-0.0855607635069463,0.0388234641015103
-0.0533742616282661,-0.0743879230571613,0.0402197103157111
-0.0475900120916452,-0.0770554487496197,0.0423986859144434
-0.0420965016951074,-0.0820446930274654,0.0386853058853172
-0.0364667932458601,-0.082990307903244,0.0422230006588329
0.0357771069873858,-0.0816743069241365,0.045269263342547
0.0404531832065604,-0.0820025572012893,0.0404860541530665
0.0467293636711646,-0.0779330843939871,0.0417468672809876
0.0515593799652463,-0.0767404741570017,0.0381120711042986
-0.0625777866788379,-0.0663137195123167,0.0410671550209992
-0.0571203852151156,-0.0692455695284694,0.0440716767701421
-0.0515136713959259,-0.0719503292348135,0.0465778035260956
0.0527955653575299,-0.0724931484779363,0.0442421936906822
0.0571620099257851,-0.0724306180753252,0.0385526936522309
0.0638554736591459,-0.063915911488045,0.042862976372012
-0.0678423147873985,-0.0628540666084558,0.038036648582671
-0.0660421916109816,-0.0606577401302982,0.0442613543613021
-0.0605843374838084,-0.0639349650538926,0.0473482660073964
0.0681550962430838,-0.0625190835933341,0.0380295548379432
0.0723972530079109,-0.0574490517956516,0.0381869638021821
-0.0760803008705069,-0.0532843251594773,0.0370481917492516
-0.0743533946650316,-0.0510273659265055,0.0432178276577231
-0.0712161457615002,-0.0570386535067158,0.0409249629148461
0.0725310234855761,-0.0535179037192431,0.0433022472182075
0.0768979955522111,-0.0518245154517345,0.0374288375145269
-0.081632122859563,-0.0409735557640294,0.0407107386981156
-0.0790395736734904,-0.0470785863437269,0.0391963327348333
0.0765777459787409,-0.0478662617483457,0.0429496194095448
0.0802918690097816,-0.0421104168683185,0.0421891995968583
-0.0875604457796511,-0.030716074318573,0.0372785610316031
-0.0837920923249396,-0.0345930782102817,0.0422161604522688
0.083563235473866,-0.0360863096566833,0.0414121230188986
0.0863643764073914,-0.0302467732149097,0.0403277472349636
-0.0890261610213624,-0.023999798687047,0.0387085561109575
-0.0854974251688736,-0.0280359055456953,0.0436368913872153
0.0884768670658443,-0.0235380666897869,0.0402219269987066
-0.0901867315194911,-0.0172605769669018,0.0396033576872261
0.0895195625457139,-0.0171079202094148,0.0411529705786791
0.091511306943224,-0.0204997258679106,0.0347194749566514
-0.0908398525481513,-0.0102383429989542,0.0405376062511007
-0.0877630935570698,-0.014430644734226,0.0457099103223319
0.0924352772981209,-0.0137676906895895,0.0355832854476777
0.0903617711396539,-0.0103446910409214,0.0415660641024712
-0.0935376611833425,-0.00599504952933452,0.0348534836160583
-0.0912221923712126,-0.00338169222855829,0.0408298393066199
0.0931553331110833,-0.00670978496152535,0.0357360140191867
0.0905536918792643,-0.00369505158796475,0.0422655353783919
-0.0937026312358341,0.000842072139825385,0.0349157244630453
-0.0911993013814769,0.00342435566920421,0.0408773924604074
0.0930346467379421,-0.000330644681779932,0.0366666766817301
0.092071435768094,0.0060627303792483,0.0385498899356642
-0.0933502184572162,0.00770664816762586,0.0350191988281152
-0.0907144569148922,0.0103009073322565,0.0408016986892368
0.0928753039318198,0.0110181620178481,0.0353946044462476
0.0896218867862339,0.0109964323457742,0.0429766900036008
-0.089476720883423,0.0171821887043019,0.0412151527011095
0.090661703225993,0.0165004426843548,0.0388354343455179
0.0875553892837271,0.0185464557277605,0.0446103439441155
-0.0874740343029581,0.0238461964416037,0.0421859246418529
0.0885737275801672,0.0238315882375867,0.0398340329849305
-0.0855121544568862,0.0343576495478762,0.0388229746045114
-0.0848179118756089,0.0300993424392886,0.0435884320561546
-0.0816116144198973,0.035902840384459,0.0452827830936564
0.0866501079052056,0.0302769847565401,0.039687063291986
-0.0819750711938402,0.0405406674065878,0.0404541961982026
0.0834576878108465,0.0419035694288934,0.0357617842594612
0.0833204267604521,0.0368664780639522,0.0412137025520591
0.0803269691431765,0.0428526396142721,0.041367007462968
-0.0767133903666234,0.0516148992355035,0.0380914414964703
-0.0779153867244266,0.0467799769809914,0.0417232101460382
-0.0724861432715495,0.052797399186704,0.0442514821541343
0.0790402229072976,0.0483574090698096,0.0376059057855728
-0.0723611554705466,0.0572409610517519,0.0385659896640306
0.0711283885280884,0.0580579432516199,0.0396235733981258
0.0741762326625292,0.0519810386007126,0.0423775663956188
-0.0637985592722901,0.0640448886543802,0.0427550707104297
-0.0621976416341092,0.0684566424271001,0.0380150165469543
0.0624364774752278,0.0672203379928071,0.0397883455429286
0.0658781982220691,0.061863925530552,0.0428125883034814
-0.0569408898031157,0.0728057029402017,0.0381715166905163
-0.0508565805995126,0.0774707656607787,0.0375751071417148
-0.0533957330237314,0.0726747406192353,0.043212009583988
-0.0478030799756691,0.0765685374437803,0.0430363174352258
0.0527852036101151,0.0752783293861768,0.0393305912065132
0.0565037523654355,0.0704471302234878,0.0429479663488012
-0.0423415938571905,0.0795654729395484,0.0433188751719625
-0.0373085385393002,0.0829410424449152,0.041579519359835
0.0406750359819701,0.083799926508157,0.0363746308039253
0.041794993562159,0.080121786130843,0.0428214653947262
0.0359171703328517,0.0837875815603069,0.0411047205640519
0.0464412239768463,0.0800234112010857,0.0379403001219681
-0.031362493559822,0.085955165543121,0.0403497647427781
-0.024964572562778,0.0885722806864653,0.039137210049794
-0.0186335512188267,0.0913324730725824,0.0362100832944573
-0.0187849787696815,0.0884635869333585,0.0426769066212476
-0.0121963518251858,0.0928863227800471,0.034976850113238
-0.011792048427207,0.0905204666824082,0.0408288219931988
-0.00580704114438954,0.0931588184265712,0.0358847157327463
-0.00353923813815259,0.0910036122270269,0.0413015297092611
0.00115792774412783,0.0933454613554491,0.0358508584206398
0.00432957884955102,0.0909503577126186,0.0413435264373593
0.00868305784139464,0.092805852760566,0.0362170981388652
0.0114316851822276,0.0899302610620701,0.0422121394882905
0.0158947842776437,0.0916604715640381,0.03668397178964
0.017965323985483,0.088233096173663,0.0434990560135446
0.0229181773090125,0.0891418002192897,0.0390959921612697
0.0295648955195218,0.0868744680738242,0.0397334084764302
-0.0250279704712343,-0.0848604665472746,0.0466079597546565
-0.0191941093397255,-0.0869900153300205,0.0454348258478567
-0.0157918997006106,-0.0847541900240922,0.0506689567431099
-0.00650129828275607,-0.0885559860404896,0.0459953308137372
-9.39390772162087e-05,-0.0886937403604103,0.046188868752831
0.00643140794408521,-0.0884301824510658,0.046246511478699
0.0130488997979506,-0.0876720390167972,0.046296217869355
0.0155058116582097,-0.0840826286407435,0.0518621380863414
0.0198185876135712,-0.0859950871189476,0.0470326330972743
0.0262770517329643,-0.0834849361223506,0.0483712930587812
-0.0422946330228203,-0.078762664905859,0.0448063236182721
-0.0369203216680545,-0.0796744213619273,0.0478422034265481
-0.0311453529650697,-0.0824279315628197,0.0472821645733027
-0.0273622487943084,-0.0805611508279677,0.0525472008732336
-0.0212978626615765,-0.0827300078776515,0.051982178129865
0.0222189074419953,-0.0819437802321522,0.0528349981933302
0.0279103591885151,-0.0787911144422427,0.0548905468641089
0.0319234905819765,-0.0803846879925837,0.0501915598943125
0.0375507184288632,-0.0769864091420377,0.0516046156152126
0.0415305754485414,-0.0781810261197662,0.0465074021909903
-0.0547603306399007,-0.0667117408722619,0.0505059384475634
-0.0459863660848807,-0.0740533514084575,0.0490036251655808
-0.0403469519656625,-0.0755760939209519,0.0515788473514175
0.043465704998838,-0.0733998581584742,0.0521842247233991
0.0473651824204899,-0.0744743343536635,0.047011839113995
0.0555896091268922,-0.0668546791668673,0.0493988585846745
0.0584884297958168,-0.0682593125012166,0.0438151781533919
-0.0638670417714466,-0.0582155452579451,0.0503184982480256
-0.0581176411582194,-0.0614454488028771,0.0533553802981038
0.0613243874272162,-0.0625683860869735,0.0482132406008518
0.0675858939611803,-0.0587481393184942,0.0445062137633179
0.063710196319502,-0.0574117197669858,0.0514286429874203
-0.0722293086099317,-0.0486123661664262,0.0491911052276684
-0.0692393678304988,-0.0547185476559786,0.0470296766377523
0.0683252678503418,-0.0539822368360521,0.0491688506998328
0.0720688240652192,-0.0491592500093372,0.0488820287515422
-0.0770686431761294,-0.0447569064312526,0.0453568469659692
-0.0747595389644481,-0.0421260969927764,0.0513459179127625
0.0710237062441014,-0.0453829936136601,0.0538146545283959
0.0759113802783733,-0.0436051949243015,0.0483326941143026
-0.081479931803036,-0.0318975041485572,0.0484104321726853
-0.0795327477305441,-0.0384549636282106,0.0468589138971206
0.0751613666699946,-0.0388945132291862,0.0532727491435415
0.0823117384075261,-0.0319617548851748,0.0469385123937405
0.0794553012652812,-0.0379489170638011,0.0473997341127295
-0.0830231655829976,-0.025216981983595,0.0497117470669864
-0.0787984168293526,-0.0289564639885853,0.0543353724406819
0.0849992016867395,-0.0264597810692535,0.0455523401845394
0.0817388547343517,-0.0259991442024288,0.0514082106979225
-0.0868281322424308,-0.0212729965138299,0.044814451571765
-0.0801643735986259,-0.0221545484950956,0.0555234111583226
0.0859912420599223,-0.0206136715463617,0.0466967111781513
0.0870206801741974,-0.014224923786573,0.047170464945272
-0.0882374870234701,-0.00755382373223213,0.0464444359592646
-0.0842034554594197,-0.0184203542113585,0.050699789357851
0.0875459235991196,-0.00768231195723433,0.0477147078488317
-0.0884394071543819,-0.000754836723885489,0.0466679920714334
0.0875018125740871,-0.000923989091226527,0.0484001967060162
-0.0882711708837337,0.00598078575501949,0.0466093401896307
0.0900542842099064,0.00306158620820738,0.043368797355696
-0.0876118566689226,0.0127283383314195,0.0464989459420533
0.0872597869650849,0.00646991178836478,0.0484135293115755
-0.0859961136138556,0.0196144708163995,0.0471162496032576
-0.0841023483048072,0.0151282480493116,0.0519416125973363
-0.0820373885097769,0.0219491894648962,0.0528024617770776
0.0862362144380616,0.0135269812735025,0.0487886881956421
-0.0834983810833604,0.0261974617194956,0.0483912528902199
-0.0788980213005693,0.0277582609425758,0.054814060104967
0.0852907666560257,0.025630700680318,0.0454813401994177
0.083796570577177,0.0208335169804856,0.0504390655286554
0.0814305356089474,0.0273653487750728,0.0511879434568116
-0.0803907752711608,0.0319589489533213,0.0501592347795355
0.0829500228350215,0.0322455327203964,0.0456017469847773
0.0793034157331275,0.0338300580555351,0.0506605904687294
-0.0781273020669351,0.0416043671558194,0.0465317236536356
-0.0769218629521708,0.0376090296066305,0.0516583767948997
-0.073347791498268,0.0434071275976831,0.0523060489351533
0.0789321920888417,0.0392889262817782,0.0471814510537304
-0.0744390112229065,0.0473792340824589,0.0470536054586294
0.0764509323469513,0.0462091106245737,0.0449441101608276
0.0741804411755611,0.0434730308356995,0.0510622927235618
0.0716897309551814,0.0498624350359775,0.0487269950643354
-0.0682270497954581,0.0585912896934042,0.043727913845075
-0.0669813448078038,0.0555185891615516,0.0493070553356412
-0.0626533049468138,0.0613648367446283,0.0480512246570632
0.0690914791557296,0.0559458171350215,0.0457868218379212
0.0665771167984824,0.0536822376156936,0.051823786867803
0.0636559053577713,0.0597041539922247,0.0488194603509486
-0.0586505745556059,0.0677446558595302,0.0443933745872565
-0.0575457604177493,0.0637487592116707,0.0512306661846698
-0.0539994802964773,0.0683807754464369,0.0490726571353247
0.0601370854528611,0.0652414935512806,0.0461202609473871
0.0576828765783823,0.0627375452438492,0.0523133459993015
0.0542421279951155,0.0678939817162919,0.049479276430043
-0.0491714506204474,0.0720678573007529,0.048871181588761
-0.043486223741907,0.0756132761111454,0.0489037914668371
-0.0454814606416642,0.0708419667490024,0.0539708484757396
-0.0387547444479372,0.075085703313251,0.0534809025795029
0.0473093383795425,0.0765746842072423,0.0435676972092487
0.0506560383770839,0.0725894878574701,0.0465266808280847
0.0435496149478658,0.0753402238465169,0.049267450787732
-0.0318214962306739,0.0825759168642022,0.0465683404306058
-0.0373448946899527,0.079349856349106,0.0480516299192752
-0.0255321022309995,0.0855960955077493,0.0449602067333053
-0.0267863505989107,0.0817498926578924,0.0509847670514148
-0.0204262067808895,0.0846653199869234,0.0491381081063833
0.0246530731481354,0.0858395771554096,0.0449865866555054
0.0263005631643945,0.0819137505944773,0.0509746784304347
0.0202848230484601,0.0842179208859572,0.0499586604584506
0.0311288864622016,0.0833755605573562,0.045601626399115
0.0325768597140735,0.0797330028475245,0.0508074450024503
0.0378189111528284,0.0796414823684683,0.0471907220174654
-0.013988613866514,0.0870146821559551,0.0472521298014972
-0.0076142662263443,0.0885504173370949,0.0458349925096649
-0.00336582022358039,0.0864721247219177,0.0501123028991218
0.000609503332283581,0.0886835283827537,0.0462045484816379
0.00721293907829292,0.0876852597639099,0.0475317654837589
0.0137090648691046,0.0863301867754675,0.0485711889105038
-0.0100516769096474,-0.0849442970563241,0.0518018357723711
-0.0037789794678484,-0.0853664492640449,0.0519450542059373
0.00259049172098115,-0.0853511387317408,0.0520429867418967
0.00903924693947155,-0.0849711779579263,0.0519441135236391
-0.0335171873662897,-0.077900807699413,0.0529911531428379
-0.0293907163529171,-0.0761241338439708,0.0578039967320381
-0.0224981935949243,-0.0786902751329604,0.0574601765038075
-0.015494107353125,-0.0810253214762675,0.0565228265199588
-0.00805987761425574,-0.081568888343754,0.057284856881621
-0.00132723751699918,-0.0817489616110404,0.0575790388674818
0.00533232335858441,-0.081614476984524,0.0575381914431787
0.0115866386650829,-0.0810279248713619,0.0574475865171989
0.0176566629806606,-0.0801598622449725,0.0571195127667093
0.0231506871108817,-0.077361649612505,0.0589849205895628
0.0286913141274033,-0.0737965352605564,0.0610809289172214
0.0334343713942536,-0.0754305148024844,0.0565011526081485
-0.0490891930566662,-0.0690539654623366,0.0531206266858566
-0.0432447957691563,-0.0710198427079049,0.0555524039184582
-0.0394889060844356,-0.0686479447522706,0.0610580541430379
-0.036587900197671,-0.0735204028026924,0.0570620358229102
-0.02538398533754,-0.073966324474724,0.0623268492104496
0.0347844467292061,-0.0703616392987765,0.0619619397762003
0.0394128422510576,-0.0719147723218418,0.0572266842248878
0.0459342853989004,-0.0684507511732341,0.0566086220393024
0.0500232065811013,-0.0699600934099819,0.0510221925580125
-0.0554366453235246,-0.058768744760972,0.0589322746415861
-0.0528280945361046,-0.0561667840740888,0.0636748364303662
-0.051863426903412,-0.0637777959728918,0.05694363608156
-0.0459841561799262,-0.0659731150348442,0.0594390904423303
0.0521421621093822,-0.0648522153134001,0.0554561547691975
0.0578442755994436,-0.0612198301000481,0.0539089248884565
0.0543229382296824,-0.0592230886337327,0.0595117144311802
-0.0698516488744552,-0.045934885335554,0.0548701508737617
-0.0669070264048167,-0.052142528704704,0.0529585358327347
-0.0613767705882055,-0.0555647237714067,0.0560843427684875
0.0606209314789905,-0.055340485543891,0.057118590031226
0.0663232536011534,-0.0508568442603278,0.0549072620277808
0.0619828088549644,-0.0495086124845201,0.0608853734206333
-0.0671223492853278,-0.043187595192113,0.0602446831490657
-0.0643008192695778,-0.0492481080148825,0.0586517561324774
0.0665884909815436,-0.0450528239197818,0.0594660905390829
0.0709111064929782,-0.0400989249597551,0.0579973378168672
-0.0770602794526492,-0.0357628449030256,0.0527516090245823
-0.0720173850645031,-0.0392422698019264,0.0572148626625863
-0.0645250124040594,-0.0404675242540089,0.0647989371391165
0.0733314642753879,-0.0339976654991598,0.0588783074434766
0.078380335431734,-0.0331075032209541,0.0525396635532004
-0.0743451703670445,-0.0328457644577842,0.0582576295375954
-0.0717769886577613,-0.0293969909830359,0.0631179912533802
0.077372003103295,-0.0287644975749358,0.0564462294044822
0.0788611423558596,-0.0226507655301019,0.0571652258605803
-0.0810793333590814,-0.0155313484164582,0.056435085881881
-0.075845947791278,-0.0255420455845051,0.0599582864214917
0.0798491987423212,-0.0162314773239694,0.057971066969342
0.0830777232276664,-0.0190368183346575,0.0523038378423653
-0.084837903706317,-0.0115777816821252,0.0516573815292793
-0.0815229219992809,-0.00839085998805525,0.0573027630929207
0.0839506101334412,-0.0122163247101176,0.0529438992607868
0.0805099071495264,-0.00965338749020277,0.0585232172926722
-0.0851737305346968,-0.0047444047559088,0.0521816658352514
-0.0815888591315381,-0.00169920818741875,0.0577959406730773
0.0843223039263867,-0.00536215631376011,0.0534882822640372
0.0808158614139252,-0.00291996861114225,0.058824062468222
-0.0851845918667152,0.0019292445676955,0.0523437037752379
-0.0814902283767008,0.00497634213518547,0.0577458110965433
0.0843482526234451,0.00174885023892512,0.0536871847209768
0.0806830346554036,0.00380410234118323,0.0589557183374127
-0.084892997385809,0.00854968634853131,0.052154404015994
-0.0809995913236181,0.011270752501849,0.0575502940432795
0.0838076632450661,0.00875625199131606,0.0538479677644863
0.0800416241421767,0.0105318646035128,0.0590120176972092
-0.0802182667707856,0.0173780396813244,0.0571229674755174
0.0825544060881777,0.0158848451500065,0.0541520242499861
0.0789466440351883,0.0173076557949502,0.0588886444671891
-0.0775141136649075,0.0228874700426719,0.0588874001687857
0.079285265102884,0.0233585802644385,0.0562869742100875
-0.0755217648604193,0.0333691720805081,0.0564177400066443
-0.0739909066182867,0.0284456406567835,0.060960571404214
-0.0705764071121495,0.0344858354493262,0.0618845530961812
0.0769021111546779,0.0305532893181357,0.0561476786104324
0.0744249974007455,0.0272603924980173,0.0609736891058621
0.0720477096336772,0.0346659968519386,0.0600616033651859
-0.071798046971684,0.0393288898554369,0.0574306440198418
0.0752185404549902,0.0375269042551074,0.0541655114305682
0.0705857302671443,0.0414295868821511,0.0574564532002004
-0.0699730746766312,0.0498592038938048,0.0511647203311073
-0.0683936785808143,0.0456653189670966,0.056894493347628
-0.0649728927754927,0.0520572808291629,0.0553946090931653
0.0690084336127583,0.0474237451012008,0.054670142584015
0.0649295878756963,0.04611538529647,0.0604774326444618
0.0634960369802868,0.051500720942656,0.0575841039887262
-0.0614030482669394,0.0578341911614912,0.0537110044274915
-0.0593753526128281,0.0543706038312095,0.0593161440144189
-0.0555409357564101,0.060638177222053,0.0569053241735857
0.0610543212775641,0.0574021454941431,0.0545652228553134
0.0580111667733895,0.0549806216005008,0.0600985505392273
0.0548563793759096,0.0599501661399044,0.0582816885430247
-0.0510168807810454,0.0662893657570273,0.0547996155255044
-0.0496650219184502,0.0620367205179023,0.0607028080465654
-0.045148413464463,0.0665412798252042,0.0594464367282043
0.0477489397012405,0.0704287179571007,0.0525341264424942
0.0515238596643229,0.0653214177125141,0.0554833693305696
0.0457210447543722,0.0665793698002045,0.0589641720204722
-0.0400939647116486,0.0709064861892254,0.0580064152443629
-0.0326150926127779,0.0782343633669125,0.0530626056790209
-0.0338457540695832,0.073433438478059,0.0588387206255928
-0.0273849360182406,0.077427002686582,0.0570536986817376
0.0301626300850123,0.0772562854357476,0.055872015408174
0.035097541696593,0.0727959851961528,0.0588974287046315
0.0282008686584671,0.0741886685259475,0.0608338102529932
0.0375334488465753,0.0758395333127417,0.0532879480112001
0.0418816417558353,0.0715510819104937,0.0559139585315793
-0.0217811365540149,0.0803816339365837,0.0553567973786568
-0.0153840062433234,0.0831323914847487,0.0534072826326864
-0.0163960383583793,0.0792327847418161,0.0587650895340762
-0.00933059489260207,0.0846726037054589,0.0523783369335817
-0.00982686644233756,0.0805845196616777,0.0583915052745599
-0.00308069641005999,0.0830268025442377,0.0556512297072832
-0.00306497911541151,0.079591460722719,0.0604632556296573
0.00298409281713134,0.0849625166463896,0.0526542112006411
0.00374530933139464,0.0808732814033062,0.058698253935484
0.00929120432991952,0.0838230008959624,0.0537343283278354
0.0105879189137786,0.0799522784278928,0.059123000157274
0.0161607087615223,0.0823696941561546,0.0543513107166649
0.0172996313830968,0.0786432413707191,0.0592955592146793
0.0232951208114344,0.0793350539330989,0.0562431023630543
-0.0184233670591503,-0.076285246236936,0.0619769372600964
-0.0118273493086707,-0.0779904000749679,0.0614622754524923
-0.0042580037097686,-0.0777749256361274,0.0627130795465959
0.00287452416727598,-0.077925310041575,0.0626049771626466
0.00985436483875226,-0.077302662587596,0.0626672949068593
0.0163742436327943,-0.0764944507463051,0.0622935241475445
0.0224337567815422,-0.0733104730030761,0.0642051485912173
-0.0326128636618811,-0.0714439357541151,0.0619044842223787
-0.0286938214134412,-0.0689849486733684,0.0664660926256229
-0.0217038780477666,-0.0711770895831186,0.0668039190090547
-0.0153391816645109,-0.0727906364266298,0.0668298792055549
-0.00975340968405826,-0.0744128322660341,0.0660878308932258
-0.00476289615524072,-0.0728233511815714,0.0683672022510137
0.0010022870429341,-0.0739016422160402,0.0673612848608372
0.00780564018135837,-0.0735942359347844,0.0672529584342958
0.0151513356962145,-0.0725017479634626,0.0671858137585845
0.0224122208390078,-0.0694308716926342,0.0683889348731232
0.0365738168694508,-0.0653997763788221,0.0662210326757071
0.0292548181519281,-0.0689596172815649,0.066247466367607
0.0415576625635534,-0.0667958494986249,0.0617355260042885
-0.048375934483288,-0.0605324109762699,0.063210728387911
-0.042016481660619,-0.0633887396333605,0.0649344512253583
-0.0372622486407118,-0.0608714138174583,0.0700442417712072
-0.0353909162373184,-0.0662370679087955,0.0660313098595225
0.0318321440346501,-0.0635337613987582,0.0703574855228838
0.0390667763260874,-0.0599861077742478,0.06982445030636
0.048140841500855,-0.0631295102827756,0.0608039826880123
0.0436757473021064,-0.0614412625381883,0.0657069277515894
-0.0587755205747083,-0.052573110560471,0.0614939527723873
-0.0547424184222897,-0.0506129637988473,0.0666452963113308
-0.0487607483143756,-0.0542297016143748,0.0684216989492318
-0.0435287432149671,-0.0580168150397351,0.0688425572316295
0.04989863390203,-0.0575098097557771,0.0648286056979665
0.0565030659609671,-0.0536852391487668,0.062652203746786
0.0524631365190644,-0.0518883559262392,0.0674923538325056
-0.0609319126623424,-0.046434762608615,0.0642737492277782
-0.055811022179328,-0.0455047353947408,0.0693862296129182
0.058045436922279,-0.0473165804368767,0.0662711737207881
0.067672913284265,-0.0380970634424396,0.0629999251134074
0.062924918984578,-0.0427774982753356,0.0648886755324423
-0.0690354517662236,-0.0358471496636369,0.0628417716227287
-0.0638702068026488,-0.0348962904070065,0.0685772965211715
-0.059825048880781,-0.0405522053675792,0.0691120985547058
0.0692244098743261,-0.0318926968953814,0.064736674021964
0.0636708089551212,-0.0358853440597771,0.068251521357771
-0.0714976794781935,-0.0230862988716371,0.0659932165754145
-0.0675544015336054,-0.0297270274066845,0.0674737480474077
0.0649185977596037,-0.0295104163317585,0.0701049997789802
0.0738583291254181,-0.0273009706990966,0.0616409297392647
0.0700732544736232,-0.0251505804502376,0.0667621697473759
-0.0766055254757678,-0.0191416006719015,0.0613611651605368
-0.0729157974103732,-0.0165531540357439,0.0664024064334096
0.0751986659356877,-0.0207945723564836,0.0625519496308209
0.0713684671000432,-0.0183379013261515,0.0676037223680589
-0.0778660707340787,-0.0122636194077593,0.0615343698082977
-0.0741622635293693,-0.0106840037740576,0.066225453809459
0.0761328670534256,-0.0140808928342726,0.0632891381838953
0.0721098394825264,-0.0115079653930757,0.0683208444240493
-0.0776414162405766,-0.0048184461661287,0.0628378314584835
-0.0729123295840955,-0.0053360827749955,0.0682298938545366
0.0766918056735763,-0.0073291219200074,0.063754614834892
0.0725300606766299,-0.00468951301217279,0.0686833223295889
-0.0777797043239118,0.00240586213361388,0.062805488794371
-0.0737752836900736,0.000625540708246484,0.0675041940569118
0.0768672111972179,-0.000552763236823727,0.0639619128441153
0.072613392103811,0.00216073525192152,0.0687213686803705
-0.0772484273833259,0.00944501532108103,0.0627970712086226
-0.0735006137344247,0.00748888681499934,0.0673912186742312
0.0766171541945206,0.00629974614936465,0.0639540841707645
0.0723441429213066,0.00913093460939094,0.0684320905726358
-0.0765543821807741,0.0160282704726868,0.0623098797503262
-0.0725281014891395,0.0147954598020602,0.0672366630927902
0.0758704397273031,0.0133531735107736,0.0637602472895026
0.0717403826083198,0.0163892235826241,0.0677104929409197
-0.0735329087654558,0.0220841928845394,0.064071832771138
-0.0696604855590697,0.021903331155715,0.0683202812954563
0.0752218714447681,0.0207651226540288,0.0625338287255674
0.0708289804646197,0.0232005274266188,0.0666707661144373
-0.06582273855539,0.0357828659514768,0.0662340818221281
-0.069231117449671,0.028707564338716,0.0662036866613637
-0.0637219862179042,0.0313484956918471,0.0704044053350142
0.0672392211853553,0.0351171851325944,0.0651588094103305
0.0697252352764281,0.0295627934701671,0.0653026248397782
0.0636958899437542,0.0322657489393802,0.0700125349520525
-0.0665569488309478,0.0412119159050535,0.0622233922997173
-0.0607289258905987,0.0390264101042504,0.0692021450183031
0.0665880957706345,0.0404549724911147,0.0626850915634362
0.0618782168166904,0.0388849374276703,0.0682572188346915
-0.0632111094239153,0.048128218305839,0.0607291548488765
-0.0612984745310692,0.0440384782952259,0.0655980902833096
-0.0575038247124882,0.0501485454382206,0.0646408039387489
0.0588746823404547,0.0499540831434124,0.0635481027112694
0.0605839694569942,0.0445644858917282,0.0659059120430601
0.0540324718361859,0.0488521375835413,0.0685124852950783
-0.0537923592186975,0.0566317535810156,0.0624437873363583
-0.0519819876854975,0.0525553046468736,0.0673484440058552
-0.0474631329546126,0.0581477912257121,0.0660763602620962
0.0495544517654534,0.0612124423498964,0.0616229925549098
0.0529761653802832,0.0549821416474989,0.0645793310641618
0.0471099702990121,0.057538498128843,0.0668578486862275
-0.0381767663156079,0.067738315188761,0.0628812783650437
-0.0428900463640481,0.0629772401792112,0.0647635016263568
-0.0321310171375484,0.0690235909169915,0.0648331831304325
-0.0360778509916122,0.0636442487000578,0.0681747627511163
-0.0295572408708976,0.065024248808611,0.0699872601096931
0.0328489105486311,0.0690999380254244,0.0643905865700652
0.0373153735057276,0.0636293406718397,0.0675194039316793
0.0305314920413872,0.065127272305117,0.0694713350691519
0.039376774037531,0.0679775765887868,0.0618750252375149
0.0432364180378009,0.0627134635428877,0.0647891475908061
-0.0278807223134195,0.0734122447746537,0.0619137112549834
-0.0250892520290789,0.0701930168836797,0.0666593565333562
-0.0215242822573932,0.075618625584628,0.0617942451814055
-0.0184568284813591,0.0717713254574509,0.0671432969456143
-0.0140860242191766,0.0759570188621607,0.0634989386508226
-0.0112394626332911,0.0720241680324615,0.0684557791698575
-0.00742037925841198,0.0763850399707841,0.0641113378505097
-0.00392043307013888,0.0725838146174139,0.0686747410586772
0.000432645821686599,0.0764745717638327,0.0644317677269683
0.00355232376195911,0.0724022546648883,0.0688860981303815
0.00715796406942156,0.0764947963490805,0.0640102310679186
0.0108864779951664,0.0718974438325127,0.0686457731210311
0.0141738254464428,0.0754761246978654,0.0640504275591648
0.0187504902945023,0.0715749180652812,0.0672714666001847
0.0218576361805419,0.0750976617702921,0.0623103918939271
0.0260565051695534,0.07039627624409,0.0660713465173144
-0.0242963408753375,-0.066290596877826,0.070818391581031
-0.0170377505074414,-0.0679574746250727,0.0713547244465011
-0.0104559649784531,-0.069108682241772,0.0715168709785092
-0.00301230749812239,-0.0687465050313932,0.0725592450923855
0.00365402316271563,-0.06940319317587,0.0719016334375072
0.0105183856218848,-0.0691019743771333,0.0715141993010734
0.0177241063016446,-0.0674401107887419,0.0716776639744426
0.0257268335436866,-0.0648702140969716,0.0716239161129389
-0.0383641493876362,-0.0553077533000804,0.0739543404177988
-0.0307829775330993,-0.063613662713881,0.0707510438846567
-0.0259052520795617,-0.0606149864558719,0.0751980141531419
-0.0200403914763366,-0.0631861262408375,0.0748725327416268
-0.0136874944870331,-0.063390828853863,0.0761200059907482
-0.007429737507804,-0.0646696989548267,0.0759119821727035
0.000177850138724436,-0.064388857864116,0.0765117203669369
0.00647280070774789,-0.0644721880802321,0.0761671833268668
0.0132343868659665,-0.0644024389184281,0.0753470428496141
0.0210725737768661,-0.0625537293558585,0.0751197549050411
0.0338614460075118,-0.0585374963967578,0.0736665730786572
0.0276335796127775,-0.0590242189778908,0.0758454141820219
0.0395330159833842,-0.0543357214297815,0.0740592332161191
-0.0499638234134651,-0.0480552788605998,0.0720715375391147
-0.0440926670010947,-0.0519841471546997,0.0731675143913364
-0.0384237360714288,-0.0495838180796825,0.0778785046802944
-0.0324775691045446,-0.0526346807781698,0.078579882193259
-0.0321640513471836,-0.0580691440525698,0.0747893596017998
0.0330250257216284,-0.0535653103624918,0.0777181137398187
0.0378474788013742,-0.0487291111336786,0.0786958834735119
0.0452653069999855,-0.0554348949473372,0.0698428550714868
0.0487300704081701,-0.0498447738873677,0.0716999215794433
-0.0540766845395935,-0.0408757849645542,0.073517905261233
-0.0490248112416776,-0.042585493491863,0.0760463255386374
-0.0440623923165334,-0.0462935613004429,0.076911714093853
0.0437016936734296,-0.0493740393528236,0.0751822200248982
0.048838308894545,-0.0438752780154394,0.0754306274910489
0.053989972558906,-0.0451250513760408,0.0710549970047805
0.0588647045235245,-0.0403409760124068,0.0700539236369282
-0.057977763783153,-0.0354315178126189,0.0733702013979976
-0.0509675766272605,-0.0294498343855396,0.0808394296657523
-0.0514551474217862,-0.0358421580092964,0.0778954909710011
0.053990018276316,-0.0386573419053868,0.0747709023784998
0.0524050823491224,-0.0331236341961155,0.078463572441921
0.0590144073285157,-0.0334574201252065,0.0734704074236339
-0.0661594979110877,-0.0243098990551977,0.0709362364667808
-0.0620857554454613,-0.0296520514159034,0.0725680013347749
-0.0561838655652459,-0.0303574965074252,0.0769532043235317
0.0560167926960059,-0.0285307590267564,0.0777696259753687
0.0662481678350145,-0.0223332742757893,0.0715010847377751
0.0611672613414107,-0.0261500012606971,0.0746642054458563
-0.0683034745516455,-0.01768327018583,0.070865628628743
-0.0632127680327417,-0.0198205533938779,0.0749085550562985
-0.0597684860563329,-0.0246284389238895,0.0762965796861168
0.0671924317921986,-0.0154964645756946,0.0724226255642435
0.0618780948097204,-0.0192090407472461,0.0761716097735118
-0.0691884426753529,-0.0110693289816901,0.0713472449120933
-0.0636262040185265,-0.0137477104189974,0.0759124931756468
0.0677639137638137,-0.00857204843410603,0.073038154253776
0.0627425597049855,-0.0123423514859349,0.0768832723079504
-0.0688220534344679,-0.00337687724310865,0.0724715231030703
-0.0648646088071914,-0.00757090973168676,0.0757315248107185
0.0680676918503031,-0.00169118001886136,0.0732388505843553
0.0631178565734623,-0.00527225265382852,0.0773843623247795
-0.0693254317252392,0.00354973918876388,0.0719818301193827
-0.0645504839827552,0.000334291343201525,0.0763748863622979
0.0681207538577871,0.00521160707001668,0.0730232979732965
0.0633260646526699,0.00160782686662027,0.0773771570282922
-0.0689509289499489,0.0104419992355678,0.071671012614147
-0.0643145432243657,0.00670724097956795,0.0762800920822232
0.0679549424283367,0.0122530741106781,0.0723324821703007
0.0634334631544411,0.00845233569001228,0.0768423956727494
-0.0673484639441649,0.0174969030279668,0.0718195153822559
-0.0640607385657213,0.0133581371187495,0.0756160164681136
0.0670505179993371,0.0194351220502976,0.0715996094042869
0.0632927011264143,0.0154162142747765,0.075870773825193
-0.0650474624516667,0.0253003520596272,0.0716150809179833
-0.0623220513085949,0.0209773880150536,0.0753386428895031
0.0658820111537335,0.0262521185049843,0.0705009707871459
0.0619566580221567,0.022680315867074,0.0751463625144094
-0.0589181884202157,0.0340032101873023,0.0732968537555595
-0.0590897880120054,0.0275696098608414,0.07581763360333
-0.0539569305099658,0.0329357773535126,0.0774847353951669
0.0582192270844051,0.0358849766900944,0.0729574536761343
0.0599904499829366,0.0286890957528098,0.074686556329019
0.0550282032994694,0.0316602537487485,0.0772627023510943
-0.0549274333669926,0.0395084533934912,0.0736346329905012
-0.0556517160701452,0.0452872186328709,0.0696559712226642
-0.0493017645437576,0.0377951136660944,0.0783636739520769
-0.0498051064489576,0.0436234674238058,0.0749429413687089
0.0559758405195503,0.04293571732246,0.0708747448422439
0.0528346399221823,0.0393261587015913,0.0752459571318254
-0.0500953507925736,0.0487451439470571,0.0715148010609854
-0.0453320378143931,0.0540588633882317,0.0708706260368826
-0.0442437962689051,0.0488786512193645,0.07518885520906
-0.0389289950982178,0.0541006977800615,0.0745496333975155
0.0482477486553702,0.0522590439084192,0.070293293251047
0.0493754493031448,0.0458077776943069,0.0739169297884368
0.0434657867260947,0.0508294442147031,0.0743444213362803
-0.0405535791997397,0.0589097175255732,0.0698931498383068
-0.0336453813384854,0.0591688025719704,0.0732600922686058
-0.0334306628513125,0.0526454555926255,0.0781719053737695
-0.028773958601948,0.0563294027252462,0.0774535841269322
0.0345297863010268,0.0597902107687268,0.0723382648087163
0.0302283154869495,0.0562104370505131,0.0769846459388991
0.027385905982447,0.0610495347334202,0.0743166634117489
0.041586815764637,0.0575160419001069,0.0704446000647427
0.0375380471949353,0.0543624146261203,0.0750707858524129
-0.0223284896840384,0.066504874358755,0.0712638774739986
-0.0262440911668355,0.0614293046542139,0.0744156449017481
-0.0155897582276182,0.0675125444682368,0.0721042008318836
-0.0192998546269908,0.0621979784710695,0.0758875950646616
-0.00846564344146703,0.0679052983138656,0.0729191562097212
-0.0124728810122017,0.0630432054766493,0.0766158044008231
-0.00169986099400009,0.068171078999125,0.0731424258512599
-0.00548881520254081,0.0632163040198006,0.0772888854473131
0.00480634678544595,0.0679740510776041,0.0731876178582603
0.00113390742776083,0.0631759709335651,0.0775081347417608
0.0108075173782691,0.0675053067945654,0.072981032613351
0.00760110143734635,0.0628111822241706,0.0774401616976098
0.0171318277021599,0.0675210807289126,0.0717454119493599
0.0143675748960386,0.062933649303077,0.0763736117786392
0.0237851811698003,0.0666074956138538,0.0706944600674846
0.0212615282089915,0.0622512658854173,0.0753175100069239
-0.0190757888498571,-0.0584023058192037,0.0789004750046379
-0.0108303698714674,-0.0587602331379155,0.0801868947560824
-0.00418750226544324,-0.0604548474529009,0.0795466922370109
0.00265060423623914,-0.0589486560795851,0.0807343188744647
0.00939401868741351,-0.0596380904663438,0.0797185710967815
0.0161368906867661,-0.0599132481804176,0.0784219577194271
0.0220445270408649,-0.0567128940163597,0.0793579641916575
-0.0274725943836136,-0.0492789502930574,0.0825641666597365
-0.025988679172708,-0.0554827207569027,0.0790332604197347
-0.0212685860296802,-0.0520666610232883,0.0826844003246633
-0.0153099024780001,-0.0546415316386294,0.0823402083221004
-0.00975930224864023,-0.0523466819551909,0.0846438474286976
-0.00417864294450172,-0.0555031918196191,0.0830778829827312
0.00177529055113575,-0.0530877301821461,0.0847262724813209
0.00831383717185244,-0.0544089940154653,0.0834897687240899
0.0151354482537475,-0.0550494065291237,0.0821004326759719
0.020776152181005,-0.0510495493404494,0.0834403680128094
0.0271827051016508,-0.0527178109521335,0.0805104524410781
0.0318565939135202,-0.0475642522570405,0.0819926785271349
-0.0394783721855627,-0.0429983109156629,0.0811948482786523
-0.0335385979134326,-0.046270401222341,0.0820622472330945
-0.0280427769268076,-0.0429887337356949,0.0858229074042113
-0.0218420456674934,-0.0459287720999956,0.0861015269017665
0.0256749525577257,-0.0465772198324597,0.0846838792444239
0.0304090991157254,-0.0414076920984086,0.0857944620920362
0.0367961011579109,-0.0426443750718881,0.0826287130212851
0.0428149857483554,-0.0435239263013623,0.0791993992054906
-0.04586891043542,-0.0330241592994294,0.0824951389952456
-0.0451946105332057,-0.0392642843637663,0.0800984591165012
-0.0399434686198037,-0.036423490715969,0.0841299509083996
-0.0341010462801452,-0.0398445389777605,0.0851441798127292
0.0352227706957405,-0.0366227058906678,0.0861285889592921
0.041665431188364,-0.0373752507431328,0.0828678615388983
0.0477755126244069,-0.0383584531243593,0.0790324583257904
0.0466145052645532,-0.0323583432237222,0.082340910386194
-0.0542830781598054,-0.023895399135817,0.0805130879172345
-0.0468970610680583,-0.0257992012079976,0.0844693250875844
-0.0409347270427737,-0.0296633333607967,0.0862811380126728
0.0506385798227005,-0.0261376952374425,0.082173932127481
0.0444798445346786,-0.0269767901381603,0.0854037248749505
0.0564055393546623,-0.0222486022312865,0.0795199020861865
-0.0580853664554386,-0.0178919424256336,0.0794101290765247
-0.0536906859701135,-0.0145670156250531,0.0830970053360781
-0.0510731122575342,-0.0198104156791344,0.083660532120199
0.0454710155014579,-0.0212026150635945,0.086503386429678
0.0514021577510769,-0.01909851655841,0.0836245468985237
0.0571831439895942,-0.0155767987746274,0.0805447166755489
-0.0588272235989195,-0.0104811269181504,0.0801841863697232
-0.0526478304493156,-0.00882847347215333,0.0845592337091015
0.0580996499698056,-0.00881584116961449,0.0809117520494153
0.052261420792253,-0.0120585548767396,0.0843998527983131
-0.0609984780390394,-0.00398486432147635,0.0791410546566097
-0.0562442642871661,-0.00343071182891094,0.0826124261271688
0.0581468111506193,-0.00154598517392135,0.081342229387184
0.053410110891338,-0.00522056240026501,0.0843807192587307
-0.058991561781654,0.00308522663042579,0.0806875270142284
-0.0530837142393776,0.00295648855458531,0.0846957995286315
0.0582888122092662,0.00519625722461292,0.0810889220667938
0.0528074790567228,0.00260453492435517,0.084879835972386
-0.0592143383854483,0.00963124898581699,0.0800056321278777
-0.0538983460206222,0.00894030126329365,0.0837558314994698
0.0585728529413361,0.0119889003055986,0.0801591365188077
0.0533829307367371,0.00973088839631962,0.0839974554149812
-0.0593738818281054,0.0161784677275378,0.0788225813899368
-0.0543516791046383,0.0154196064252324,0.0825113974909328
0.0584328415655407,0.0188227254949741,0.0789386345835196
0.0537880348036818,0.0169090272449257,0.0825889345580674
-0.0564381255695591,0.0221313753579176,0.0795294926773856
-0.0526711395390935,0.0271301522749831,0.0805587108764429
-0.0506046479690658,0.0206983271343376,0.0837302147271788
-0.0465214300845766,0.0255743544240784,0.0847449640898019
0.0503948856730635,0.0280785179497026,0.081682019592481
0.0498749021711656,0.0216982243985141,0.0839147257171573
0.0447760077157002,0.026194848265961,0.0854923333262405
0.0555793361954437,0.0244943344843468,0.0794415821029776
-0.0478592597964872,0.0318503033950841,0.0818232816792753
-0.0431911531741638,0.0368969030991214,0.0822991058793987
-0.0417355721303342,0.0304674395439618,0.0856147016919525
-0.0372281912293127,0.0355249205604524,0.0857440481773855
0.0500517307890664,0.0346336346166122,0.0793431509179293
0.0451736665320397,0.0329175327231529,0.0829202984154715
-0.0440324806032266,0.0428695409255983,0.078888168399313
-0.0379291233172665,0.0419105923330103,0.082491719913633
0.0432551581618457,0.0446789461663097,0.0783120875900208
0.0415724951362551,0.0380751155327188,0.0825954794511146
0.0370006660440706,0.0423490024883411,0.0826892538485933
0.0469328439662306,0.0400492177648631,0.0786979562269944
-0.0387873069584293,0.0479465094950111,0.0787189751235412
-0.0328285899607312,0.0469506800940037,0.0819629021028285
-0.0264794628817872,0.0510823790230878,0.0817889271197588
-0.027507658483687,0.044989947676567,0.084966071661283
-0.0216793109153994,0.0461630334077595,0.0860173344534179
0.0267843949847469,0.0508561383878763,0.0818306139221869
0.0251181440934622,0.0446927413539933,0.0858582419332428
0.0209459710706395,0.0494564889443281,0.0843523680603343
0.0329283658351188,0.0512642067231995,0.0792950429291005
0.0316099385670806,0.0458966543080886,0.0830319751997608
0.0381800468859581,0.0481015109754475,0.0789210280232083
-0.022439909843648,0.0567775242091721,0.0792007777016277
-0.0157204820811295,0.0575745533914707,0.0802373805922347
-0.0193227341007145,0.0519304101486543,0.0832458073964927
-0.00895589364444074,0.058276749281778,0.0807688830036153
-0.0122101313623764,0.0526768097888715,0.0841193580689654
-0.00185709454647603,0.0580636806287654,0.0813950870231872
-0.00526593837288733,0.0533833170117551,0.0843948538720913
0.0046352854538731,0.0577478028015592,0.081508928342299
0.00233937396423634,0.0524241585154632,0.0851248197238845
0.0112849840309651,0.0579446514885407,0.0807159618797588
0.00933336889691694,0.052653553904376,0.0845014288978719
0.0179450353274803,0.0581989879716595,0.0793149009114724
0.0164273064684491,0.0533724594637218,0.0829549526771759
0.0235962543520258,0.055891435857071,0.0794944286124934
-0.0155056223257234,-0.0485958958848809,0.0860117118822128
-0.00952071564891406,-0.0455960438598621,0.0884893030682764
-0.00433207408834949,-0.0492491993986715,0.0869238142996304
0.00111107061684056,-0.0469508723708927,0.0882857922041558
0.00743180055301167,-0.0487246603654975,0.0870096305858107
0.0140707943722004,-0.0497467334506189,0.0855995049982046
-0.0223395384556021,-0.0395757347712095,0.0890769680618231
-0.0159535220105681,-0.0424722813132979,0.089115601637471
-0.0098044232759812,-0.0392978396693534,0.0914305916079076
-0.0031866013850196,-0.0422616348335506,0.0905748297905171
0.00516677794829417,-0.0426206066014381,0.0903149395136694
0.0123405501973654,-0.0440552622549682,0.0889204402304965
0.0191288172441513,-0.0450152515341107,0.0872222189648307
0.0240500878861185,-0.0403683817432238,0.0882722324876073
-0.0347491414098639,-0.0331290476749092,0.0877209403262642
-0.0286039862623362,-0.0364698364047234,0.088610174373679
-0.0227071197267721,-0.0330716350959817,0.0916005112869742
-0.0163287759427649,-0.0361482509699879,0.0917969227554151
-0.0105085490258552,-0.032564729415234,0.0939633375140076
-0.00422484256818312,-0.0354579755802959,0.0934070804229277
0.00205714744249158,-0.0377515324312392,0.0925774807566155
0.0102917746656134,-0.0384733689134374,0.0917272002126426
0.0171432440782713,-0.0388147035604889,0.0905512449840144
0.0220104010233556,-0.0343577206091248,0.0912967101295264
0.0287117920064034,-0.0349182002254283,0.0891983872807611
0.0337600127936131,-0.0303161470766392,0.0891133702740685
0.0398598480310681,-0.0313178764954212,0.0861996701135321
-0.040661717915838,-0.0232319314456063,0.0883566752256036
-0.0349747913722979,-0.0265713727765899,0.0898372201097409
-0.029374601672301,-0.0230044989743557,0.0927789081841125
-0.0289196020844728,-0.0298725985765491,0.0909466022987973
0.019875786447643,-0.0289021731250968,0.0936462359217219
0.0266024602293862,-0.0283923509258688,0.0921204837100035
0.032319426512476,-0.0247228524665993,0.0913467855798517
0.0387920403378154,-0.0241920628182341,0.0889377405910626
-0.0473723863562055,-0.0131572557335135,0.087078950559495
-0.0456675158508653,-0.0194334515274865,0.0868148544802432
-0.0408731923750697,-0.015900658662001,0.0898696344669846
-0.0352456386360012,-0.0195236204703959,0.0915236209997361
0.0271674996792191,-0.0210414787977344,0.0939105059599825
0.0339874864618219,-0.0186125646849861,0.0921868927696239
0.0401903556949456,-0.0171531138643512,0.0899472400626923
0.0463325763371316,-0.0147419808337666,0.0873840166900442
-0.0463206927344144,-0.00663998447240956,0.0883759244952863
-0.0410538718840073,-0.00943275737773915,0.0906951084175456
-0.0351295646687314,-0.0124080640613761,0.092800612237321
0.0410226086880405,-0.0100930862838132,0.0906381552429202
0.0348228756982279,-0.0120964964973813,0.0929572057515327
0.0469715260671021,-0.00825185940876739,0.0878952931268995
-0.0506270528781699,-0.00267215588077642,0.0861960619716778
-0.0412578268523495,-0.00225939670122371,0.0910641908219461
-0.0354026963402554,-0.00532087670366899,0.0933720373602126
0.0420096676346851,-0.00286049244730633,0.0907028412333664
0.035774574478165,-0.00535914696964669,0.0932279966867458
0.0486976293030133,-0.00245729753718396,0.0873069446730919
-0.0463456809516765,0.00121782201894662,0.0886035821352434
-0.0413186447511028,0.00536118621169206,0.0909066954605765
-0.0360422844049926,0.00177755476504101,0.0932619645696833
0.0411377666350977,0.00558009065020413,0.0909755282642169
0.0368335357155014,0.00150742193997319,0.092957077867828
0.0459987002722697,0.00250877210468884,0.0887571159718346
-0.047820836044768,0.00741140371107522,0.0875113634652461
-0.0425428626750979,0.0118701750985741,0.0897173549397836
-0.035826363522068,0.00948572436755626,0.0928789142385668
0.0424609479155569,0.0122906877798085,0.089699536762583
0.0360539456444291,0.00994214192929401,0.0927430149135341
0.0478492108034148,0.0081068146545802,0.0874341613971151
-0.0487454613319168,0.0138723328218297,0.0862057908844705
-0.0445376758349844,0.0188079157289708,0.0875366079843976
-0.0383535875846585,0.0167311796575198,0.0908243907073663
0.0438906116003818,0.0193970879598903,0.0877346407789698
0.037885317367087,0.0172539938281558,0.090923057711815
0.0484097917522444,0.0147591000720548,0.0862476725978155
-0.0404437138817992,0.0239195100250362,0.0882732295092298
-0.0353667234218721,0.0290365879291817,0.088916092103104
-0.0345847634982093,0.0223145642538253,0.0911370087029292
-0.0288772664457044,0.0207109745026031,0.0934727715230728
0.033629202162946,0.0292907131264911,0.0895049210134991
0.0331690339764154,0.0227589854447979,0.0915524099449422
0.0277222564584424,0.0207811690194194,0.0938062871726059
0.0390257300379817,0.0243328261337211,0.0887969930020071
-0.0309950453625212,0.0342916922561326,0.0886757408010663
-0.0254928275308783,0.0331182975169415,0.0908476423236427
-0.0288998231650172,0.0272367681472239,0.0917766783075619
-0.0217871483658813,0.0281722703676927,0.0934432627174777
0.0291610517654182,0.0340356813818077,0.0893935425771714
0.0268903664916,0.02749022695303,0.0923103223577747
0.0227184106110745,0.0329446846982209,0.091643448047024
0.0355459184127456,0.0360417384161672,0.086240830099695
0.0396960819497221,0.031124826186894,0.0863450419733796
-0.0319193872816639,0.0402918781169999,0.0857771372407646
-0.0248394855266282,0.0395217817958809,0.0884365802254285
-0.0176984174062599,0.0411881536119837,0.0893884893210181
-0.0194403225200937,0.0350642617232423,0.0916109786564384
-0.0102096321642958,0.0417257048974,0.0903035379214405
-0.0128696975559948,0.0362929369148009,0.0922886429292342
-0.00293956543277787,0.0418687332932373,0.0907654566725117
-0.00544979188851635,0.0362944743320949,0.0930215614940753
0.00463646517308126,0.0405821763474172,0.0912775446213545
0.00104992835316488,0.0353701962105695,0.0935299249968027
0.0117849264302274,0.0414540764345994,0.0902367721895075
0.00890375046764937,0.035536980414856,0.0930475483330814
0.0184970859795773,0.0428220313083012,0.0884541205672832
0.0164033063948687,0.0360967086307069,0.0918039169437769
0.0235095550720451,0.0387372165562589,0.0891444270681499
0.0303482832197011,0.040153685531551,0.0864098561796217
-0.0150457620930053,0.0469619076151309,0.0869954267513828
-0.00856415336980967,0.0472894394234536,0.0876947215963534
-0.00281079113406974,0.0482810599880569,0.0875273597059018
0.00250861980916784,0.0460160044615834,0.0887481501737994
0.0080832209688531,0.0470236097241859,0.0878831136674539
0.0144884513552207,0.0476924419777425,0.0866920743505296
-0.0168539049164542,-0.0294663388727653,0.0940621111996385
-0.00464175945711261,-0.0285220885823758,0.0957337167979795
0.00134618157104794,-0.0309103249565817,0.0950933205131792
0.00734473174530999,-0.0336856407923344,0.0938686982935218
0.00818598144010338,-0.0277866591702399,0.0957125450488941
0.0143494097112763,-0.0325652638537801,0.0934537213348415
-0.0231832606987343,-0.0262923011785132,0.0936549588766106
-0.0172835367985435,-0.0226947691612337,0.0958448058472923
-0.0108354564563085,-0.0257562263366464,0.0960167156733698
-0.0043489121472836,-0.02186377025227,0.0974836525492425
0.00188963996405736,-0.0242456700219535,0.0969978182543672
0.00820184978403948,-0.0210763866339779,0.0974090118345673
0.014203914655419,-0.0253632362915648,0.095681529324939
0.0211510078409843,-0.0229052061642329,0.0950157165875959
-0.0294618864428088,-0.0159124632870998,0.0942273355135523
-0.0236422063791819,-0.0193670940834532,0.0952153440596175
-0.0179401746588493,-0.0158758831247993,0.0970881376256535
-0.0111458892210081,-0.0191692239554172,0.0975105635620022
-0.00499159518984634,-0.0154755634096014,0.0986690980748247
0.00201997558879722,-0.0170907797496071,0.0985079943262413
0.00961952267934757,-0.0147563267157948,0.0984363530626624
0.0153006808857481,-0.0187547680867775,0.0970265316270818
0.0217090038632413,-0.0160855706182211,0.0962807019588434
0.0282773667170194,-0.0143478870954302,0.0948394889626246
-0.0294507538978306,-0.00864023077262273,0.0951735231403854
-0.0237375028497601,-0.0120031718658825,0.0963973797598596
-0.0179701028069592,-0.00844105358961699,0.0980093057834427
-0.0123051750643923,-0.0126207721600529,0.0984342357990203
-0.0072251484171492,-0.00907999097970099,0.0993244732895675
-0.00071774933424139,-0.00974841666900896,0.0995211194060066
-0.0041221976659317,-0.00335556178368054,0.0998586385373562
0.00500250374003787,-0.0104026441059565,0.099331565740702
0.0103976893284704,-0.00716109948582475,0.0991998322145469
0.015988162363071,-0.0115560265189989,0.0980348760157915
0.0225703716994794,-0.00933227835503386,0.096971577806502
0.0291153954771994,-0.00766670838429788,0.0953599251672644
-0.0295206197020465,-0.00158024004975072,0.0955302876226061
-0.0236428163957611,-0.00443149621638218,0.0970637886836616
-0.0177032767966383,-0.000985648261479007,0.0984155601963294
-0.00994998394273242,0.00108365981033882,0.0994978567671707
-0.012085226912952,-0.00493249299029971,0.0991444290082216
0.0168904675856892,-0.00430764231836131,0.0984690627660833
0.00336825525265074,-0.00316151899963564,0.0998932412842988
0.0233252646509111,-0.00252642958104618,0.0972087916996805
0.0301276535321954,-0.00118823070397586,0.0953462773360732
-0.0306181066002882,0.00475283769825512,0.0950786100207719
-0.0235459860645762,0.00318361956972676,0.0971362502195938
-0.0156878191668995,0.00519149999274757,0.0986252536495897
-0.00235652759371178,0.00260618938285503,0.0999382537103652
0.0175326836287669,0.00289083992003173,0.0984085771160398
0.0104898995693884,-0.000702584386769265,0.099445806247496
0.0247810329497398,0.00387810990243278,0.0968032058862321
0.0317943374383034,0.00516030842939173,0.09467043531994
-0.0278709519453923,0.0097295634614497,0.0955434227685951
-0.0207657112336839,0.00967444558299385,0.0973405893759666
-0.0135162486689894,0.0116668270442038,0.0983930697126612
-0.00796529383275313,0.00734706936676681,0.0994111395453614
0.0143776240155969,0.0105420989701491,0.098397906869276
0.0109386450412976,0.0056550990813107,0.0992389333866626
0.0208802934076041,0.00940909323831347,0.0973420891098517
0.0281890735225714,0.0101272354732331,0.0954086748394795
-0.0321803599395293,0.0150043323097897,0.0934841935626577
-0.0248510421045217,0.0154311924736715,0.0956258542762963
-0.0182718610349545,0.0165718170801806,0.0969098239237423
-0.0113297175887655,0.0184706998234464,0.0976241299494574
-0.00642122885412585,0.0140066108752961,0.0988057825733323
5.87841975933058e-05,0.0159934161409747,0.0987127508775622
-0.000630751461046766,0.00927740033650197,0.0995667213183318
0.00562808698041779,0.0183466149131163,0.0981413590646605
0.00439605738027291,0.00393518500855931,0.0998257932452099
0.0115728743637375,0.0168679110237422,0.0978853520909607
0.00645518335440731,0.0112570729177538,0.0991544699796708
0.0182287905974299,0.0165299358451049,0.0969250866076481
0.0244609448125664,0.0154574876654415,0.0957221408864225
0.0319185819819022,0.0154167167686341,0.0935068391600585
-0.0228695971345863,0.0221868984876035,0.0947877790717299
-0.0162128661490611,0.0232761844307414,0.095892451257859
-0.00939915198408129,0.0252062053090103,0.0963135668383043
-0.00445009911425833,0.0212985785259714,0.0976041350040855
0.00157560817196749,0.0237767544178095,0.0971194285756364
0.00871150934799579,0.0242922603767303,0.0966126062770143
0.0149909417971626,0.0230451639425385,0.0961467216472733
0.0216866517985787,0.0226565338142755,0.0949545713011597
-0.0153115804097903,0.0297509133035438,0.0942360794148734
-0.00873671997447972,0.0312313017436704,0.0945953250264998
-0.00253261390487693,0.0290599197552228,0.0956509640802142
0.00490983177444235,0.0299880028317291,0.0952712613449461
0.0124837416506375,0.0300956086820326,0.0945431675649744
0.0189628503911087,0.0287460181637853,0.0938833145173074
